uri,author_handle,author_name,text,created_at,indexed_at,reply_count,repost_count,like_count,quote_count,bookmark_count,in_reply_to,in_reply_root,quotes
at://did:plc:bmrap76m3sje4l2ydpnlns6b/app.bsky.feed.post/3ldgy6y2ay22k,justicaglobal.bsky.social,Justiça Global,"Confira alguns dos números no carrossel e a pesquisa completa no sites justicaglobal.org.br.

#ViolênciaPolítica

#Eleições2024",2024-12-16T18:42:03Z,2024-12-16T18:42:22Z,0,0,2,0,0,at://did:plc:bmrap76m3sje4l2ydpnlns6b/app.bsky.feed.post/3ldgy6ux44s2k,at://did:plc:bmrap76m3sje4l2ydpnlns6b/app.bsky.feed.post/3ldgy6qalps2k,NA
at://did:plc:dquljpo3plckmqmsu2rglev2/app.bsky.feed.post/3lc3huu2dkc2n,sorinmercio.bsky.social,Mercio Querido,"URUBU FRIDAY!!!

#RESERVAINK + #URUBUVERSO

#fla #mengo #flamengo #crf #maisquerido #vamosflamengo #futebol #futebolbrasileiro #torcidas #torcidadoflamengo #naçãorubronegra #filipeluis #gabigol #dunshee #bap #eleições2024

reserva.ink/urubuverso/c...",2024-11-29T11:25:43Z,2024-11-29T11:25:47Z,0,0,0,0,0,at://did:plc:dquljpo3plckmqmsu2rglev2/app.bsky.feed.post/3lc3hsrklns2n,at://did:plc:dquljpo3plckmqmsu2rglev2/app.bsky.feed.post/3lc3hsrklns2n,NA
at://did:plc:dquljpo3plckmqmsu2rglev2/app.bsky.feed.post/3lc3hqpf5ts2n,sorinmercio.bsky.social,Mercio Querido,"URUBU FRIDAY!!!

#RESERVAINK + #URUBUVERSO

#fla #mengo #flamengo #crf #maisquerido #vamosflamengo #futebol #futebolbrasileiro #torcidas #torcidadoflamengo #naçãorubronegra #filipeluis #gabigol #dunshee #bap #eleições2024

reserva.ink/urubuverso/c...",2024-11-29T11:23:24Z,2024-11-29T11:23:29Z,0,0,0,0,0,at://did:plc:dquljpo3plckmqmsu2rglev2/app.bsky.feed.post/3lc3hoobacc2n,at://did:plc:dquljpo3plckmqmsu2rglev2/app.bsky.feed.post/3lc3hoobacc2n,NA
at://did:plc:moxr5wj3u5rwf25vgcemftvp/app.bsky.feed.post/3lbcbrzrs3s2h,mbf.net.br,Mateus BF,📌 #eleições2024,2024-11-19T11:00:12Z,2024-11-19T11:00:14Z,0,0,0,0,0,at://did:plc:2ltkdzviaz3swp3llbdakfj3/app.bsky.feed.post/3lbarv4bsvc2w,at://did:plc:2ltkdzviaz3swp3llbdakfj3/app.bsky.feed.post/3lbarv4bsvc2w,NA
at://did:plc:moxr5wj3u5rwf25vgcemftvp/app.bsky.feed.post/3lapbbugmap2m,mbf.net.br,Mateus BF,📌 #eleições2024,2024-11-11T21:30:33Z,2024-11-11T21:30:35Z,0,0,1,0,0,at://did:plc:euceh47olrgwb4s2ohex5fxs/app.bsky.feed.post/3lap4dlo46u2z,at://did:plc:euceh47olrgwb4s2ohex5fxs/app.bsky.feed.post/3lap4dlo46u2z,NA
at://did:plc:cgayyue65b4x2sadtpchsfnm/app.bsky.feed.post/3lafrf55pkj24,gabrielittoa.bsky.social,Gabriel Albuquerque🏳️‍🌈🇧🇷,"se emponderar e libertar c um, ""eu como qd e qm quiser"". Depois reclamam da toxicidade, violência, mas são machistas tb viu #Eleições2024",2024-11-08T02:52:08Z,2024-11-08T02:52:07Z,0,0,1,0,0,at://did:plc:cgayyue65b4x2sadtpchsfnm/app.bsky.feed.post/3lafregj37h25,at://did:plc:cgayyue65b4x2sadtpchsfnm/app.bsky.feed.post/3lafregj37h25,NA
at://did:plc:moxr5wj3u5rwf25vgcemftvp/app.bsky.feed.post/3l7xuhvnlej2i,mbf.net.br,Mateus BF,"[ #eleições2024: BALANÇO FINAL E A CONSOLIDAÇÃO DA ONDA]

Se democracia forte não pode prescindir de alternância, e se os partidos buscam hegemonia, como fecha essa conta?

No último texto da série Voto a Voto, o diagnóstico é de estabilidade
Mas o prognóstico é de instabilidade🫨
Como pode?

LEIÃO👇",2024-11-02T14:10:04Z,2024-11-02T14:10:05Z,0,0,0,0,0,at://did:plc:moxr5wj3u5rwf25vgcemftvp/app.bsky.feed.post/3l6uq3okmz725,at://did:plc:moxr5wj3u5rwf25vgcemftvp/app.bsky.feed.post/3l6uq3okmz725,at://did:plc:2y4s27tvlr4evc3wrsefnl2o/app.bsky.feed.post/3l7w6nflb4p2f
at://did:plc:ox4irodwjcp3xyc6wbxxshig/app.bsky.feed.post/3l7tk4zkix42w,votelgbt.org,VoteLGBT,"Marque aqui as lideranças LGBT+ eleitas da sua cidade?

Esse é só o começo! 🚀

Vídeo por: @votelgbt 

#Eleições2024 #VoteLGBT #Representatividade #LiderançasLGBT+ #Política",2024-10-31T20:54:23Z,2024-10-31T20:54:23Z,0,0,0,0,0,at://did:plc:ox4irodwjcp3xyc6wbxxshig/app.bsky.feed.post/3l7tk4gck3l2c,at://did:plc:ox4irodwjcp3xyc6wbxxshig/app.bsky.feed.post/3l7tk324rpm2o,NA
at://did:plc:b6xtxubgh56ze6bur4n57nw4/app.bsky.feed.post/3l7nz2ylfp32y,jumacosta.bsky.social,Juma Costa,m.youtube.com/watch?v=oYfO...,2024-10-29T16:05:49Z,2024-10-29T16:05:43Z,0,0,0,0,0,at://did:plc:izx6qs5a2frrykxzttfh5tgf/app.bsky.feed.post/3l7npxi547l2z,at://did:plc:izx6qs5a2frrykxzttfh5tgf/app.bsky.feed.post/3l7npxi547l2z,NA
at://did:plc:moxr5wj3u5rwf25vgcemftvp/app.bsky.feed.post/3l7meki7ar72q,mbf.net.br,Mateus BF,"[ #eleições2024: E O PT, HEIN?]

Não gostou da análise do Padilha👆?

Gleisi Hoffmann é sua justiceira👇
🗣️""Pagamos o preço de estar num governo de ampla coalizão. (...) Padilha devia focar nas articulações políticas do governo, de sua responsabilidade, que ajudaram a chegar a esses resultados""

Habla!",2024-10-29T00:25:53Z,2024-10-29T00:25:53Z,0,0,4,0,0,at://did:plc:moxr5wj3u5rwf25vgcemftvp/app.bsky.feed.post/3l7m62qhpbw2z,at://did:plc:moxr5wj3u5rwf25vgcemftvp/app.bsky.feed.post/3l7l3iphj572a,NA
at://did:plc:moxr5wj3u5rwf25vgcemftvp/app.bsky.feed.post/3l7m62qhpbw2z,mbf.net.br,Mateus BF,"[ #eleições2024: E O PT, HEIN?]

@padilhando.bsky.social, secretário de Relações Institucionais do governo, faz balanço do desempenho do PT nas eleições municipais
🗣️ Pra ele, apesar de ter melhorado em relação a 2020, o PT segue na ""zona de rebaixamento""

Ouça, com sinfonia de cigarras ao fundo😅👇",2024-10-28T22:29:42Z,2024-10-28T22:29:42Z,2,0,2,0,0,at://did:plc:moxr5wj3u5rwf25vgcemftvp/app.bsky.feed.post/3l7lmtztxvs2b,at://did:plc:moxr5wj3u5rwf25vgcemftvp/app.bsky.feed.post/3l7l3iphj572a,NA
at://did:plc:2sa4diyls6vh4axxxscmzb4a/app.bsky.feed.post/3l7m2bhmb5f27,ofernandolobo.bsky.social,Fernando Lobo 1️⃣3️⃣,"📌 Goiânia - 2º turno
Sandro Mabel (União Brasil): 353.518 votos
Abstenção: 352.393
Nulos: 27.080
Em branco: 14.229
Total de “não voto”: 393.702

#GloboNews
#Eleicoes2024",2024-10-28T21:21:54Z,2024-10-28T21:21:54Z,0,0,0,0,0,at://did:plc:2sa4diyls6vh4axxxscmzb4a/app.bsky.feed.post/3l7m27x5u7v2y,at://did:plc:2sa4diyls6vh4axxxscmzb4a/app.bsky.feed.post/3l7m23jii6k2m,NA
at://did:plc:moxr5wj3u5rwf25vgcemftvp/app.bsky.feed.post/3l7lmtztxvs2b,mbf.net.br,Mateus BF,"[ #eleições2024: E O PT, HEIN?]

UF 🟰 # Prefeituras PT / # Municípios

AC🟰1/22
AL🟰1/102
AP🟰0/16
AM🟰2/62
BA🟰49/417
CE🟰46/184
ES🟰0/78
GO🟰3/246
MA🟰2/217
MT🟰0/142
MS🟰0/79
MG🟰34/853
PA🟰2/144
PB🟰1/223
PR🟰3/399
PE🟰7/184
PI🟰50/224
RJ🟰3/92
RN🟰7/167
RS🟰21/497
RO🟰0/52
RR🟰0/52
SE🟰7/295
SP🟰4/645
SE🟰6/75
TO🟰3/139",2024-10-28T17:21:44Z,2024-10-28T17:21:44Z,1,0,3,0,0,at://did:plc:moxr5wj3u5rwf25vgcemftvp/app.bsky.feed.post/3l7l3iphj572a,at://did:plc:moxr5wj3u5rwf25vgcemftvp/app.bsky.feed.post/3l7l3iphj572a,NA
at://did:plc:moxr5wj3u5rwf25vgcemftvp/app.bsky.feed.post/3l7k6m3bitn2m,mbf.net.br,Mateus BF,"[ #eleições2024: E O PSOL COM ISSO?]

Além de ter crescido 7,2% na votação entre 2020 e 2024, a Composição da Coligação do Boulos em Essepê (PSOL, REDE, PT, PCdoB, PV, PDT) não tá podendo cobrar muito não

No G103 (grupo das 103 cidades ≥200 mil eleitores) temos
PSOL=0
REDE=0
PT=6
PCdoB=0
PV=0
PDT=2",2024-10-28T03:34:05Z,2024-10-28T03:34:05Z,0,0,1,0,0,at://did:plc:moxr5wj3u5rwf25vgcemftvp/app.bsky.feed.post/3l7k5wkpy2u2o,at://did:plc:moxr5wj3u5rwf25vgcemftvp/app.bsky.feed.post/3l7jpiz4wdn24,at://did:plc:2y4s27tvlr4evc3wrsefnl2o/app.bsky.feed.post/3l7jw5kxjpl24
at://did:plc:moxr5wj3u5rwf25vgcemftvp/app.bsky.feed.post/3l7k5wkpy2u2o,mbf.net.br,Mateus BF,"[ #eleições2024: E PAULISTANOS COM ISSO?]

🎉 1 fator importante de Boulos em Essepê:
Boulos conquistou 2.323.901 votos pro PSOL em 2024 = são 155 mil votos a mais q os 2.168.109 votos no 2º turno de 2020

Pq é importante?

pq NINGUÉM foi melhor e pq o PSOL não vai governar NENHUMA cidade em 2025
👇",2024-10-28T03:22:03Z,2024-10-28T03:22:03Z,1,0,1,0,0,at://did:plc:moxr5wj3u5rwf25vgcemftvp/app.bsky.feed.post/3l7k4pmaeii2z,at://did:plc:moxr5wj3u5rwf25vgcemftvp/app.bsky.feed.post/3l7jpiz4wdn24,at://did:plc:2y4s27tvlr4evc3wrsefnl2o/app.bsky.feed.post/3l7jxp56wen2s
at://did:plc:moxr5wj3u5rwf25vgcemftvp/app.bsky.feed.post/3l7k4pmaeii2z,mbf.net.br,Mateus BF,"[ #eleições2024: VOTO É OBRIGATÓRIO?]

prof. Cervi analisa os votos anulados (quem compareceu mas não votou em ninguém) em relação às abstenções (quem nem foi votar)👇

Há certo contrapeso entre os 2 e, na média, é ≈20%

O q mostra q o caso de Essepê é sim preocupante: ≈10% a mais q a média nacional",2024-10-28T03:00:16Z,2024-10-28T03:00:16Z,1,0,0,0,0,at://did:plc:moxr5wj3u5rwf25vgcemftvp/app.bsky.feed.post/3l7jpiz4wdn24,at://did:plc:moxr5wj3u5rwf25vgcemftvp/app.bsky.feed.post/3l7jpiz4wdn24,at://did:plc:2ppkrzvnwl4nvmwe62mfri53/app.bsky.feed.post/3l7jc62tzng2i
at://did:plc:moxr5wj3u5rwf25vgcemftvp/app.bsky.feed.post/3l7k3fvndo72d,mbf.net.br,Mateus BF,📌 #eleições2024,2024-10-28T02:36:57Z,2024-10-28T02:36:57Z,0,0,0,0,0,at://did:plc:r4dmckkzx37f7omc4kbuhd7j/app.bsky.feed.post/3l6i2de3cz427,at://did:plc:r4dmckkzx37f7omc4kbuhd7j/app.bsky.feed.post/3l6i2de3cz427,NA
at://did:plc:moxr5wj3u5rwf25vgcemftvp/app.bsky.feed.post/3l7k2pwgv5n2m,mbf.net.br,Mateus BF,📌 #eleições2024,2024-10-28T02:24:39Z,2024-10-28T02:24:39Z,0,0,0,0,0,at://did:plc:2y4s27tvlr4evc3wrsefnl2o/app.bsky.feed.post/3l7jrnhakfh23,at://did:plc:2y4s27tvlr4evc3wrsefnl2o/app.bsky.feed.post/3l7jrnhakfh23,NA
at://did:plc:2sa4diyls6vh4axxxscmzb4a/app.bsky.feed.post/3l7jyfdix7y2x,ofernandolobo.bsky.social,Fernando Lobo 1️⃣3️⃣,"Isso já será o início para voltarmos a dialogar com o povão. Inacreditável, que nessas duas cidades, não conseguimos passar p/a população os verdadeiros culpados da enchente e do apagão. Surreal!!! Quem não se comunica, se trumbica, já dizia o saudoso Velho Guerreiro!
#Eleicoes2024
#PortoAlegre
#SP",2024-10-28T01:42:57Z,2024-10-28T01:42:57Z,0,0,0,0,0,at://did:plc:2sa4diyls6vh4axxxscmzb4a/app.bsky.feed.post/3l7jyc7flr726,at://did:plc:2sa4diyls6vh4axxxscmzb4a/app.bsky.feed.post/3l7jy5ufh7q2y,NA
at://did:plc:moxr5wj3u5rwf25vgcemftvp/app.bsky.feed.post/3l7jwowq6pl25,mbf.net.br,Mateus BF,"[ #eleições2024: E O 🇺🇾URUGUAI, HEIN?]

Uruguai deve ter 2º turno entre
🔴Yamandú Orsi, da Frente Ampla (coalizão de centro+esquerda)
🔵Álvaro Delgado, do Partido Nacional (governista, de centro-direita)

🧉Resultados Oficiales👇
(2 milhões de votos e, até agora, ≈6% das urnas apuradas...haja paciência)",2024-10-28T01:12:31Z,2024-10-28T01:12:31Z,0,0,2,0,0,at://did:plc:moxr5wj3u5rwf25vgcemftvp/app.bsky.feed.post/3l7g5k34unt25,at://did:plc:moxr5wj3u5rwf25vgcemftvp/app.bsky.feed.post/3l7g5k34unt25,NA
at://did:plc:moxr5wj3u5rwf25vgcemftvp/app.bsky.feed.post/3l7jvl6ait42z,mbf.net.br,Mateus BF,"[ #eleições2024: CUIABRASA+CUIABALA]

🗳️1° TURNO
🔵Abílio/PL: 39,6% (126.944 votos)
🔴Lúdio/PT: 28,3% (90.719 votos)

🗳️RESULTADO FINAL
✔️Abílio/PL: 53,8% (171.324 votos)
❌Lúdio/PT: 46,2% (147.127 votos) 

Cuiabá elegeu prefeito supremacista branco e livrou o Congresso de um ogronegacionista

PT cresceu",2024-10-28T00:52:31Z,2024-10-28T00:52:31Z,0,1,4,0,0,at://did:plc:moxr5wj3u5rwf25vgcemftvp/app.bsky.feed.post/3l5uwksqcpj2l,at://did:plc:moxr5wj3u5rwf25vgcemftvp/app.bsky.feed.post/3l34zmwwsy52c,NA
at://did:plc:7wigizugesipsldxnzua4t4e/app.bsky.feed.post/3l7josjabrc2w,gledesmarques.bsky.social,Gledes Marques,"Resultado q só surpreende a #esquerda radical, q na vdd elegeu o Nunes no 1º turno quando votou no #boulos ao invés de na Tabata, acreditando q ganhariam, mesmo ele sendo o 2º + rejeitado.
Nulos, brancos e abstinência (no qual me incluo) o percentual foi maior q o dele. 
#sp #eleições2024 #euavisei",2024-10-27T22:51:22Z,2024-10-27T22:51:22Z,0,0,0,0,0,at://did:plc:cvo4cqyy7qdx2yg4gxyswp7d/app.bsky.feed.post/3l7jl2dnoy32m,at://did:plc:cvo4cqyy7qdx2yg4gxyswp7d/app.bsky.feed.post/3l7jl2dnoy32m,NA
at://did:plc:7wigizugesipsldxnzua4t4e/app.bsky.feed.post/3l7jorp7wwi2y,gledesmarques.bsky.social,Gledes Marques,"Resultado q só surpreende a #esquerda radical, q na vdd elegeu o Nunes no 1º turno quando votou no #boulos ao invés de na Tabata, acreditando q ganhariam, mesmo ele sendo o 2º + rejeitado.
Nulos, brancos e abstinência (no qual me incluo) o percentual foi maior q o dele. 
#sp #eleições2024 #euavisei",2024-10-27T22:50:55Z,2024-10-27T22:50:55Z,0,0,0,0,0,at://did:plc:aduoxavv4nlceto54tgu3fjr/app.bsky.feed.post/3l7jldubhos27,at://did:plc:aduoxavv4nlceto54tgu3fjr/app.bsky.feed.post/3l7jldubhos27,NA
at://did:plc:7wigizugesipsldxnzua4t4e/app.bsky.feed.post/3l7joot2lol2g,gledesmarques.bsky.social,Gledes Marques,"Resultado q só surpreende a #esquerda radical, q na vdd elegeu o Nunes no 1º turno quando votou no #boulos ao invés de na Tabata, acreditando q ganhariam, mesmo ele sendo o 2º + rejeitado.
Nulos, brancos e abstinência (no qual me incluo) o percentual foi maior q o dele. 
#sp #eleições2024 #euavisei",2024-10-27T22:49:18Z,2024-10-27T22:49:18Z,0,0,0,0,0,at://did:plc:aduoxavv4nlceto54tgu3fjr/app.bsky.feed.post/3l7jn2ljoj52t,at://did:plc:aduoxavv4nlceto54tgu3fjr/app.bsky.feed.post/3l7jn2ljoj52t,NA
at://did:plc:7wigizugesipsldxnzua4t4e/app.bsky.feed.post/3l7jonao4gm2b,gledesmarques.bsky.social,Gledes Marques,"Resultado q só surpreende a #esquerda radical, q na vdd elegeu o Nunes no 1º turno quando votou no #boulos ao invés de na Tabata, acreditando q ganhariam, mesmo ele sendo o 2º + rejeitado.
Nulos, brancos e abstinência (no qual me incluo) o percentual foi maior q o dele. 
#sp #eleições2024 #euavisei",2024-10-27T22:48:25Z,2024-10-27T22:48:25Z,0,0,0,0,0,at://did:plc:cvo4cqyy7qdx2yg4gxyswp7d/app.bsky.feed.post/3l7jnbulwb52l,at://did:plc:cvo4cqyy7qdx2yg4gxyswp7d/app.bsky.feed.post/3l7jnbulwb52l,NA
at://did:plc:7wigizugesipsldxnzua4t4e/app.bsky.feed.post/3l7jolfpeqv2t,gledesmarques.bsky.social,Gledes Marques,"Resultado q só surpreende a #esquerda radical, q na vdd elegeu o Nunes no 1º turno quando votou no #boulos ao invés de na Tabata, acreditando q ganhariam, mesmo ele sendo o 2º + rejeitado.
Nulos, brancos e abstinência (no qual me incluo) o percentual foi maior q o dele. 
#sp #eleições2024 #euavisei",2024-10-27T22:47:23Z,2024-10-27T22:47:23Z,1,0,2,0,0,at://did:plc:aduoxavv4nlceto54tgu3fjr/app.bsky.feed.post/3l7johbfphk2q,at://did:plc:aduoxavv4nlceto54tgu3fjr/app.bsky.feed.post/3l7johbfphk2q,NA
at://did:plc:lwsqkrhf26nroh42jpkt2kx2/app.bsky.feed.post/3l7jnkq7bxl2i,tvcamaradeputados.bsky.social,tvcamaradeputados,"#AoVivo | A presidente do TSE, Ministra Cármen Lúcia, faz agora, um balanço deste segundo turno das #Eleições2024. 
Assista aqui: ▶️ youtu.be/yS8CgH2wO6k
 
#EleiçõesMunicipais #RedeLegislativa #TVSenado #TVCâmara #RádioSenado",2024-10-27T22:29:07Z,2024-10-27T22:29:07Z,0,0,0,0,0,at://did:plc:lwsqkrhf26nroh42jpkt2kx2/app.bsky.feed.post/3l7jfjerdjs2m,at://did:plc:lwsqkrhf26nroh42jpkt2kx2/app.bsky.feed.post/3l7jfjerdjs2m,NA
at://did:plc:vsjyrw6esslcvq2acnhc2pey/app.bsky.feed.post/3l7jnidku4u2r,uaiteve.bsky.social,Douglas Pereira,"🇧🇷 BELO HORIZONTE (2º TURNO): 100,00% das urnas apuradas.

🔵 Fuad Noman (PSD): 53,73% - REELEITO 🚨
🟢 Bruno Engler (PL): 46,27%

#Eleições2024",2024-10-27T22:27:49Z,2024-10-27T22:27:47Z,0,0,0,0,0,at://did:plc:vsjyrw6esslcvq2acnhc2pey/app.bsky.feed.post/3l7jlolnqtm2e,at://did:plc:vsjyrw6esslcvq2acnhc2pey/app.bsky.feed.post/3l7jfoiibaz2z,NA
at://did:plc:lqj4kavwhuhsgorywhgcalq3/app.bsky.feed.post/3l7jlfsuhj62u,showsaovivo.bsky.social,Shows Ao Vivo,Eleições Municipais 2024: Ricardo Nunes (MDB) foi reeleito em São Paulo. #Eleições2024,2024-10-27T21:50:34Z,2024-10-27T21:50:34Z,0,0,1,1,0,at://did:plc:lqj4kavwhuhsgorywhgcalq3/app.bsky.feed.post/3l5uznlwde223,at://did:plc:lqj4kavwhuhsgorywhgcalq3/app.bsky.feed.post/3l5uznlwde223,NA
at://did:plc:sn7b23h46p4l3hkhm6mwpwzm/app.bsky.feed.post/3l7jl7k7cuz2c,carlosgeovane.bsky.social,‏️#ϾG 🦋 ‏️»,"Que boa ideia se abster de votar, e jogar a decisão nas mãos dos outros. 
#Eleições2024",2024-10-27T21:48:30Z,2024-10-27T21:47:05Z,0,1,3,0,0,at://did:plc:sn7b23h46p4l3hkhm6mwpwzm/app.bsky.feed.post/3l7jl5whs3e23,at://did:plc:sn7b23h46p4l3hkhm6mwpwzm/app.bsky.feed.post/3l7jl5whs3e23,NA
at://did:plc:36yhifnqbmpwtugvc2x4wsub/app.bsky.feed.post/3l7jkrhv5h22n,midiaam.bsky.social,Mídia_AM,"#Manaus: o desempenho dos candidatos no 2º turno:

David Almeida (Avante) venceu em 11 zonas eleitorais e tomou a Zona 1 (Adrianópolis, Centro, Vieiralves) de Alberto Neto;

Alberto Neto (PL) venceu em 2 zonas (Aleixo, Parque Dez e Cidade Nova).

Fontes: TSE, TRE-AM
Mapa: G1 Amazonas. 
#Eleições2024",2024-10-27T21:39:12Z,2024-10-27T21:39:12Z,0,0,0,0,0,at://did:plc:36yhifnqbmpwtugvc2x4wsub/app.bsky.feed.post/3l5uwjbf3it2l,at://did:plc:36yhifnqbmpwtugvc2x4wsub/app.bsky.feed.post/3l5uwjbf3it2l,NA
at://did:plc:ra457ddxqt2tmvavpkkoiadz/app.bsky.feed.post/3l7jjy6xtuv2r,feliprevedello.bsky.social,Felipe Prevedello,"No interior e rincões do Brasil, onde não há nem 1G de Rede Móvel, é a TV que manda na opinião pública e nem o Lula possui boa vontade dessa imprensa pusilânime.

Imagina os demais políticos de esquerda.

#Eleições2024",2024-10-27T21:25:03Z,2024-10-27T21:25:03Z,0,0,0,0,0,at://did:plc:ra457ddxqt2tmvavpkkoiadz/app.bsky.feed.post/3l7jjxdkoth2e,at://did:plc:ra457ddxqt2tmvavpkkoiadz/app.bsky.feed.post/3l7jjtl2q6d2j,NA
at://did:plc:ra457ddxqt2tmvavpkkoiadz/app.bsky.feed.post/3l7jjq47h6w2g,feliprevedello.bsky.social,Felipe Prevedello,"Era só o que faltava, hein...

#Eleições2024",2024-10-27T21:20:32Z,2024-10-27T21:20:32Z,0,0,0,0,0,at://did:plc:64tcgmwmwn6ko2fafcmvuocc/app.bsky.feed.post/3l7jjji6aez2j,at://did:plc:64tcgmwmwn6ko2fafcmvuocc/app.bsky.feed.post/3l7jjji6aez2j,NA
at://did:plc:ra457ddxqt2tmvavpkkoiadz/app.bsky.feed.post/3l7jjndzkaa2c,feliprevedello.bsky.social,Felipe Prevedello,"Se a escola, a vida acadêmica, os pais e familiares não contribuíram para uma boa compreensão sociológica e antropológica que se busque em livros, museus, cinemas, teatros, músicas, nas artes em geral.

#Eleições2024
#BoulosPrefeito50
#ElóiPietá77Prefeito",2024-10-27T21:19:00Z,2024-10-27T21:19:00Z,1,0,2,0,0,at://did:plc:ra457ddxqt2tmvavpkkoiadz/app.bsky.feed.post/3l7jjjuk47g2g,at://did:plc:ra457ddxqt2tmvavpkkoiadz/app.bsky.feed.post/3l7jjjuk47g2g,NA
at://did:plc:ummmqekx2ond2dsqfkvpmcda/app.bsky.feed.post/3l7j2bjwlci22,hypolito.bsky.social,HYPOLITO MARTINEZ JR,#Eleições2024 Essa é a #democracia?,2024-10-27T16:43:56Z,2024-10-27T16:43:56Z,0,0,0,0,0,at://did:plc:a5o5pa6imrd52s627zq63zgz/app.bsky.feed.post/3l7ggtokeeo2r,at://did:plc:a5o5pa6imrd52s627zq63zgz/app.bsky.feed.post/3l7ggtokeeo2r,NA
at://did:plc:b6xtxubgh56ze6bur4n57nw4/app.bsky.feed.post/3l7ixqxuckx2o,jumacosta.bsky.social,Juma Costa,"m.youtube.com/watch?v=NiWX...

#BoulosPrefeito50
#Eleicoes2024
#Sampa
#Boulos50
#SaoPaulo",2024-10-27T15:59:00Z,2024-10-27T15:58:55Z,0,0,1,0,0,at://did:plc:2tzhtosg4r3vtknxectnhode/app.bsky.feed.post/3l7iwglmace2x,at://did:plc:2tzhtosg4r3vtknxectnhode/app.bsky.feed.post/3l7iwglmace2x,NA
at://did:plc:yt5ca4kwokkeesqoewkl6s47/app.bsky.feed.post/3l7ivvbwnmy2q,alanvictor.bsky.social,Alan Victor 🇧🇷,"Porém ele fez exatamente o contrário, esse e outros erros farão com que Boulos não tenha êxito hoje.
Boulos terá que se agarrar ao terço e rezar muito para que a virada histórica aconteça.
Eu ainda acredito nessa virada, porém vejo que é inviável no momento

➡️ #Eleicoes2024",2024-10-27T15:22:21Z,2024-10-27T15:22:21Z,0,0,1,0,0,at://did:plc:yt5ca4kwokkeesqoewkl6s47/app.bsky.feed.post/3l7ivuaiysz2a,at://did:plc:yt5ca4kwokkeesqoewkl6s47/app.bsky.feed.post/3l7ivuaiysz2a,NA
at://did:plc:b6xtxubgh56ze6bur4n57nw4/app.bsky.feed.post/3l7ilcyjwio2o,jumacosta.bsky.social,Juma Costa,"#eleicoes2024
#Sampa
#SP
#Boulos50
#BoulosPrefeito50",2024-10-27T12:16:26Z,2024-10-27T12:16:20Z,0,0,1,0,0,at://did:plc:6iwfq5klg5sc2hywfaimfk3r/app.bsky.feed.post/3l7c3suunvv2t,at://did:plc:6iwfq5klg5sc2hywfaimfk3r/app.bsky.feed.post/3l7c3suunvv2t,NA
at://did:plc:sn7b23h46p4l3hkhm6mwpwzm/app.bsky.feed.post/3l7hb6q3uej2x,carlosgeovane.bsky.social,‏️#ϾG 🦋 ‏️»,"BH - Datafolha 
#JN #Eleições2024",2024-10-26T23:43:45Z,2024-10-26T23:42:21Z,0,0,0,0,0,at://did:plc:sn7b23h46p4l3hkhm6mwpwzm/app.bsky.feed.post/3l7hb4rr4sj23,at://did:plc:sn7b23h46p4l3hkhm6mwpwzm/app.bsky.feed.post/3l7hb4rr4sj23,NA
at://did:plc:sn7b23h46p4l3hkhm6mwpwzm/app.bsky.feed.post/3l7hb2elmcs2y,carlosgeovane.bsky.social,‏️#ϾG 🦋 ‏️»,"SP - Quaest 
#JN #Eleições2024",2024-10-26T23:41:18Z,2024-10-26T23:39:54Z,0,0,0,0,0,at://did:plc:sn7b23h46p4l3hkhm6mwpwzm/app.bsky.feed.post/3l7haxpnxt32y,at://did:plc:sn7b23h46p4l3hkhm6mwpwzm/app.bsky.feed.post/3l7haxpnxt32y,NA
at://did:plc:sn7b23h46p4l3hkhm6mwpwzm/app.bsky.feed.post/3l7h5fkfbss2e,carlosgeovane.bsky.social,‏️#ϾG 🦋 ‏️»,🤔 #RBSnotícias #Eleições2024,2024-10-26T22:35:59Z,2024-10-26T22:34:35Z,0,0,0,0,0,at://did:plc:sn7b23h46p4l3hkhm6mwpwzm/app.bsky.feed.post/3l7h5ctmn3u2x,at://did:plc:sn7b23h46p4l3hkhm6mwpwzm/app.bsky.feed.post/3l7h5ctmn3u2x,NA
at://did:plc:25h2ilcafhsg3idvqqywksww/app.bsky.feed.post/3l7gk7cbfg52a,frenteampla.bsky.social,Frente Ampla Brasil,"Resta saber quem elege o povo fortalezense: Evandro, petista apoiado por Lula, ou André, liberal apoiado por Jair Bolsonaro.

⭐ 
📰 @cartacapitalfc.bsky.social 
#️⃣ #Fortaleza #Eleições2024",2024-10-26T16:51:04Z,2024-10-26T16:51:03Z,0,1,2,0,0,at://did:plc:25h2ilcafhsg3idvqqywksww/app.bsky.feed.post/3l7gk66kf3r25,at://did:plc:25h2ilcafhsg3idvqqywksww/app.bsky.feed.post/3l7gk2mpzux2d,NA
at://did:plc:moxr5wj3u5rwf25vgcemftvp/app.bsky.feed.post/3l7ga7oqx7f2p,mbf.net.br,Mateus BF,"[ #eleições2024: E PORTO ALEGRE HEIN?]

Talvez achando-se mais gaúcha q os gauchos uruguaios, PoA tá preferindo viver medo de cada chuva

entre o prefeito das 🌊enchentes e o 13🤩 da @mariadorosario.bsky.social, é uma escolha difícil?!?

O gaucho🇺🇾 mais gaúcho do planeta não tem dúvidas
👇",2024-10-26T13:52:18Z,2024-10-26T13:52:18Z,0,6,18,0,0,at://did:plc:moxr5wj3u5rwf25vgcemftvp/app.bsky.feed.post/3l7g67h6ixx2y,at://did:plc:moxr5wj3u5rwf25vgcemftvp/app.bsky.feed.post/3l7g5k34unt25,at://did:plc:dk644jtqur3mvxphdwuawi25/app.bsky.feed.post/3l7c6sjhrdx2f
at://did:plc:ezjkgvk72lkqfgoopupby2an/app.bsky.feed.post/3l7ga6sol2b24,malelo.bsky.social,Celo,#Eleições2024,2024-10-26T13:51:50Z,2024-10-26T13:51:49Z,0,0,0,0,0,at://did:plc:2sp7f2rkr6kvnfdasbu25fmr/app.bsky.feed.post/3l7eycciugt23,at://did:plc:2sp7f2rkr6kvnfdasbu25fmr/app.bsky.feed.post/3l7eycciugt23,NA
at://did:plc:tmfx73ppdmr7d7pfuneqelsc/app.bsky.feed.post/3l7etlbt3dx2g,driufc.bsky.social,🇩 🇷 🇮 🇺 🇫 🇨,"‼️ O cortejo pelas ruas do Centro de São Paulo levou a alegria da militância dos movimentos populares para contagiar a virada para transformar a cidade!

📷 Fotos: Priscila Ramos / MST

#Boulos50 #Eleições2024 #SãoPaulo",2024-10-26T00:33:28Z,2024-10-26T00:33:28Z,0,0,1,0,0,at://did:plc:tmfx73ppdmr7d7pfuneqelsc/app.bsky.feed.post/3l7etkabbt22p,at://did:plc:tmfx73ppdmr7d7pfuneqelsc/app.bsky.feed.post/3l7etihtp2e2b,NA
at://did:plc:6yag4ebdi3wc2w3clgyztthf/app.bsky.feed.post/3l7er6xiuqw2g,mst.org.br,Movimento Sem Terra (MST),"‼️ O cortejo pelas ruas do Centro de São Paulo levou a alegria da militância dos movimentos populares para contagiar a virada para transformar a cidade!

📷 Fotos: Priscila Ramos / MST

#Boulos50 #Eleições2024 #SãoPaulo",2024-10-25T23:50:48Z,2024-10-25T23:50:48Z,0,8,31,1,0,at://did:plc:6yag4ebdi3wc2w3clgyztthf/app.bsky.feed.post/3l7er5v7xtu2b,at://did:plc:6yag4ebdi3wc2w3clgyztthf/app.bsky.feed.post/3l7er5v7xtu2b,NA
at://did:plc:sn7b23h46p4l3hkhm6mwpwzm/app.bsky.feed.post/3l7emz2leqz23,carlosgeovane.bsky.social,‏️#ϾG 🦋 ‏️»,"Santa Maria 
#RBSnotícias #Eleições2024",2024-10-25T22:37:18Z,2024-10-25T22:35:56Z,0,0,0,0,0,at://did:plc:sn7b23h46p4l3hkhm6mwpwzm/app.bsky.feed.post/3l7emxxtnpd2x,at://did:plc:sn7b23h46p4l3hkhm6mwpwzm/app.bsky.feed.post/3l7emvjisl52c,NA
at://did:plc:sn7b23h46p4l3hkhm6mwpwzm/app.bsky.feed.post/3l7emxxtnpd2x,carlosgeovane.bsky.social,‏️#ϾG 🦋 ‏️»,"Pelotas 
#RBSnotícias #Eleições2024",2024-10-25T22:36:41Z,2024-10-25T22:35:20Z,1,0,0,0,0,at://did:plc:sn7b23h46p4l3hkhm6mwpwzm/app.bsky.feed.post/3l7emwsikk32x,at://did:plc:sn7b23h46p4l3hkhm6mwpwzm/app.bsky.feed.post/3l7emvjisl52c,NA
at://did:plc:sn7b23h46p4l3hkhm6mwpwzm/app.bsky.feed.post/3l7emwsikk32x,carlosgeovane.bsky.social,‏️#ϾG 🦋 ‏️»,"Caxias do Sul 
#RBSnotícias #Eleições2024",2024-10-25T22:36:02Z,2024-10-25T22:34:41Z,1,0,0,0,0,at://did:plc:sn7b23h46p4l3hkhm6mwpwzm/app.bsky.feed.post/3l7emvjisl52c,at://did:plc:sn7b23h46p4l3hkhm6mwpwzm/app.bsky.feed.post/3l7emvjisl52c,NA
at://did:plc:b6xtxubgh56ze6bur4n57nw4/app.bsky.feed.post/3l7e5znznk32o,jumacosta.bsky.social,Juma Costa,"#Boulos50
#BoulosPrefeito50
#SP
#Eleicoes2024
#SaoPaulo
#50Nele
#ForaNunes",2024-10-25T18:07:55Z,2024-10-25T18:07:50Z,0,0,0,0,0,at://did:plc:6iwfq5klg5sc2hywfaimfk3r/app.bsky.feed.post/3l7e3xd6ikn2c,at://did:plc:6iwfq5klg5sc2hywfaimfk3r/app.bsky.feed.post/3l7e3xd6ikn2c,NA
at://did:plc:luqjomrhebd2abs4qfwcxnk7/app.bsky.feed.post/3l7dgchirdk2j,libertysobral.bsky.social,Liberty Sobral,"...e estamos presenciando agora nas eleições municipais no Brasil e nas eleições estadunidense, mas as pessoas estão vendo de que lado esta o sistema, a maioria da imprensa entre outros seres e órgãos e esse lado não é o do povo. 
#politics #politica #Eleições2024 #Election2024 #Brasil #USA #Brazil",2024-10-25T11:03:15Z,2024-10-25T11:03:15Z,0,0,0,0,0,at://did:plc:luqjomrhebd2abs4qfwcxnk7/app.bsky.feed.post/3l7dgas7p552l,at://did:plc:luqjomrhebd2abs4qfwcxnk7/app.bsky.feed.post/3l7dcxxz2bl2l,NA
at://did:plc:luqjomrhebd2abs4qfwcxnk7/app.bsky.feed.post/3l7dgas7p552l,libertysobral.bsky.social,Liberty Sobral,"...onde as informações podem ser vistas em qualquer lugar e em qualquer horário.
Virmos isso nas últimas eleições em vários países, ...
#politics #politica #Eleições2024 #Election2024 #Brasil #USA #Brazil #Bluesky",2024-10-25T11:02:19Z,2024-10-25T11:02:19Z,1,0,0,0,0,at://did:plc:luqjomrhebd2abs4qfwcxnk7/app.bsky.feed.post/3l7dg6funfn2l,at://did:plc:luqjomrhebd2abs4qfwcxnk7/app.bsky.feed.post/3l7dcxxz2bl2l,NA
at://did:plc:luqjomrhebd2abs4qfwcxnk7/app.bsky.feed.post/3l7dg6funfn2l,libertysobral.bsky.social,Liberty Sobral,"...Como sempre o sistema tem os seus artifícios para atacar, seja por meios diretos ou indiretos. Principalmente no mundo globalizado e interligado na era digital...
#politics #politica #Eleições2024 #Election2024 #Brasil #USA #Brazil #Bluesky",2024-10-25T11:00:59Z,2024-10-25T11:00:59Z,1,0,0,0,0,at://did:plc:luqjomrhebd2abs4qfwcxnk7/app.bsky.feed.post/3l7dfgbejm32l,at://did:plc:luqjomrhebd2abs4qfwcxnk7/app.bsky.feed.post/3l7dcxxz2bl2l,NA
at://did:plc:luqjomrhebd2abs4qfwcxnk7/app.bsky.feed.post/3l7dfgbejm32l,libertysobral.bsky.social,Liberty Sobral,"... eles estarão lá para tentar ou até mesmo impedir que o cidadão possa ter êxito e os cidadãos que nele queira expressar a sua vontade de votar possam exercer o seu “livre e democrático direito de escolha”. ...
#politics #politica #Eleições2024 #Election2024 #Brasil #USA #Brazil ##Bluesky",2024-10-25T10:47:29Z,2024-10-25T10:47:29Z,1,0,0,0,0,at://did:plc:luqjomrhebd2abs4qfwcxnk7/app.bsky.feed.post/3l7dcxxz2bl2l,at://did:plc:luqjomrhebd2abs4qfwcxnk7/app.bsky.feed.post/3l7dcxxz2bl2l,NA
at://did:plc:6vobnes7lpq43zdnnt3zk5tl/app.bsky.feed.post/3l7d7d3exum2g,euclidessantana.bsky.social,EUCLIDES SANTANA,"Conta aqui pra gente se você sentiu falta de algum time e aguarde pela parte 2!
#BoulosPrefeito50 #MartaVice50 #AmorPorSaoPaulo #Eleições2024",2024-10-25T08:57:13Z,2024-10-25T08:57:13Z,0,1,2,0,0,at://did:plc:6vobnes7lpq43zdnnt3zk5tl/app.bsky.feed.post/3l7d7cckcjp26,at://did:plc:6vobnes7lpq43zdnnt3zk5tl/app.bsky.feed.post/3l7d7cckcjp26,NA
at://did:plc:6yag4ebdi3wc2w3clgyztthf/app.bsky.feed.post/3l7c62zxrup2g,mst.org.br,Movimento Sem Terra (MST),"🗞️ Distribuindo a edição especial do Jornal Brasil de Fato, o diálogo fortaleceu o debate sobre os principais problemas da cidade.

📷 Fotos: Priscila Ramos / MST 

#Boulos50 #Eleições2024 #SãoPaulo",2024-10-24T23:03:16Z,2024-10-24T23:03:16Z,0,1,16,0,0,at://did:plc:6yag4ebdi3wc2w3clgyztthf/app.bsky.feed.post/3l7c5zpeknn2l,at://did:plc:6yag4ebdi3wc2w3clgyztthf/app.bsky.feed.post/3l7c5zpeknn2l,NA
at://did:plc:moxr5wj3u5rwf25vgcemftvp/app.bsky.feed.post/3l7bowa5unj2s,mbf.net.br,Mateus BF,"[ #eleições2024 - BELENENSES, E BELÉM?]

não consigo avaliar tudo q está descrito no 🧶👇 da @brendataketa.bsky.social, mas não deixo de concordar 💯% com a análise

A eleição em Belém se converte em ""revolta das massas"" contra si mesmas depois de acumular 4 anos de muita (des)esperança e ressentimento",2024-10-24T18:32:09Z,2024-10-24T18:32:09Z,0,0,1,0,0,at://did:plc:moxr5wj3u5rwf25vgcemftvp/app.bsky.feed.post/3l5vaxnyo7p2g,at://did:plc:moxr5wj3u5rwf25vgcemftvp/app.bsky.feed.post/3l34zmwwsy52c,at://did:plc:7m22dlc3gg3nbrjpualyzic4/app.bsky.feed.post/3l7beyvpwxf2f
at://did:plc:b6xtxubgh56ze6bur4n57nw4/app.bsky.feed.post/3l7bnwxzfvc2p,jumacosta.bsky.social,Juma Costa,"#BoulosPrefeito50
#Boulos50
#Eleicoes2024
#SP
#SaoPaulo",2024-10-24T18:14:46Z,2024-10-24T18:14:40Z,0,1,2,0,0,at://did:plc:6okfkqs5whr275g4aahfnboz/app.bsky.feed.post/3l7bn7lejuo2m,at://did:plc:6okfkqs5whr275g4aahfnboz/app.bsky.feed.post/3l7bn7lejuo2m,NA
at://did:plc:3v2egns5mhrpzu4ou2ai5nx4/app.bsky.feed.post/3l77qpbv4g52d,blusadegravata.bsky.social,Blusadegravata,"#VoteNatalia13

youtu.be/FRCpYur8Ssk?...",2024-10-23T23:58:44Z,2024-10-23T23:58:44Z,0,0,1,0,0,at://did:plc:qjlqsc5p43lutngk4a4nf7im/app.bsky.feed.post/3l75dy2bxti2y,at://did:plc:go2rbxfclugdyr7k6tgk6wxu/app.bsky.feed.post/3l72z2vgrd32j,NA
at://did:plc:6yag4ebdi3wc2w3clgyztthf/app.bsky.feed.post/3l77kwek4us2g,mst.org.br,Movimento Sem Terra (MST),"🗞️ Distribuindo a edição especial do Jornal Brasil de Fato, a brigada de militantes do MST fortaleceu a troca de ideias com os paulistanos nesta tarde.

📷 Fotos: Priscila Ramos / MST 

#Boulos50 #Eleições2024 #SãoPaulo",2024-10-23T22:15:19Z,2024-10-23T22:15:19Z,0,6,18,0,0,at://did:plc:6yag4ebdi3wc2w3clgyztthf/app.bsky.feed.post/3l77kvfy3se2f,at://did:plc:6yag4ebdi3wc2w3clgyztthf/app.bsky.feed.post/3l77kvfy3se2f,NA
at://did:plc:jawxwgjotcz22c2kpdg2bba4/app.bsky.feed.post/3l77cunnpcd2y,vinicius.jor.br,Forrest Gump de Big Field,"📊 QUAEST - PREFEITO
🏙️ Belo Horizonte
📆 20-22/10
📈 3%
👥 1002 pessoas
📒 MG-07435/2024

As mulheres mantêm a liderança de Fuad Noman. Engler virou entre os homens. Fuad virou entre os mais jovens e vence entre os idosos. O atual prefeito lidera na renda média, nas outras faixas há empate #Eleições2024",2024-10-23T19:51:11Z,2024-10-23T19:51:11Z,0,0,1,0,0,at://did:plc:jawxwgjotcz22c2kpdg2bba4/app.bsky.feed.post/3l77cms6a7j2f,at://did:plc:jawxwgjotcz22c2kpdg2bba4/app.bsky.feed.post/3l77cms6a7j2f,NA
at://did:plc:jawxwgjotcz22c2kpdg2bba4/app.bsky.feed.post/3l77bcl6ufg2y,vinicius.jor.br,Forrest Gump de Big Field,"📊 QUAEST - PREFEITO
🏙️ São Paulo
📆 20-22/10
📈 3%
👥 1200 pessoas
📒 SP-06257/2024
©️ Canais Globo

28% dos entrevistados teve problemas com o apagão. Nesse grupo, empate técnico entre Nunes (40%) e Boulos (39%). Para 61% dos eleitores ouvidos, a Enel é a principal responsável pelas quedas #Eleições2024",2024-10-23T19:23:10Z,2024-10-23T19:23:10Z,0,0,1,0,0,at://did:plc:jawxwgjotcz22c2kpdg2bba4/app.bsky.feed.post/3l77b3s5zee2q,at://did:plc:jawxwgjotcz22c2kpdg2bba4/app.bsky.feed.post/3l77aqvm4nf2y,NA
at://did:plc:66d4myypwtzbuvibzvhskqcj/app.bsky.feed.post/3l776atbifa2b,beto1berto.bsky.social,Beto,"Anti-STF no congresso.
É um escárnio e absurdo total o que planejam!
Esta extrema-direita é azêmola, estulta, néscia, etc.
Sem anistia para golpistas e cadeia neles (art. 359-L e 359-M, CP).
|
#Democracia #CongressoNacional #Poderes #Ameaça #STF #Impunidade #Anomia #Eleições2024",2024-10-23T18:28:32Z,2024-10-23T18:28:32Z,0,0,1,0,0,at://did:plc:pfubz6nsbt2wx3zwzzamgpyp/app.bsky.feed.post/3l76xi6nqng2z,at://did:plc:pfubz6nsbt2wx3zwzzamgpyp/app.bsky.feed.post/3l76xi6nqng2z,NA
at://did:plc:66d4myypwtzbuvibzvhskqcj/app.bsky.feed.post/3l76ldajs6l2t,beto1berto.bsky.social,Beto,"Lamentável isso!
Extrema-direita é azêmola, estulta, néscia, etc.
Sem anistia para golpistas e cadeia neles (art. 359-L e 359-M, CP).
|
#Democracia #CongressoNacional #Poderes #Ameaça #STF #Impunidade #Anomia #Eleições2024",2024-10-23T12:49:52Z,2024-10-23T12:49:52Z,0,0,7,0,0,at://did:plc:bvdczzyaip2klzg5lcxqnxms/app.bsky.feed.post/3l76ioffgmk2n,at://did:plc:bvdczzyaip2klzg5lcxqnxms/app.bsky.feed.post/3l76ioffgmk2n,NA
at://did:plc:tb7h3hjsmk3mkpi2ey7p2no3/app.bsky.feed.post/3l76ehm3pjz2a,chrisnasuecia.bsky.social,chrisnasuécia🚩🇵🇸🇾🇪,"Bom dia Lilith ☕️

Camaçari BA
#VoteCaetano13

youtu.be/2kzu5iCsyVo?...",2024-10-23T10:47:01Z,2024-10-23T10:47:01Z,0,0,0,0,0,at://did:plc:it2zjafwf2yjc2miw7qayl62/app.bsky.feed.post/3l76cz6r6i52s,at://did:plc:tb7h3hjsmk3mkpi2ey7p2no3/app.bsky.feed.post/3l76bizagpy2m,NA
at://did:plc:6yag4ebdi3wc2w3clgyztthf/app.bsky.feed.post/3l752r62hpm2q,mst.org.br,Movimento Sem Terra (MST),"🚩 A brigada de militantes dos movimentos populares percorreu as ruas do comércio do bairro dialogando sobre os principais problemas da cidade.

📷 Fotos: Priscila Ramos / MST

#Eleições2024 #SãoPaulo #Boulos50",2024-10-22T22:20:45Z,2024-10-22T22:20:45Z,0,6,23,0,0,at://did:plc:6yag4ebdi3wc2w3clgyztthf/app.bsky.feed.post/3l752qh6qoe2q,at://did:plc:6yag4ebdi3wc2w3clgyztthf/app.bsky.feed.post/3l752qh6qoe2q,NA
at://did:plc:6yag4ebdi3wc2w3clgyztthf/app.bsky.feed.post/3l72nwilwtq2f,mst.org.br,Movimento Sem Terra (MST),"🤝 Quer contribuir nas agendas dos próximos dias? Manda mensagem pra gente! 

📷 Fotos: Priscila Ramos / MST 

#Boulos50 #Eleições2024 #SãoPaulo",2024-10-21T23:25:43Z,2024-10-21T23:25:43Z,0,6,23,0,0,at://did:plc:6yag4ebdi3wc2w3clgyztthf/app.bsky.feed.post/3l72nvr2hog2k,at://did:plc:6yag4ebdi3wc2w3clgyztthf/app.bsky.feed.post/3l72nuzjguc2j,NA
at://did:plc:6rahatorvitcqoun5knphipr/app.bsky.feed.post/3l6zpmvldev24,alexandre-salazar.bsky.social,Alexandre Fizoele Salazar✊🏾,"#AmorPorSaoPaulo
#Eleições2024
#transporte
#onibus
#SP
bsky.app/profile/alex...",2024-10-21T14:25:20Z,2024-10-21T14:23:32Z,0,0,0,0,0,at://did:plc:acvjxnp5fsqoq4fwri6wuqj7/app.bsky.feed.post/3l6vvwfdnx62s,at://did:plc:acvjxnp5fsqoq4fwri6wuqj7/app.bsky.feed.post/3l6vvwfdnx62s,at://did:plc:6rahatorvitcqoun5knphipr/app.bsky.feed.post/3l6xfl7frrn2f
at://did:plc:36i6hzwtytdoq23wbmlabvle/app.bsky.feed.post/3l6vmaf66nx2e,partidaopcb.bsky.social,Partido Comunista Brasileiro (PCB),"Dessa forma, mais uma vez, o PCB-BA reafirma seus compromisso com a classe trabalhadora baiana e soteropolitana. Para conhecer mais sobre nossos trabalhos, sigam nossas redes!

Saudações revolucionárias!

#eleições2024 #pcb",2024-10-19T23:12:11Z,2024-10-19T23:12:11Z,0,0,5,0,0,at://did:plc:36i6hzwtytdoq23wbmlabvle/app.bsky.feed.post/3l6vm74kyob24,at://did:plc:36i6hzwtytdoq23wbmlabvle/app.bsky.feed.post/3l6vlzndg2i2s,NA
at://did:plc:yt5ca4kwokkeesqoewkl6s47/app.bsky.feed.post/3l6vdx34lgm2i,alanvictor.bsky.social,Alan Victor 🇧🇷,"Cid Gomes e Ivo Gomes demonstraram fragilidade política, e vocês sabem!
Quando o seu adversário ver fragilidade em você, ele vai com tudo pra te derrotar da forma mais humilhante!
E repito!
Izolda não teve culpa nenhuma pela derrota.
Fim de papo

➡️ #Eleições2024",2024-10-19T20:40:43Z,2024-10-19T20:40:43Z,0,0,2,0,0,at://did:plc:yt5ca4kwokkeesqoewkl6s47/app.bsky.feed.post/3l6vdw3kfll2q,at://did:plc:yt5ca4kwokkeesqoewkl6s47/app.bsky.feed.post/3l6vdn5phre2k,NA
at://did:plc:yt5ca4kwokkeesqoewkl6s47/app.bsky.feed.post/3l6vdw3kfll2q,alanvictor.bsky.social,Alan Victor 🇧🇷,"Ah mas Cid Gomes e o seu partido PSB foi o maior vencedor das eleições..
Ficou na 1° Posição no Ceará com 65 Prefeitos, piriri pororo!
Mas isso não significa nada!
Ele deveria ter ganhado em Sobral e não conseguiu!
Foi um grande derrotado nas eleições!

➡️ #Eleições2024",2024-10-19T20:40:10Z,2024-10-19T20:40:10Z,1,0,2,0,0,at://did:plc:yt5ca4kwokkeesqoewkl6s47/app.bsky.feed.post/3l6vduu6kf227,at://did:plc:yt5ca4kwokkeesqoewkl6s47/app.bsky.feed.post/3l6vdn5phre2k,NA
at://did:plc:yt5ca4kwokkeesqoewkl6s47/app.bsky.feed.post/3l6vduu6kf227,alanvictor.bsky.social,Alan Victor 🇧🇷,"Se eu fosse Cid Gomes, faria o seguinte.
Assumiria a culpa pela derrota de Izolda e me retiraria da disputa pelo senado em 2026, colocando a própria Izolda ou Luizianne Lins no lugar.
Já Ivo, bom.
Não sabemos o que ele vai fazer no futuro.

➡️ #Eleições2024",2024-10-19T20:39:28Z,2024-10-19T20:39:28Z,1,0,1,0,0,at://did:plc:yt5ca4kwokkeesqoewkl6s47/app.bsky.feed.post/3l6vdtjul6i2p,at://did:plc:yt5ca4kwokkeesqoewkl6s47/app.bsky.feed.post/3l6vdn5phre2k,NA
at://did:plc:yt5ca4kwokkeesqoewkl6s47/app.bsky.feed.post/3l6vdtjul6i2p,alanvictor.bsky.social,Alan Victor 🇧🇷,"Aos 45 do 2°Tempo, Ivo Gomes começou a cobrar a chamada taxa do lixo, acabando completamente com as chances de Izolda vencer.
Ele não poderia ter feito isso!
Deveria ter judicializado o caso.
Mas não.
Ele preferiu cometer esse erro político amador!

➡️ #Eleições2024",2024-10-19T20:38:44Z,2024-10-19T20:38:44Z,1,0,1,0,0,at://did:plc:yt5ca4kwokkeesqoewkl6s47/app.bsky.feed.post/3l6vdsrjvok2z,at://did:plc:yt5ca4kwokkeesqoewkl6s47/app.bsky.feed.post/3l6vdn5phre2k,NA
at://did:plc:yt5ca4kwokkeesqoewkl6s47/app.bsky.feed.post/3l6vdsrjvok2z,alanvictor.bsky.social,Alan Victor 🇧🇷,"Ivo Gomes foi um excelente Prefeito em Sobral.
Me arrisco em dizer que ele foi o melhor Prefeito do Ceará nos últimos 4 anos.
Mas o erro dele na campanha da Izolda foi o seguinte, a campanha dela estava perfeita, porém!

➡️ #Eleições2024",2024-10-19T20:38:19Z,2024-10-19T20:38:19Z,1,0,1,0,0,at://did:plc:yt5ca4kwokkeesqoewkl6s47/app.bsky.feed.post/3l6vdrwoq7e2k,at://did:plc:yt5ca4kwokkeesqoewkl6s47/app.bsky.feed.post/3l6vdn5phre2k,NA
at://did:plc:yt5ca4kwokkeesqoewkl6s47/app.bsky.feed.post/3l6vdrwoq7e2k,alanvictor.bsky.social,Alan Victor 🇧🇷,"O outro culpado foi Ivo Gomes por esse motivo.
Para escolher um Prefeito ou Prefeita, os eleitores votam pela melhora desses 5 serviços.
1°) Saúde
2°) Educação 
3°) Infraestrutura
4°) Saneamento Básico 
5°) Redução de Impostos

➡️ #Eleições2024",2024-10-19T20:37:50Z,2024-10-19T20:37:50Z,1,0,1,0,0,at://did:plc:yt5ca4kwokkeesqoewkl6s47/app.bsky.feed.post/3l6vdqkfxd52t,at://did:plc:yt5ca4kwokkeesqoewkl6s47/app.bsky.feed.post/3l6vdn5phre2k,NA
at://did:plc:yt5ca4kwokkeesqoewkl6s47/app.bsky.feed.post/3l6vdqkfxd52t,alanvictor.bsky.social,Alan Victor 🇧🇷,"Cid Gomes foi 1 dos culpados pela derrota de Izolda por 2 motivos.
1°) A briga e rompimento com o irmão Ciro Gomes que desmontou o grupo dos FGS em Sobral e no Ceará.
2°) O desespero e a fragilidade que Cid Gomes demonstrou para os seus eleitores nessa eleição

➡️ #Eleições2024",2024-10-19T20:37:04Z,2024-10-19T20:37:04Z,1,0,1,0,0,at://did:plc:yt5ca4kwokkeesqoewkl6s47/app.bsky.feed.post/3l6vdprnhka2x,at://did:plc:yt5ca4kwokkeesqoewkl6s47/app.bsky.feed.post/3l6vdn5phre2k,NA
at://did:plc:yt5ca4kwokkeesqoewkl6s47/app.bsky.feed.post/3l6vdprnhka2x,alanvictor.bsky.social,Alan Victor 🇧🇷,"Os culpados pela derrota da Izolda foram Cid e Ivo!
Ambos cometeram erros de campanha inaceitáveis que prejudicaram Izolda!
Irei falar abaixo todos os erros de cada um que prejudicaram Izolda nas eleições

➡️ #Eleições2024",2024-10-19T20:36:38Z,2024-10-19T20:36:38Z,1,0,2,0,0,at://did:plc:yt5ca4kwokkeesqoewkl6s47/app.bsky.feed.post/3l6vdoilzyk2q,at://did:plc:yt5ca4kwokkeesqoewkl6s47/app.bsky.feed.post/3l6vdn5phre2k,NA
at://did:plc:yt5ca4kwokkeesqoewkl6s47/app.bsky.feed.post/3l6vdoilzyk2q,alanvictor.bsky.social,Alan Victor 🇧🇷,"Muitos disseram e colocaram a culpa da derrota em Izolda, dizendo que ela perdeu a eleição porque era uma candidata fraca.
E não gente, a culpa da Izolda ter perdido a eleição não foi dela.
Izolda fez uma campanha bonita e alegre, foi uma ótima candidata

➡️ #Eleições2024",2024-10-19T20:35:55Z,2024-10-19T20:35:55Z,1,0,1,0,0,at://did:plc:yt5ca4kwokkeesqoewkl6s47/app.bsky.feed.post/3l6vdn5phre2k,at://did:plc:yt5ca4kwokkeesqoewkl6s47/app.bsky.feed.post/3l6vdn5phre2k,NA
at://did:plc:yt5ca4kwokkeesqoewkl6s47/app.bsky.feed.post/3l6uphzzkrk2t,alanvictor.bsky.social,Alan Victor 🇧🇷,"Com todo respeito.
Quem fez essa análise não entende nada de política!
E digo mais!
Se duvidar, Cid Gomes talvez não dispute cargo nenhum nas eleições de 2026

➡️ #Eleições2024",2024-10-19T14:34:24Z,2024-10-19T14:34:24Z,0,0,1,0,0,at://did:plc:yt5ca4kwokkeesqoewkl6s47/app.bsky.feed.post/3l6uph4vzc62e,at://did:plc:yt5ca4kwokkeesqoewkl6s47/app.bsky.feed.post/3l6uph4vzc62e,NA
at://did:plc:oiytk54p7dapignhy5uopr5b/app.bsky.feed.post/3l6uwfy5ige2n,edcruz.bsky.social,Edcruz,"Antes do votar no dia 27 de outubro em São Paulo, os moradores deveriam colocar o seguinte questionamento!
- QUEM FOI RUCARDI NUNES COMO VEREADORES?
O Que ele fez de bom pela cidade?
Quem foi BOULOS?
O Que ele fez de bom como Deputado Federal?
A Escolha é sua!
#Eleições2024",2024-10-19T12:41:31Z,2024-10-19T12:41:31Z,0,1,10,1,0,at://did:plc:7kxndvvuc6cnhvrlf6c4tfin/app.bsky.feed.post/3l6uk5d27kc2r,at://did:plc:7kxndvvuc6cnhvrlf6c4tfin/app.bsky.feed.post/3l6uk5d27kc2r,NA
at://did:plc:oiytk54p7dapignhy5uopr5b/app.bsky.feed.post/3l6uwfbyhvr2e,edcruz.bsky.social,Edcruz,"Antes do votar no dia 27 de outubro em São Paulo, os moradores deveriam colocar o seguinte questionamento!
- QUEM FOI RUCARDI NUNES COMO VEREADORES?
O Que ele fez de bom pela cidade?
Quem foi BOULOS?
O Que ele fez de bom como Deputado Federal?
A Escolha é sua!
#Eleições2024",2024-10-19T12:41:08Z,2024-10-19T12:41:08Z,0,0,1,0,0,at://did:plc:gpunjjgvlyb4racypz3yfiq4/app.bsky.feed.post/3l6uwbdfet72s,at://did:plc:gpunjjgvlyb4racypz3yfiq4/app.bsky.feed.post/3l6uwbdfet72s,NA
at://did:plc:6yag4ebdi3wc2w3clgyztthf/app.bsky.feed.post/3l6t2eb3hjy2b,mst.org.br,Movimento Sem Terra (MST),"📰 Com a distribuição do Jornal Brasil de Fato, o diálogo com a comunidade que sofre ameaça de despejo, reforçou a importância da vitória de Guilherme Boulos e Marta 5️⃣0️⃣! 

📷 Fotos: Priscila Ramos/MST

#Boulos50 #BoulosPrefeito50 #Eleiçöes2024 #SãoPaulo",2024-10-18T22:46:55Z,2024-10-18T22:46:55Z,0,0,13,0,0,at://did:plc:6yag4ebdi3wc2w3clgyztthf/app.bsky.feed.post/3l6t2crqinc2q,at://did:plc:6yag4ebdi3wc2w3clgyztthf/app.bsky.feed.post/3l6t2crqinc2q,NA
at://did:plc:oiytk54p7dapignhy5uopr5b/app.bsky.feed.post/3l6qnbe7nub2n,edcruz.bsky.social,Edcruz,"Sobre a Enel!
Mas o Nunes ta com 52% das intenções de votos 🤣🤣🤣 merecem se lasca mesmo..
Mesmo estando na merda o povo sem noção de São Paulo, vai reeleger esse Monte de nada e continua reclamando desse caos.
#JornalNacional 
#Eleições2024",2024-10-17T19:47:13Z,2024-10-17T19:47:13Z,1,0,2,0,0,at://did:plc:ut56ijevus2ct7iajvoqytha/app.bsky.feed.post/3l6qmw4q7el26,at://did:plc:ut56ijevus2ct7iajvoqytha/app.bsky.feed.post/3l6qmw4q7el26,NA
at://did:plc:66d4myypwtzbuvibzvhskqcj/app.bsky.feed.post/3l6q6dntv452q,beto1berto.bsky.social,Beto,"Sem anistia para golpistas e cadeia neles (art. 359-L e 359-M, CP).
|
#Democracia #CongressoNacional #Poderes #Ameaça #STF #Impunidade #Anomia #Eleições2024",2024-10-17T19:20:00Z,2024-10-17T19:20:00Z,0,0,1,0,0,at://did:plc:ioms7gyqtleyrmbevbpwvc2h/app.bsky.feed.post/3l6q5uhj2k32v,at://did:plc:ioms7gyqtleyrmbevbpwvc2h/app.bsky.feed.post/3l6q5uhj2k32v,NA
at://did:plc:vsjyrw6esslcvq2acnhc2pey/app.bsky.feed.post/3l6nnh3a66m2i,uaiteve.bsky.social,Douglas Pereira,"📊 QUAEST
🏙️ PREFEITO - Belo Horizonte (2º Turno)
🗓️ 13-15/10
👥 1.002 pessoas
📈 3%
📝 TSE MG-03563/2024

Fuad Noman (PSD): 46%
Bruno Engler (PL): 37%
Brancos/nulos/não votará: 12%
Indecisos: 5%

#Eleições2024",2024-10-16T19:12:33Z,2024-10-16T19:12:32Z,0,0,0,0,0,at://did:plc:vsjyrw6esslcvq2acnhc2pey/app.bsky.feed.post/3l66kigbi6z26,at://did:plc:vsjyrw6esslcvq2acnhc2pey/app.bsky.feed.post/3l66kigbi6z26,NA
at://did:plc:oiytk54p7dapignhy5uopr5b/app.bsky.feed.post/3l6o2kugjc72q,edcruz.bsky.social,Edcruz,"#JornalNacional Novo temporal e ventanias chegando!
Se o PREFECO tivesse feito as podas lá em 2023 , na última tragédia climática que aconteceu , tinha evitado tudo isso hoje, essa culpa é totalmente dele RICARDO NUNES,não fez o seu trabalho agora a população sofre #Eleições2024",2024-10-16T19:07:12Z,2024-10-16T19:07:12Z,1,0,2,0,0,at://did:plc:ut56ijevus2ct7iajvoqytha/app.bsky.feed.post/3l6o2hofv5a2s,at://did:plc:ut56ijevus2ct7iajvoqytha/app.bsky.feed.post/3l6o2hofv5a2s,NA
at://did:plc:b6xtxubgh56ze6bur4n57nw4/app.bsky.feed.post/3l6ltwyptun2n,jumacosta.bsky.social,Juma Costa,"#Boulos50
#Eleicoes2024
#SP
#AoVivo
#TV",2024-10-16T02:03:27Z,2024-10-16T02:03:27Z,0,0,0,0,0,at://did:plc:4mnkjeykkiv47rmtt2q3ezc7/app.bsky.feed.post/3l6bhojhy5n2x,at://did:plc:4mnkjeykkiv47rmtt2q3ezc7/app.bsky.feed.post/3l6bhojhy5n2x,NA
at://did:plc:yt5ca4kwokkeesqoewkl6s47/app.bsky.feed.post/3l6li6jezr32r,alanvictor.bsky.social,Alan Victor 🇧🇷,"Fazendo uma coligação entre PDT, PL, NOVO e UNIAO para bater de frente com a coalizão de partidos que irá apoiar Elmano e os seus candidatos a Senador em 2026.
Esse é o plano de Roberto Claudio, posso estar errado mas só o tempo dirá

➡️ #Eleições2024",2024-10-15T22:29:57Z,2024-10-15T22:29:57Z,0,0,1,0,0,at://did:plc:yt5ca4kwokkeesqoewkl6s47/app.bsky.feed.post/3l6lhxct3cv2l,at://did:plc:yt5ca4kwokkeesqoewkl6s47/app.bsky.feed.post/3l6lhroydko2b,NA
at://did:plc:yt5ca4kwokkeesqoewkl6s47/app.bsky.feed.post/3l6lhzybjkq23,alanvictor.bsky.social,Alan Victor 🇧🇷,"Roberto Claudio apoiaria André Fernandes até fazendo parte da sua gestão, em troca o PL apoiaria RC para Governador ficando com a vice na candidatura.
E os candidatos de Roberto Claudio ao senado seriam Eduardo Girão e Capitão Wagner

➡️ #Eleições2024",2024-10-15T22:27:25Z,2024-10-15T22:27:25Z,0,0,1,0,0,at://did:plc:yt5ca4kwokkeesqoewkl6s47/app.bsky.feed.post/3l6lhxct3cv2l,at://did:plc:yt5ca4kwokkeesqoewkl6s47/app.bsky.feed.post/3l6lhroydko2b,NA
at://did:plc:yt5ca4kwokkeesqoewkl6s47/app.bsky.feed.post/3l6lhxct3cv2l,alanvictor.bsky.social,Alan Victor 🇧🇷,"Esse cenário que eu apresentei favoreceria e muito o Elmano, praticamente venceria no 1°Turno de novo, e isso Roberto Claudio não quer.
Portanto vejo que RC está montando um plano, fazer uma super união das oposições contra o PT no Ceará

➡️ #Eleições2024",2024-10-15T22:25:55Z,2024-10-15T22:25:55Z,2,0,1,0,0,at://did:plc:yt5ca4kwokkeesqoewkl6s47/app.bsky.feed.post/3l6lhugoxxp2c,at://did:plc:yt5ca4kwokkeesqoewkl6s47/app.bsky.feed.post/3l6lhroydko2b,NA
at://did:plc:yt5ca4kwokkeesqoewkl6s47/app.bsky.feed.post/3l6lhugoxxp2c,alanvictor.bsky.social,Alan Victor 🇧🇷,"O grupo de Sarto, Ciro Gomes, Roberto Claudio e o PDT lançaria um candidato ao Governo enquanto o grupo de Capitão Wagner e o UNIAO lançaria outro candidato, o PL de Bolsonaro lançaria um candidato e Elmano seria o candidato do PT a reeleição

➡️ #Eleições2024",2024-10-15T22:24:19Z,2024-10-15T22:24:19Z,1,0,1,0,0,at://did:plc:yt5ca4kwokkeesqoewkl6s47/app.bsky.feed.post/3l6lhroydko2b,at://did:plc:yt5ca4kwokkeesqoewkl6s47/app.bsky.feed.post/3l6lhroydko2b,NA
at://did:plc:biox6523ejo3hgae6zxqsyw5/app.bsky.feed.post/3l6knebvb7w2q,castrogabryel.bsky.social,Gabryel de Castro 🦩💋,"O bloco extra do #JornalNacional será exibido para o DF, para as capitais Rio de Janeiro, Vitória, Salvador, Recife, Teresina, Florianópolis, Maceió, Rio Branco, Macapá e Boa Vista, além de outras regiões em São Paulo e Minas Gerais. #Eleições2024",2024-10-15T14:32:59Z,2024-10-15T14:32:59Z,0,0,0,0,0,at://did:plc:biox6523ejo3hgae6zxqsyw5/app.bsky.feed.post/3l6kncugule24,at://did:plc:biox6523ejo3hgae6zxqsyw5/app.bsky.feed.post/3l6kncugule24,NA
at://did:plc:yt5ca4kwokkeesqoewkl6s47/app.bsky.feed.post/3l6jrztc6z22h,alanvictor.bsky.social,Alan Victor 🇧🇷,"Essa armadilha favorece e muito o André Fernandes, e essa foi uma das causas que me fizeram anunciar e pedir voto para o Evandro Leitão.
Portanto, você que é de Fortaleza e quer que as coisas estejam no seu devido lugar, então vote Evandro Leitão 13

➡️ #Eleições2024",2024-10-15T06:20:55Z,2024-10-15T06:20:55Z,1,0,1,0,0,at://did:plc:yt5ca4kwokkeesqoewkl6s47/app.bsky.feed.post/3l6jryleokl2m,at://did:plc:yt5ca4kwokkeesqoewkl6s47/app.bsky.feed.post/3l6jryleokl2m,NA
at://did:plc:yt5ca4kwokkeesqoewkl6s47/app.bsky.feed.post/3l6j6swqo332p,alanvictor.bsky.social,Alan Victor 🇧🇷,"🟥 Ricardo Costa (MDB) • 1.389 votos • 4,26%
🟩 Charles Moreira (PV) • 1.358 votos • 4,16%
🟥 Tiago do Umari (PP) • 698 votos • 2,14%

🟩 Situação • 7
🟥 Oposição • 6
➡️ #Eleições2024",2024-10-15T00:37:02Z,2024-10-15T00:37:02Z,0,0,1,0,0,at://did:plc:yt5ca4kwokkeesqoewkl6s47/app.bsky.feed.post/3l6j6rmkt5w2p,at://did:plc:yt5ca4kwokkeesqoewkl6s47/app.bsky.feed.post/3l6j6phlebc2x,NA
at://did:plc:yt5ca4kwokkeesqoewkl6s47/app.bsky.feed.post/3l6j6rmkt5w2p,alanvictor.bsky.social,Alan Victor 🇧🇷,"🟥 Ze Estenio (MDB) • 1.634 votos • 5,01%
🟩 Sheila Diniz (PSB) • 1.615 votos • 4,95%
🟩 Maninho dos Frangos (PSB) • 1.534 votos • 4,70%
🟥 Denis Bastos (PSD) • 1.506 votos • 4,62%
🟥 Mundoca (MDB) • 1.428 votos • 4,38%

➡️ #Eleições2024",2024-10-15T00:36:17Z,2024-10-15T00:36:17Z,1,0,1,0,0,at://did:plc:yt5ca4kwokkeesqoewkl6s47/app.bsky.feed.post/3l6j6qhhayl2m,at://did:plc:yt5ca4kwokkeesqoewkl6s47/app.bsky.feed.post/3l6j6phlebc2x,NA
at://did:plc:yt5ca4kwokkeesqoewkl6s47/app.bsky.feed.post/3l6j6qhhayl2m,alanvictor.bsky.social,Alan Victor 🇧🇷,"🟩 Dannila (PSB) • 2.530 votos • 7,75%
🟩 Marilak (PSB) • 2.434 votos • 7,46%
🟩 Simone Felix (PSB) • 2.416 votos • 7,40%
🟥 Jeffim (MDB) • 1.644 votos • 5,04%
🟩 Roberio Leite (PSB) • 1.637 votos • 5,02%

➡️ #Eleições2024",2024-10-15T00:35:39Z,2024-10-15T00:35:39Z,1,0,1,0,0,at://did:plc:yt5ca4kwokkeesqoewkl6s47/app.bsky.feed.post/3l6j6phlebc2x,at://did:plc:yt5ca4kwokkeesqoewkl6s47/app.bsky.feed.post/3l6j6phlebc2x,NA
at://did:plc:6yag4ebdi3wc2w3clgyztthf/app.bsky.feed.post/3l6iy5k6jlx2a,mst.org.br,Movimento Sem Terra (MST),"🚩 Com bandeiras erguidas e gritos de esperança, a mobilização ressaltou a importância de eleger Boulos para garantir uma gestão voltada aos direitos da classe trabalhadora.

5️⃣0️⃣ São Paulo tem jeito, Boulos prefeito!

Fotos: Guilherme Gandolfi (@guifrodu)

#BoulosPrefeito50 #SPtemJeito #Eleições2024",2024-10-14T22:40:44Z,2024-10-14T22:40:44Z,0,1,18,0,0,at://did:plc:6yag4ebdi3wc2w3clgyztthf/app.bsky.feed.post/3l6iy2wjkdr27,at://did:plc:6yag4ebdi3wc2w3clgyztthf/app.bsky.feed.post/3l6iy2wjkdr27,NA
at://did:plc:yt5ca4kwokkeesqoewkl6s47/app.bsky.feed.post/3l6irlffavb2n,alanvictor.bsky.social,Alan Victor 🇧🇷,"*️⃣ Observação

Por outro lado, não se sabe também qual será a posição política dos partidos PRTB, AGIR, AVANTE, SOLIDARIEDADE, MOBILIZA, PMB, PRD e DC.
Na minha opinião, vejo que esses partidos teriam mais identificação com a oposição do que a situação

➡️ #Eleições2024",2024-10-14T20:40:11Z,2024-10-14T20:40:11Z,0,0,1,0,0,at://did:plc:yt5ca4kwokkeesqoewkl6s47/app.bsky.feed.post/3l6irkdxxmu2j,at://did:plc:yt5ca4kwokkeesqoewkl6s47/app.bsky.feed.post/3l6irgewlqc2i,NA
at://did:plc:yt5ca4kwokkeesqoewkl6s47/app.bsky.feed.post/3l6irkdxxmu2j,alanvictor.bsky.social,Alan Victor 🇧🇷,"*️⃣ Observação

Não se sabe qual será a posição do PL de Bolsonaro em Acopiara.
O Partido de Bolsonaro apoiará o grupo que seguir os ideais do Bolsonarismo.
Ou seja, poderá aderir o grupo de Dr. Vilmar no futuro 

➡️ #Eleições2024",2024-10-14T20:39:36Z,2024-10-14T20:39:36Z,1,0,1,0,0,at://did:plc:yt5ca4kwokkeesqoewkl6s47/app.bsky.feed.post/3l6irjas3ft2m,at://did:plc:yt5ca4kwokkeesqoewkl6s47/app.bsky.feed.post/3l6irgewlqc2i,NA
at://did:plc:yt5ca4kwokkeesqoewkl6s47/app.bsky.feed.post/3l6irjas3ft2m,alanvictor.bsky.social,Alan Victor 🇧🇷,"*️⃣ Oposição

🟥 MDB
🟥 PP
🟥 PDT
🟥 PSD
🟥 REPUBLICANOS
🟥 Federação PSDB • CIDADANIA

➡️ #Eleições2024",2024-10-14T20:38:58Z,2024-10-14T20:38:58Z,1,0,1,0,0,at://did:plc:yt5ca4kwokkeesqoewkl6s47/app.bsky.feed.post/3l6irhxtrvf2w,at://did:plc:yt5ca4kwokkeesqoewkl6s47/app.bsky.feed.post/3l6irgewlqc2i,NA
at://did:plc:yt5ca4kwokkeesqoewkl6s47/app.bsky.feed.post/3l6irhxtrvf2w,alanvictor.bsky.social,Alan Victor 🇧🇷,"*️⃣ Situação

🟩 PSB
🟩 Federação PT • PC do B • PV
🟩 PODE
🟩 UNIAO

➡️ #Eleições2024",2024-10-14T20:38:16Z,2024-10-14T20:38:16Z,1,0,1,0,0,at://did:plc:yt5ca4kwokkeesqoewkl6s47/app.bsky.feed.post/3l6irgewlqc2i,at://did:plc:yt5ca4kwokkeesqoewkl6s47/app.bsky.feed.post/3l6irgewlqc2i,NA
at://did:plc:vjpwkfwxuysxliab57pryctp/app.bsky.feed.post/3l6hz7wxotx2a,mprjoficial.bsky.social,Ministério Público do Rio de Janeiro,"O CNMP, por meio da Comissão Temporária da Defesa da Democracia (CTTD), protege o direito à expressão política individual, combatendo a coerção no ambiente de trabalho. (ref. Res. 23735/2019, art. 19)    #eleições2024 #mprj #diganaoaoassedioeleitoral",2024-10-14T13:27:19Z,2024-10-14T13:27:19Z,0,0,3,0,0,at://did:plc:vjpwkfwxuysxliab57pryctp/app.bsky.feed.post/3l6hz7gjacz2z,at://did:plc:vjpwkfwxuysxliab57pryctp/app.bsky.feed.post/3l6hz7gjacz2z,NA
at://did:plc:puzbeyi4nlq6a7ltpeutf7ht/app.bsky.feed.post/3l6gz3cuhc426,rrjunior11.bsky.social,Júnior,"Os vereadores reeleitos em #oirocaba nss #Eleições2024 são:

Caio Oliveira (REPUBLICANOS)
Italo Moreira (UNIÃO BRASIL)
João Donizete (UNIÃO BRASIL)
Fausto Peres (PODEMOS)
Fernanda Garcia (PSOL)
Fabio Simoa (REPUBLICANOS)
Iara Bernardi (PT)
Dylan Dantas (PL)
Silvano Jr (REPUBLICANOS)
...1/2
👇",2024-10-14T03:52:05Z,2024-10-14T03:52:04Z,0,0,0,0,0,at://did:plc:puzbeyi4nlq6a7ltpeutf7ht/app.bsky.feed.post/3l6gkf4g4zd2i,at://did:plc:puzbeyi4nlq6a7ltpeutf7ht/app.bsky.feed.post/3l6aoqt3unp2j,NA
at://did:plc:moxr5wj3u5rwf25vgcemftvp/app.bsky.feed.post/3l6gwlkxjfm2r,mbf.net.br,Mateus BF,"[ #eleições2024: CAÇANDO VOTOS DA VEREANÇA]

ℹ️em Sampa/2024, vereadores🚩=1.809.203 votos (PSOL+REDE+PT+PCdoB+PV+PDT+PSB)
↪️esquerda avançou 1 posição:17➜18 cadeiras
↪️direita voltou 9: de 26➜17 cadeiras

Matéria instrutiva de @danielbmariani.bsky.social com ""ilhas de calor"" num mapa de temperatura

👀👇",2024-10-14T03:07:27Z,2024-10-14T03:07:27Z,0,0,2,0,0,at://did:plc:moxr5wj3u5rwf25vgcemftvp/app.bsky.feed.post/3l62enqlhnf2e,at://did:plc:moxr5wj3u5rwf25vgcemftvp/app.bsky.feed.post/3l5wb4lbeua2u,at://did:plc:zhcmp5buzy7pcabvk2ouofvh/app.bsky.feed.post/3l6g4yiknyp2q
at://did:plc:6yixbkhizd4h7byzv7vizdcd/app.bsky.feed.post/3l6ghpju2jm2a,acervo-multi.bsky.social,Acervo Multimídia,"Continua ORGANIZADO o CRIME no 🚮🇧🇷BRASIL🇧🇷🚮 ????
O que eu tenho observado de NEGLIGÊNCIAS nos últimos tempos, tá uma ESCULHAMBAÇÃO a ZONA no país, estão aprontando BARBARIDADES sem o MÍNIMO de CUIDADO, desde cadeirada que poderia ser impedida até FAKE NEWS desmascarada na véspera das #Eleições2024",2024-10-13T22:41:15Z,2024-10-13T22:41:15Z,0,0,0,0,0,at://did:plc:a5hvq5k3vvyh52tlpqijsxg2/app.bsky.feed.post/3l6fzfxxtrc23,at://did:plc:a5hvq5k3vvyh52tlpqijsxg2/app.bsky.feed.post/3l6fzfxxtrc23,NA
at://did:plc:6yixbkhizd4h7byzv7vizdcd/app.bsky.feed.post/3l6ghhrwi252m,acervo-multi.bsky.social,Acervo Multimídia,"Continua ORGANIZADO o CRIME no 🚮🇧🇷BRASIL🇧🇷🚮 ????
O que eu tenho observado de NEGLIGÊNCIAS nos últimos tempos, tá uma ESCULHAMBAÇÃO a ZONA no país, estão aprontando BARBARIDADES sem o MÍNIMO de CUIDADO, desde cadeirada que poderia ser impedida até FAKE NEWS desmascarada na véspera das #Eleições2024",2024-10-13T22:36:55Z,2024-10-13T22:36:55Z,0,0,0,0,0,at://did:plc:7vqgcuzof5itcpfc73njbstf/app.bsky.feed.post/3l6g562esaf2x,at://did:plc:7vqgcuzof5itcpfc73njbstf/app.bsky.feed.post/3l6g562esaf2x,NA
at://did:plc:6rahatorvitcqoun5knphipr/app.bsky.feed.post/3l6ggtloca523,alexandre-salazar.bsky.social,Alexandre Fizoele Salazar✊🏾,"Só quero deixar meus parabéns p quem teve a coragem de editar essa imagem. É tanta coisa ruim reunida que se fosse eu editando já teria passado mal umas 3x antes da metade🤮
#Eleições2024",2024-10-13T22:27:12Z,2024-10-13T22:25:38Z,0,0,0,0,0,at://did:plc:dk644jtqur3mvxphdwuawi25/app.bsky.feed.post/3l6gfjeardg22,at://did:plc:dk644jtqur3mvxphdwuawi25/app.bsky.feed.post/3l6gfjeardg22,NA
at://did:plc:6rahatorvitcqoun5knphipr/app.bsky.feed.post/3l6fqotzmdk2v,alexandre-salazar.bsky.social,Alexandre Fizoele Salazar✊🏾,"Vera quase chora com a resposta do Boulos.

#Eleições2024
#BoulosPrefeito50

youtu.be/V18ChBXu33I?...",2024-10-13T15:48:23Z,2024-10-13T15:48:23Z,0,0,1,0,0,at://did:plc:6rahatorvitcqoun5knphipr/app.bsky.feed.post/3l6bacgjbj623,at://did:plc:6rahatorvitcqoun5knphipr/app.bsky.feed.post/3l6bacgjbj623,NA
at://did:plc:vjpwkfwxuysxliab57pryctp/app.bsky.feed.post/3l6drsdkph72v,mprjoficial.bsky.social,Ministério Público do Rio de Janeiro,"Para denunciar crimes eleitorais, entre em contato com a Ouvidoria/MPRJ! 
 
🌐 Acesse www.mprj.mp.br/fco e selecione “Demandas Relacionadas a eleições 2024” 
 
📞 Ou ligue: 127 
 
#Eleições #Eleições2024 #Ouvidoria #RJ",2024-10-12T21:03:47Z,2024-10-12T21:03:47Z,0,0,2,0,0,at://did:plc:vjpwkfwxuysxliab57pryctp/app.bsky.feed.post/3l6drqzanfk2w,at://did:plc:vjpwkfwxuysxliab57pryctp/app.bsky.feed.post/3l6drqzanfk2w,NA
at://did:plc:moxr5wj3u5rwf25vgcemftvp/app.bsky.feed.post/3l6blckhmvp2l,mbf.net.br,Mateus BF,"[HISTÓRIAS DE BOIS E DA BOIADA]

#eleições2024 em Sinop/MT foram um espelho do 🇧🇷

ℹ️reeleito Roberto Dorner (PL): 68,41% (50.737 votos)
  ↪️37.036 Abstenções (31,50%)
ℹ️Graciele, única vereadora de esquerda, não se reelegeu: PT não atingiu o coeficiente eleitoral

matéria forte de @cfpaes.bsky.social
👇",2024-10-12T00:02:15Z,2024-10-12T00:02:15Z,0,0,2,0,0,at://did:plc:moxr5wj3u5rwf25vgcemftvp/app.bsky.feed.post/3l5p2k42jch2n,at://did:plc:moxr5wj3u5rwf25vgcemftvp/app.bsky.feed.post/3l42kuhxcvt2g,at://did:plc:6okfkqs5whr275g4aahfnboz/app.bsky.feed.post/3l6bekrg7nl2u
at://did:plc:qzgsebbxyzdf6jgsu56vd3nz/app.bsky.feed.post/3l6asc3nwbo2h,bobrunelli.bsky.social,Bruno Brunelli,"E não esqueçam das tags:

#boulos50
#boulosprefeito50
#eleições2024
#boulos",2024-10-11T16:34:37Z,2024-10-11T16:34:37Z,0,0,4,0,0,at://did:plc:qzgsebbxyzdf6jgsu56vd3nz/app.bsky.feed.post/3l6asb4pyhj22,at://did:plc:qzgsebbxyzdf6jgsu56vd3nz/app.bsky.feed.post/3l6as6odgvm2d,NA
at://did:plc:66d4myypwtzbuvibzvhskqcj/app.bsky.feed.post/3l6adzslpbj2a,beto1berto.bsky.social,Beto,"Sem anistia
É um escárnio e absurdo total o que planejam!
Esta extrema-direita é azêmola, estulta, néscia, etc.
Tentativa de Golpe de Estado é Crime (art. 359-L e 359-M, CP).
|
#Democracia #Congresso #SenadoFederal #CâmaraDosDeputados #Poderes #Ameaça #STF #Impunidade #Anomia #Eleições2024 #Política",2024-10-11T12:19:23Z,2024-10-11T12:19:23Z,0,0,3,0,0,at://did:plc:wx7vbeyhzjh3q546ajdxjolw/app.bsky.feed.post/3l6adxyg6vk2g,at://did:plc:wx7vbeyhzjh3q546ajdxjolw/app.bsky.feed.post/3l6adxyg6vk2g,NA
at://did:plc:yt5ca4kwokkeesqoewkl6s47/app.bsky.feed.post/3l66ytmhn4z26,alanvictor.bsky.social,Alan Victor 🇧🇷,"Portanto peço aos meus amigos de Fortaleza, de uma chance ao Evandro Leitão nessas eleições.
Escute as propostas dele e o que ele quer fazer de bom para Fortaleza.
Juntos, Fortaleza pode muito mais!

➡️ #Eleições2024",2024-10-10T23:23:26Z,2024-10-10T23:23:26Z,0,0,1,0,0,at://did:plc:yt5ca4kwokkeesqoewkl6s47/app.bsky.feed.post/3l66yqsxazy2c,at://did:plc:yt5ca4kwokkeesqoewkl6s47/app.bsky.feed.post/3l66yljmkkw2x,NA
at://did:plc:yt5ca4kwokkeesqoewkl6s47/app.bsky.feed.post/3l66yqsxazy2c,alanvictor.bsky.social,Alan Victor 🇧🇷,"André Fernandes trás com ele para governar Fortaleza o projeto do Ex Presidente Bolsonaro.
E vocês sabem tudo de ruim que aconteceu com o Brasil quando Bolsonaro foi Presidente.

➡️ #Eleições2024",2024-10-10T23:21:52Z,2024-10-10T23:21:52Z,1,0,1,0,0,at://did:plc:yt5ca4kwokkeesqoewkl6s47/app.bsky.feed.post/3l66yny7tqb2p,at://did:plc:yt5ca4kwokkeesqoewkl6s47/app.bsky.feed.post/3l66yljmkkw2x,NA
at://did:plc:yt5ca4kwokkeesqoewkl6s47/app.bsky.feed.post/3l66yny7tqb2p,alanvictor.bsky.social,Alan Victor 🇧🇷,"Olha o exemplo dos times de futebol.
Estão endividados até o pescoço por culpa de politiqueiros que acabaram com a credibilidade dos clubes.

➡️ #Eleições2024",2024-10-10T23:20:18Z,2024-10-10T23:20:18Z,1,0,1,0,0,at://did:plc:yt5ca4kwokkeesqoewkl6s47/app.bsky.feed.post/3l66ymts22z2p,at://did:plc:yt5ca4kwokkeesqoewkl6s47/app.bsky.feed.post/3l66yljmkkw2x,NA
at://did:plc:yt5ca4kwokkeesqoewkl6s47/app.bsky.feed.post/3l66ymts22z2p,alanvictor.bsky.social,Alan Victor 🇧🇷,"Quero que vocês saibam uma coisa.
Futebol e Política são duas coisas que não se deve misturar nunca!
Repito.
Nunca!

➡️ #Eleições2024",2024-10-10T23:19:40Z,2024-10-10T23:19:40Z,1,0,1,0,0,at://did:plc:yt5ca4kwokkeesqoewkl6s47/app.bsky.feed.post/3l66yljmkkw2x,at://did:plc:yt5ca4kwokkeesqoewkl6s47/app.bsky.feed.post/3l66yljmkkw2x,NA
at://did:plc:yt5ca4kwokkeesqoewkl6s47/app.bsky.feed.post/3l66w7fk4gb2f,alanvictor.bsky.social,Alan Victor 🇧🇷,"Peço a ti que não desista da política e não desista de nós, porque o nosso sonho ainda não acabou!
Ele só está começando!
Obrigado por tudo.
Te amamos

➡️ #FabiaAlmeida 
➡️ #Eleições2024",2024-10-10T22:36:21Z,2024-10-10T22:36:21Z,0,0,1,0,0,at://did:plc:yt5ca4kwokkeesqoewkl6s47/app.bsky.feed.post/3l66w5sinws2f,at://did:plc:yt5ca4kwokkeesqoewkl6s47/app.bsky.feed.post/3l66vviwapt2i,NA
at://did:plc:yt5ca4kwokkeesqoewkl6s47/app.bsky.feed.post/3l66w5sinws2f,alanvictor.bsky.social,Alan Victor 🇧🇷,"Nas eleições de 2028, lançaremos um novo projeto para a nossa cidade, com propostas para todas as áreas.
Fábia, você foi uma guerreira!
Você não só ganhou um eleitor fiel, mas também ganhou um amigo que sempre estará com você nos momentos bons e ruins.

➡️ #Eleições2024",2024-10-10T22:35:27Z,2024-10-10T22:35:27Z,1,0,1,0,0,at://did:plc:yt5ca4kwokkeesqoewkl6s47/app.bsky.feed.post/3l66w3v5nqz2m,at://did:plc:yt5ca4kwokkeesqoewkl6s47/app.bsky.feed.post/3l66vviwapt2i,NA
at://did:plc:yt5ca4kwokkeesqoewkl6s47/app.bsky.feed.post/3l66w3v5nqz2m,alanvictor.bsky.social,Alan Victor 🇧🇷,"Em 2026, vamos juntos montar um comitê, fazer carreatas e comícios, e pedir votos para os nossos candidatos a Deputado Estadual, Deputado Federal, Senadores, Governador e Presidente, usando 2026 como preparação para 2028.

➡️ #Eleições2024",2024-10-10T22:34:23Z,2024-10-10T22:34:23Z,1,0,1,0,0,at://did:plc:yt5ca4kwokkeesqoewkl6s47/app.bsky.feed.post/3l66w2u43nz2t,at://did:plc:yt5ca4kwokkeesqoewkl6s47/app.bsky.feed.post/3l66vviwapt2i,NA
at://did:plc:yt5ca4kwokkeesqoewkl6s47/app.bsky.feed.post/3l66w2u43nz2t,alanvictor.bsky.social,Alan Victor 🇧🇷,"Se ele fizer coisas que de alguma forma prejudicarem a população, iremos nos mobilizar de forma ferrenha para cobrar uma mudança de governo nas eleições de 2028.

➡️ #Eleições2024",2024-10-10T22:33:48Z,2024-10-10T22:33:48Z,1,0,1,0,0,at://did:plc:yt5ca4kwokkeesqoewkl6s47/app.bsky.feed.post/3l66vyygdvb2x,at://did:plc:yt5ca4kwokkeesqoewkl6s47/app.bsky.feed.post/3l66vviwapt2i,NA
at://did:plc:yt5ca4kwokkeesqoewkl6s47/app.bsky.feed.post/3l66vyygdvb2x,alanvictor.bsky.social,Alan Victor 🇧🇷,"A partir de 2025 estarei junto com você, trabalhando na oposição e cobrando do Prefeito eleito Dr. Vilmar tudo aquilo que ele prometeu para o povo de Acopiara.
Iremos cobrar dele o cumprimento de todas as suas propostas do seu plano de governo.

➡️ #Eleições2024",2024-10-10T22:32:46Z,2024-10-10T22:32:46Z,1,0,1,0,0,at://did:plc:yt5ca4kwokkeesqoewkl6s47/app.bsky.feed.post/3l66vviwapt2i,at://did:plc:yt5ca4kwokkeesqoewkl6s47/app.bsky.feed.post/3l66vviwapt2i,NA
at://did:plc:j3tvli6ujh743ijsmtrpfkby/app.bsky.feed.post/3l66b4tl3h42t,jussaracarneiro.bsky.social,Jussara Carneiro 🚩📚📸🚩Conexão Petista TT,"PORTO ALEGRE, 27/10 é Maria 1️⃣3️⃣
@mariadorosario.bsky.social

VIRAR VOTO em toda POA

@leonelradde.bsky.social @luizmuller.bsky.social @maluluiza.bsky.social @coloradagaucha.bsky.social 
@zoioazualdo.bsky.social @surumle.bsky.social 
@marcellerenat.bsky.social

www.tiktok.com/@brasil_cons...",2024-10-10T16:22:08Z,2024-10-10T16:22:08Z,1,3,7,0,0,at://did:plc:vg2omkr6w6b5laby537vymag/app.bsky.feed.post/3l662s3fcqk25,at://did:plc:j3tvli6ujh743ijsmtrpfkby/app.bsky.feed.post/3l65yn3jiju2l,NA
at://did:plc:66d4myypwtzbuvibzvhskqcj/app.bsky.feed.post/3l65xx462we2u,beto1berto.bsky.social,Beto,"Sem anistia
É um escárnio e absurdo total o que planejam!
Esta extrema-direita é azêmola, estulta, néscia, etc.
Tentativa de Golpe de Estado é Crime (art. 359-L e 359-M, CP).
|
#Democracia #Congresso #SenadoFederal #CâmaraDosDeputados #Poderes #Ameaça #STF #Impunidade #Anomia #Eleições2024 #Política",2024-10-10T13:37:49Z,2024-10-10T13:37:49Z,0,0,2,0,0,at://did:plc:mliymggaxe5zp2s24hqwff3o/app.bsky.feed.post/3l65uqeqrw22z,at://did:plc:mliymggaxe5zp2s24hqwff3o/app.bsky.feed.post/3l65uqeqrw22z,NA
at://did:plc:66d4myypwtzbuvibzvhskqcj/app.bsky.feed.post/3l65xvg5gyz2g,beto1berto.bsky.social,Beto,"Sem anistia
É um escárnio e absurdo total o que planejam!
Esta extrema-direita é azêmola, estulta, néscia, etc.
Tentativa de Golpe de Estado é Crime (art. 359-L e 359-M, CP).
|
#Democracia #Congresso #SenadoFederal #CâmaraDosDeputados #Poderes #Ameaça #STF #Impunidade #Anomia #Eleições2024 #Política",2024-10-10T13:36:52Z,2024-10-10T13:36:52Z,0,0,2,0,0,at://did:plc:52ixidyztkt5iemmirxzha3v/app.bsky.feed.post/3l5x6c7qsxu2l,at://did:plc:52ixidyztkt5iemmirxzha3v/app.bsky.feed.post/3l5x6c7qsxu2l,NA
at://did:plc:66d4myypwtzbuvibzvhskqcj/app.bsky.feed.post/3l65xndk5j325,beto1berto.bsky.social,Beto,"É um escárnio e absurdo total o que planejam!
Esta extrema-direita é azêmola, estulta, néscia, etc.
Tentativa de Golpe de Estado é Crime (art. 359-L e 359-M, CP).
|
#Democracia #SemAnistia #Congresso #SenadoFederal #CâmaraDosDeputados #Poderes #Ameaça #STF #Impunidade #Anomia #Eleições2024 #Política",2024-10-10T13:32:21Z,2024-10-10T13:32:21Z,0,1,4,0,0,at://did:plc:6cyoxahy3t5dzfgvxiwc65yn/app.bsky.feed.post/3l65sf2gfs62m,at://did:plc:6cyoxahy3t5dzfgvxiwc65yn/app.bsky.feed.post/3l65sf2gfs62m,NA
at://did:plc:v2356pfeo63pnluzc62cxi4x/app.bsky.feed.post/3l65vnpy5ut2i,andre.linha10.com.br,André Limart,"6️⃣ Essas eleições são mais que uma disputa municipal. É uma batalha pelo futuro da extrema direita e pelo controle político de São Paulo, o maior colégio eleitoral do país! 🔥 Por isso, você que é de direita, vote Boulos 50. #Eleições2024 #SP2024",2024-10-10T12:56:49Z,2024-10-10T12:56:49Z,0,0,6,0,0,at://did:plc:v2356pfeo63pnluzc62cxi4x/app.bsky.feed.post/3l65vm7nlsu2l,at://did:plc:v2356pfeo63pnluzc62cxi4x/app.bsky.feed.post/3l65vdkarod2e,NA
at://did:plc:jnj4w357xtpv4u2glnk4kn5x/app.bsky.feed.post/3l64j2jyi3727,lucasapaulino.bsky.social,Lucas Paulino,"Esse post está viralizando no Instagram, bora espalhar por aqui também por uma BH sem bolsonarismo, agora é 55 www.instagram.com/p/DA3obXTvSQ...",2024-10-09T23:38:40Z,2024-10-09T23:38:40Z,0,3,19,0,0,at://did:plc:jnj4w357xtpv4u2glnk4kn5x/app.bsky.feed.post/3l64iiof3wk2v,at://did:plc:jnj4w357xtpv4u2glnk4kn5x/app.bsky.feed.post/3l64iiof3wk2v,NA
at://did:plc:yt5ca4kwokkeesqoewkl6s47/app.bsky.feed.post/3l64borqcv22x,alanvictor.bsky.social,Alan Victor 🇧🇷,"Errei

🔻 Acopiara
🔻 Iguatu
🔻 Juazeiro do Norte
🔻 Sobral
🔻 Banabuiú
🔻 Santa Quitéria
🔻 Pentecoste

🟩 Acertei = 16
🟥 Errei = 7
➡️ #Eleições2024",2024-10-09T21:23:50Z,2024-10-09T21:23:50Z,0,0,1,0,0,at://did:plc:yt5ca4kwokkeesqoewkl6s47/app.bsky.feed.post/3l64bnlpw6j2i,at://did:plc:yt5ca4kwokkeesqoewkl6s47/app.bsky.feed.post/3l64bmdmygo2p,NA
at://did:plc:yt5ca4kwokkeesqoewkl6s47/app.bsky.feed.post/3l64bnlpw6j2i,alanvictor.bsky.social,Alan Victor 🇧🇷,"Acertei

🔺 Fortaleza
🔺 Caucaia
🔺 Barbalha
🔺 Tauá
🔺 Crateús
🔺 Crato
🔺 Itapipoca
🔺 Aracati
🔺 Acaraú
🔺 Pacajus
🔺 Piquet Carneiro
🔺 Catarina
🔺 Palhano
🔺 Baixio
🔺 Maranguape
🔺 Maracanaú

➡️ #Eleições2024",2024-10-09T21:23:10Z,2024-10-09T21:23:10Z,1,0,1,0,0,at://did:plc:yt5ca4kwokkeesqoewkl6s47/app.bsky.feed.post/3l64bmdmygo2p,at://did:plc:yt5ca4kwokkeesqoewkl6s47/app.bsky.feed.post/3l64bmdmygo2p,NA
at://did:plc:moxr5wj3u5rwf25vgcemftvp/app.bsky.feed.post/3l63vlgfo3x27,mbf.net.br,Mateus BF,"[ #eleições2024 - E MANAUS COM ISSO?]

Não dá pra esperar nada desses
🥇David Almeida (AVANTE) - disputa reeleição: 32,16%=354.596 votos
🥈Cap. Alberto Neto (PL): 24,94%=275.063 votos

E desse, vc ainda espera?
🥉Amom Mandel (CIDADANIA): 19,10%=208.647 votos

ℹ️em 2022, 🤡Bozo teve 61% de votos em Manaus",2024-10-09T17:50:11Z,2024-10-09T17:50:11Z,0,0,1,0,0,at://did:plc:moxr5wj3u5rwf25vgcemftvp/app.bsky.feed.post/3l3527tcr3s2h,at://did:plc:moxr5wj3u5rwf25vgcemftvp/app.bsky.feed.post/3l34zmwwsy52c,NA
at://did:plc:moxr5wj3u5rwf25vgcemftvp/app.bsky.feed.post/3l62enqlhnf2e,mbf.net.br,Mateus BF,"[ #eleições2024 - EMBALANDO VOTOS]

bradaram: ""a periferia agora é o centro""
prometeram: ""a Amazônia é o centro mundo""
@hugoalbuquerque.bsky.social diz: ""a periferia precisa embalar o centro""

do texto suave-coisa-nenhuma👇 penso: pra embalar sonhos, o centro (da campanha) precisa (re)nascer a perifa",2024-10-09T03:14:36Z,2024-10-09T03:14:36Z,1,2,8,0,0,at://did:plc:moxr5wj3u5rwf25vgcemftvp/app.bsky.feed.post/3l5zvti62kw2a,at://did:plc:moxr5wj3u5rwf25vgcemftvp/app.bsky.feed.post/3l5wb4lbeua2u,at://did:plc:bb526zl6ers3bc65zxuaxt3x/app.bsky.feed.post/3l5zbgi25n72o
at://did:plc:tkepxleykbak6gfewwsnm6lf/app.bsky.feed.post/3l62byxbdh32u,pesquisasbr2.bsky.social,Pesquisas Brasil 🇧🇷,"🚨 Pesquisa: Eleição Municipal Fortaleza 2° Turno 🇧🇷

🟥 Leitão (PT)
🟦 Fernandes (PL)

Vote neste link: pollie.app/5x6bg

#eleições #eleições2024 #leitão #andrefernandes",2024-10-09T02:26:13Z,2024-10-09T02:26:13Z,0,0,2,0,0,at://did:plc:lmhcv3ztmpia46lgxti5doea/app.bsky.feed.post/3l5zqqs2for2f,at://did:plc:lmhcv3ztmpia46lgxti5doea/app.bsky.feed.post/3l5zqqs2for2f,NA
at://did:plc:tkepxleykbak6gfewwsnm6lf/app.bsky.feed.post/3l62bxu27h22n,pesquisasbr2.bsky.social,Pesquisas Brasil 🇧🇷,"🚨 Pesquisa: Eleição Municipal São Paulo 2° Turno 🇧🇷

🟩 Nunes (MDB)
🟨 Boulos (PSOL)

Vote neste link: pollie.app/xshg6

#eleições #eleições2024 #boulos #ricardonunes",2024-10-09T02:25:36Z,2024-10-09T02:25:36Z,0,0,0,0,0,at://did:plc:acvjxnp5fsqoq4fwri6wuqj7/app.bsky.feed.post/3l623u4zsuu2p,at://did:plc:acvjxnp5fsqoq4fwri6wuqj7/app.bsky.feed.post/3l623u4zsuu2p,NA
at://did:plc:tkepxleykbak6gfewwsnm6lf/app.bsky.feed.post/3l62bwvl52k2o,pesquisasbr2.bsky.social,Pesquisas Brasil 🇧🇷,"🚨 Pesquisa: Eleição Municipal São Paulo 2° Turno 🇧🇷

🟩 Nunes (MDB)
🟨 Boulos (PSOL)

Vote neste link: pollie.app/xshg6

#eleições #eleições2024 #boulos #ricardonunes",2024-10-09T02:25:04Z,2024-10-09T02:25:04Z,0,0,0,0,0,at://did:plc:mql42rfhtfet5b7eogpawlt5/app.bsky.feed.post/3l5zygsdujk2p,at://did:plc:mql42rfhtfet5b7eogpawlt5/app.bsky.feed.post/3l5zygsdujk2p,NA
at://did:plc:6yag4ebdi3wc2w3clgyztthf/app.bsky.feed.post/3l5zy3hve3a2b,mst.org.br,Movimento Sem Terra (MST),"‼️ Eleita em 2020, Paolla se tornou a vereadora mais jovem da cidade a assumir o mandato em 2021. Com sua reeleição, ela continua a fortalecer a voz das minorias e a construir um futuro mais igualitário em Campinas!

#MSTnasEleições #DireitosHumanos #Eleições2024",2024-10-08T23:29:39Z,2024-10-08T23:29:39Z,0,0,11,0,0,at://did:plc:6yag4ebdi3wc2w3clgyztthf/app.bsky.feed.post/3l5zy3af6g526,at://did:plc:6yag4ebdi3wc2w3clgyztthf/app.bsky.feed.post/3l5zy3af6g526,NA
at://did:plc:moxr5wj3u5rwf25vgcemftvp/app.bsky.feed.post/3l5zvti62kw2a,mbf.net.br,Mateus BF,"[ #eleiçoes2024 - CAÇANDO ""VOTO DE ESQUERDA""™]

Votos na capital paulista
ℹ️em 2022, Lula=3.677.921 (2º turno)
ℹ️em 2022, Marina=237.521
ℹ️em 2022, Boulos=1.001.472
➕
ℹ️em 2024, Boulos=1.776.127
ℹ️em 2024, Tabata=605.498
ℹ️em 2024, vereadores🚩=1.809.203 (PSOL+REDE+PT+PCdoB+PV+PDT+PSB)

faltam 25k
Vai q dá",2024-10-08T22:49:23Z,2024-10-08T22:49:23Z,1,0,2,0,0,at://did:plc:moxr5wj3u5rwf25vgcemftvp/app.bsky.feed.post/3l5wb4lbeua2u,at://did:plc:moxr5wj3u5rwf25vgcemftvp/app.bsky.feed.post/3l5wb4lbeua2u,NA
at://did:plc:6yag4ebdi3wc2w3clgyztthf/app.bsky.feed.post/3l5ztwx5puz2v,mst.org.br,Movimento Sem Terra (MST),"Mariana reafirma seu compromisso de garantir que esses leis façam diferença real na vida das pessoas, promovendo mais dignidade e direitos para todos e todas.

#MSTnasEleições #MulheresNaPolítica #Eleições2024",2024-10-08T22:15:32Z,2024-10-08T22:15:32Z,0,1,11,0,0,at://did:plc:6yag4ebdi3wc2w3clgyztthf/app.bsky.feed.post/3l5ztwp7xpf27,at://did:plc:6yag4ebdi3wc2w3clgyztthf/app.bsky.feed.post/3l5ztweak5o2p,NA
at://did:plc:moxr5wj3u5rwf25vgcemftvp/app.bsky.feed.post/3l5ymsrw77i2o,mbf.net.br,Mateus BF,"[ #eleições2024 - QUEM PERDEU, NA REAL?]

📍Colniza/MT
🗳️Miltinho(UNIÃO): reeleito prefeito com 78,56% dos votos (10.442)

Veja o🧶☝️pra entender o tamanho da tragédia

Veja👇do que Colniza se livrou
✖️Walzinho(PL): perdeu com 21,44% (2.850 votos)
  💸recebeu R$5Mi em multas ambientais DURANTE A ELEIÇÃO",2024-10-08T10:35:16Z,2024-10-08T10:35:16Z,0,1,0,1,0,at://did:plc:moxr5wj3u5rwf25vgcemftvp/app.bsky.feed.post/3l44k27pezb2v,at://did:plc:moxr5wj3u5rwf25vgcemftvp/app.bsky.feed.post/3l44iidgluf2e,NA
at://did:plc:moxr5wj3u5rwf25vgcemftvp/app.bsky.feed.post/3l5xp5yq2ke22,mbf.net.br,Mateus BF,"[ #eleições2024 - GARIMPANDO VOTOS]

🗳️Nicodemos Aguiar/MDB: prefeito eleito com 48,26% (29.926 votos)
  ↪️atual vice de Valmir Climaco
📍Itaituba/PA, ""cidade pepita""
ℹ️em 2022, ""produziu"" 12 Ton. de ouro: maior do 🇧🇷
ℹ️de 1990 a 2021, concentrou 41% das permissões de garimpo do 🇧🇷
  🟰106k ha degradados

👇",2024-10-08T01:44:40Z,2024-10-08T01:44:40Z,0,1,0,0,0,at://did:plc:moxr5wj3u5rwf25vgcemftvp/app.bsky.feed.post/3l352uad4hv26,at://did:plc:moxr5wj3u5rwf25vgcemftvp/app.bsky.feed.post/3l34zmwwsy52c,NA
at://did:plc:6ux3fjodb43gwvc5yiqrokty/app.bsky.feed.post/3l5xo22ldhw24,fogopark24h.bsky.social,Fogo no Parque 🇧🇷,"OLEE OLEE OLEE OLAAAA
NAATAAAA-----LIAAAAAA!

#FogoNoParque recomenda aos eleitores da capital do Rio Grande do Norte o voto em Natália Bonavides, fazendo coro com a capital do Rio Grande do Sul, com Maria do Rosário! #Vote13RN #Vote13RS #Eleiçoes2024 #Natal #PortoAlegre",2024-10-08T01:24:33Z,2024-10-08T01:24:33Z,0,1,0,0,0,at://did:plc:go2rbxfclugdyr7k6tgk6wxu/app.bsky.feed.post/3l5valrzbdj2e,at://did:plc:go2rbxfclugdyr7k6tgk6wxu/app.bsky.feed.post/3l5valrzbdj2e,NA
at://did:plc:fg2jydgkebiuzb42ts3bguyd/app.bsky.feed.post/3l5xkaajzzt22,fladenoticias.bsky.social,Fla De Noticias,"REACT! MARCOS BRAZ E CACAU COTTA NÃO SÃO ELEITOS VEREADORES CLIQUE AQUI : 👇 🤣https://youtu.be/LkzGOHKa_V0?si=hKeeG6aYGFjCDaV9 
#Flamengo #Braz #Eleições2024",2024-10-08T00:16:27Z,2024-10-08T00:16:27Z,0,0,0,0,0,at://did:plc:g26qntfbmqzgch3yj2exf5pf/app.bsky.feed.post/3l5uv55iu562d,at://did:plc:g26qntfbmqzgch3yj2exf5pf/app.bsky.feed.post/3l5uv55iu562d,NA
at://did:plc:4ccrr6waovbguyq3klkhehuh/app.bsky.feed.post/3l5xemjkd2e2n,bandnewsfmrio.bsky.social,BandNews FM - Rio de Janeiro,Confira a entrevista completa no nosso canal do YouTube: youtu.be/EDzDEjvCtwM #Eleições2024 #BandNewsFM,2024-10-07T22:35:43Z,2024-10-07T22:35:43Z,0,0,0,0,0,at://did:plc:4ccrr6waovbguyq3klkhehuh/app.bsky.feed.post/3l5xekn2ruo2q,at://did:plc:4ccrr6waovbguyq3klkhehuh/app.bsky.feed.post/3l5xekn2ruo2q,NA
at://did:plc:sn7b23h46p4l3hkhm6mwpwzm/app.bsky.feed.post/3l5xdyk6ien2o,carlosgeovane.bsky.social,‏️#ϾG 🦋 ‏️»,#RBSnotícias #Eleições2024,2024-10-07T22:25:43Z,2024-10-07T22:24:47Z,0,0,0,0,0,at://did:plc:sn7b23h46p4l3hkhm6mwpwzm/app.bsky.feed.post/3l5xdxdz3yp27,at://did:plc:sn7b23h46p4l3hkhm6mwpwzm/app.bsky.feed.post/3l5xdxdz3yp27,NA
at://did:plc:sn7b23h46p4l3hkhm6mwpwzm/app.bsky.feed.post/3l5xdpy3pvh2i,carlosgeovane.bsky.social,‏️#ϾG 🦋 ‏️»,#RBSnotícias #Eleições2024,2024-10-07T22:20:56Z,2024-10-07T22:20:00Z,0,0,0,0,0,at://did:plc:sn7b23h46p4l3hkhm6mwpwzm/app.bsky.feed.post/3l5xdp7ct4x2x,at://did:plc:sn7b23h46p4l3hkhm6mwpwzm/app.bsky.feed.post/3l5xdp7ct4x2x,NA
at://did:plc:sn7b23h46p4l3hkhm6mwpwzm/app.bsky.feed.post/3l5xdlsqjmw2o,carlosgeovane.bsky.social,‏️#ϾG 🦋 ‏️»,#RBSnotícias #Eleições2024,2024-10-07T22:18:36Z,2024-10-07T22:17:40Z,0,0,0,0,0,at://did:plc:sn7b23h46p4l3hkhm6mwpwzm/app.bsky.feed.post/3l5xdlapgxq24,at://did:plc:sn7b23h46p4l3hkhm6mwpwzm/app.bsky.feed.post/3l5xdlapgxq24,NA
at://did:plc:sn7b23h46p4l3hkhm6mwpwzm/app.bsky.feed.post/3l5xdj3lu5y2o,carlosgeovane.bsky.social,‏️#ϾG 🦋 ‏️»,"Que vergonha, Caxias. 
#RBSnotícias #Eleições2024",2024-10-07T22:17:04Z,2024-10-07T22:16:09Z,0,0,0,0,0,at://did:plc:sn7b23h46p4l3hkhm6mwpwzm/app.bsky.feed.post/3l5xdiike6p2x,at://did:plc:sn7b23h46p4l3hkhm6mwpwzm/app.bsky.feed.post/3l5xdiike6p2x,NA
at://did:plc:4ccrr6waovbguyq3klkhehuh/app.bsky.feed.post/3l5xcn3a36u2p,bandnewsfmrio.bsky.social,BandNews FM - Rio de Janeiro,Confira a entrevista completa no nosso canal do YouTube: youtu.be/EDzDEjvCtwM #Eleições2024 #BandNewsFM,2024-10-07T22:00:14Z,2024-10-07T22:00:14Z,0,0,0,0,0,at://did:plc:4ccrr6waovbguyq3klkhehuh/app.bsky.feed.post/3l5xcmcgnxi24,at://did:plc:4ccrr6waovbguyq3klkhehuh/app.bsky.feed.post/3l5xcmcgnxi24,NA
at://did:plc:4mps62nvxfvlqsg6x7p5pfx5/app.bsky.feed.post/3l5x7sadu3k23,heliodelapena.bsky.social,Helio de La Peña,"No IG você acompanha o corte com os melhores memes das #eleições2024 de SP :

www.instagram.com/p/DAwtcxsPW8C/",2024-10-07T21:09:40Z,2024-10-07T21:09:40Z,0,0,0,0,0,at://did:plc:4mps62nvxfvlqsg6x7p5pfx5/app.bsky.feed.post/3l5x7lodwzs2t,at://did:plc:4mps62nvxfvlqsg6x7p5pfx5/app.bsky.feed.post/3l5x7lodwzs2t,NA
at://did:plc:4ccrr6waovbguyq3klkhehuh/app.bsky.feed.post/3l5x3djz2tv2x,bandnewsfmrio.bsky.social,BandNews FM - Rio de Janeiro,Confira a entrevista completa no nosso canal do YouTube: youtu.be/EDzDEjvCtwM #Eleições2024 #BandNewsFM,2024-10-07T19:49:38Z,2024-10-07T19:49:38Z,0,0,0,0,0,at://did:plc:4ccrr6waovbguyq3klkhehuh/app.bsky.feed.post/3l5x3cwiuxs2y,at://did:plc:4ccrr6waovbguyq3klkhehuh/app.bsky.feed.post/3l5x3cwiuxs2y,NA
at://did:plc:oiytk54p7dapignhy5uopr5b/app.bsky.feed.post/3l5xhrvkkfv2f,edcruz.bsky.social,Edcruz,"Eleita com votos de cristãos, pais de família, cidadãos de bem e patriotas que dizem que a esquerda que é um péssimo exemplo para a sociedade.
#brasil #apuração #boanoite #eleicoes2024",2024-10-07T19:32:32Z,2024-10-07T19:32:32Z,0,0,1,0,0,at://did:plc:ut56ijevus2ct7iajvoqytha/app.bsky.feed.post/3l5xhnhdpqp2d,at://did:plc:ut56ijevus2ct7iajvoqytha/app.bsky.feed.post/3l5xhnhdpqp2d,NA
at://did:plc:4ccrr6waovbguyq3klkhehuh/app.bsky.feed.post/3l5wwfpxivm2u,bandnewsfmrio.bsky.social,BandNews FM - Rio de Janeiro,Confira a entrevista completa no nosso canal do YouTube: youtu.be/EDzDEjvCtwM #Eleições2024 #BandNewsFM,2024-10-07T18:21:23Z,2024-10-07T18:21:23Z,0,0,1,0,0,at://did:plc:4ccrr6waovbguyq3klkhehuh/app.bsky.feed.post/3l5wwbxxwnx2g,at://did:plc:4ccrr6waovbguyq3klkhehuh/app.bsky.feed.post/3l5wwbxxwnx2g,NA
at://did:plc:4ccrr6waovbguyq3klkhehuh/app.bsky.feed.post/3l5wwffz7y322,bandnewsfmrio.bsky.social,BandNews FM - Rio de Janeiro,Confira a entrevista completa no nosso canal do YouTube: youtu.be/EDzDEjvCtwM #Eleições2024 #BandNewsFM,2024-10-07T18:21:13Z,2024-10-07T18:21:13Z,0,0,1,0,0,at://did:plc:4ccrr6waovbguyq3klkhehuh/app.bsky.feed.post/3l5wtj4inbp2k,at://did:plc:4ccrr6waovbguyq3klkhehuh/app.bsky.feed.post/3l5wtj4inbp2k,NA
at://did:plc:tkepxleykbak6gfewwsnm6lf/app.bsky.feed.post/3l5wvbghpn72v,pesquisasbr2.bsky.social,Pesquisas Brasil 🇧🇷,"🚨 Pesquisa: Eleição Municipal São Paulo 2° Turno 🇧🇷

🟩 Nunes (MDB)
🟨 Boulos (PSOL)

Vote neste link: pollie.app/xshg6

#eleições #eleições2024 #boulos #ricardonunes",2024-10-07T18:00:19Z,2024-10-07T18:00:19Z,0,0,0,0,0,at://did:plc:acvjxnp5fsqoq4fwri6wuqj7/app.bsky.feed.post/3l5wqahmaii2d,at://did:plc:acvjxnp5fsqoq4fwri6wuqj7/app.bsky.feed.post/3l5wqahmaii2d,NA
at://did:plc:66d4myypwtzbuvibzvhskqcj/app.bsky.feed.post/3l5wuzzm6ig2i,beto1berto.bsky.social,Beto,#democracia #eleições2024 #bancada #ExtremaDireitaNuncaMais #ExtremaDireita #política #Debate,2024-10-07T17:57:11Z,2024-10-07T17:57:10Z,0,0,0,0,0,at://did:plc:66d4myypwtzbuvibzvhskqcj/app.bsky.feed.post/3l5wuyui5ud2x,at://did:plc:66d4myypwtzbuvibzvhskqcj/app.bsky.feed.post/3l5wuyui5ud2x,NA
at://did:plc:u23x2dljjn36qxzeqhbujgq7/app.bsky.feed.post/3l5whgl3vl72t,ibahia.bsky.social,ibahia,"Confira a lista dos vereadores eleitos em Salvador ⬇️

📲 www.ibahia.com/noticias/pol...

#iBahia #Eleições #Eleições2024 #Salvador",2024-10-07T13:53:39Z,2024-10-07T13:53:39Z,0,0,0,0,0,at://did:plc:u23x2dljjn36qxzeqhbujgq7/app.bsky.feed.post/3l5whdi2bkt2p,at://did:plc:u23x2dljjn36qxzeqhbujgq7/app.bsky.feed.post/3l5wh5gy3t42m,NA
at://did:plc:u23x2dljjn36qxzeqhbujgq7/app.bsky.feed.post/3l5whdi2bkt2p,ibahia.bsky.social,ibahia,"Eleições 2024: Igor Kannário, A Dama e Polly são derrotados nas urnas

📲 www.ibahia.com/noticias/pol...

#iBahia #Eleições #Eleições2024 #Salvador #ADama #Kannario #OhPolêmico",2024-10-07T13:51:55Z,2024-10-07T13:51:55Z,2,0,0,0,0,at://did:plc:u23x2dljjn36qxzeqhbujgq7/app.bsky.feed.post/3l5whasgmma25,at://did:plc:u23x2dljjn36qxzeqhbujgq7/app.bsky.feed.post/3l5wh5gy3t42m,NA
at://did:plc:owywvwcj6fjg3elgfgb6hplc/app.bsky.feed.post/3l5weegbmou2r,rafaelmolica.bsky.social,Rafael Molica,"Amanda Paschoal, a vereadora mais votada do Psol em São Paulo, e Débora Camilo, vereadora mais votada de Santos, tiveram o apoio dela. Que sejam muito prósperas em seus mandatos. #Eleições2024 #Eleições24",2024-10-07T12:58:49Z,2024-10-07T12:58:45Z,1,0,1,0,0,at://did:plc:owywvwcj6fjg3elgfgb6hplc/app.bsky.feed.post/3l5webmj4r62r,at://did:plc:owywvwcj6fjg3elgfgb6hplc/app.bsky.feed.post/3l5webmj4r62r,NA
at://did:plc:euslqsjexambvqvrdro5xuib/app.bsky.feed.post/3l5vlhumukn2c,sandogslove.bsky.social,Melina ❤️🖤,"A vinda da Madonna aqui pro Rio foi um surto coletivo. Cara...que doideira 🗣 O tanto de meme q rendeu, o povo animado cantando tudo errado...todo mundo feliz. Madonna mascarada no ensaio, o povo gritando. Foi incrível! E o arrebatamento foi o show...um espetáculo 
#EduardoPaes #Eleições2024",2024-10-07T05:33:17Z,2024-10-07T05:33:17Z,0,0,0,0,0,at://did:plc:ss7zmsfvuw5wwxefvz5flgbb/app.bsky.feed.post/3l5uuic3ufu2g,at://did:plc:ss7zmsfvuw5wwxefvz5flgbb/app.bsky.feed.post/3l5uuic3ufu2g,NA
at://did:plc:cklcr4ornyv3bpwexkz6gfsf/app.bsky.feed.post/3l5vf6rnte42q,w46n40.bsky.social,╚W46N40╝,"... as #Eleições2024 aqui de SP, é como a vida, as vezes se ganha, as vezes se perde e, isso tudo são fases e",2024-10-07T03:40:50Z,2024-10-07T03:40:50Z,0,1,3,1,0,at://did:plc:qrlodsav63erq6ukjv7slvp3/app.bsky.feed.post/3l5ve42oo262w,at://did:plc:qrlodsav63erq6ukjv7slvp3/app.bsky.feed.post/3l5ve42oo262w,NA
at://did:plc:cklcr4ornyv3bpwexkz6gfsf/app.bsky.feed.post/3l5vf46dfrd2w,w46n40.bsky.social,╚W46N40╝,"... as #Eleições2024 aqui de SP, é como a vida, as vezes se ganha, as vezes se perde e, isso tudo são fases e",2024-10-07T03:39:22Z,2024-10-07T03:39:22Z,0,0,0,0,0,at://did:plc:2tzhtosg4r3vtknxectnhode/app.bsky.feed.post/3l5veeafugh26,at://did:plc:2tzhtosg4r3vtknxectnhode/app.bsky.feed.post/3l5veeafugh26,NA
at://did:plc:cklcr4ornyv3bpwexkz6gfsf/app.bsky.feed.post/3l5vcgnnpn52t,w46n40.bsky.social,╚W46N40╝,"... as #Eleições2024 aqui de SP, é como a vida, as vezes se ganha, as vezes se perde e, isso tudo são fases e",2024-10-07T02:51:33Z,2024-10-07T02:51:33Z,0,0,0,0,0,at://did:plc:vfwb3qvgj5cef6j3nybcloip/app.bsky.feed.post/3l5vaiwfitm23,at://did:plc:vfwb3qvgj5cef6j3nybcloip/app.bsky.feed.post/3l5vaiwfitm23,NA
at://did:plc:cklcr4ornyv3bpwexkz6gfsf/app.bsky.feed.post/3l5vcctmrli27,w46n40.bsky.social,╚W46N40╝,"... as #Eleições2024 aqui de SP, é como a vida, as vezes se ganha, as vezes se perde e, isso tudo são fases e",2024-10-07T02:49:24Z,2024-10-07T02:49:24Z,0,0,0,0,0,at://did:plc:73jdcs6vp2cbykbwhbixwido/app.bsky.feed.post/3l5vb2faorx2m,at://did:plc:73jdcs6vp2cbykbwhbixwido/app.bsky.feed.post/3l5vb2faorx2m,NA
at://did:plc:cklcr4ornyv3bpwexkz6gfsf/app.bsky.feed.post/3l5vcajwdog2m,w46n40.bsky.social,╚W46N40╝,"... as #Eleições2024 aqui de SP, é como a vida, as vezes se ganha, as vezes se perde e, isso tudo são fases e",2024-10-07T02:48:07Z,2024-10-07T02:48:07Z,0,0,0,0,0,at://did:plc:xt33lumb7kwn3zc2dymuek33/app.bsky.feed.post/3l5vbgflih62p,at://did:plc:xt33lumb7kwn3zc2dymuek33/app.bsky.feed.post/3l5vbgflih62p,NA
at://did:plc:cklcr4ornyv3bpwexkz6gfsf/app.bsky.feed.post/3l5vc6akcqb2s,w46n40.bsky.social,╚W46N40╝,"... as #Eleições2024 aqui de SP, é como a vida, as vezes se ganha, as vezes se perde e, isso tudo são fases e",2024-10-07T02:46:50Z,2024-10-07T02:46:50Z,0,0,0,0,0,at://did:plc:ehbyvwzfodsi5ihlvluip5tz/app.bsky.feed.post/3l5vajfibnn2h,at://did:plc:ehbyvwzfodsi5ihlvluip5tz/app.bsky.feed.post/3l5vajfibnn2h,NA
at://did:plc:moxr5wj3u5rwf25vgcemftvp/app.bsky.feed.post/3l5vaxnyo7p2g,mbf.net.br,Mateus BF,"[ #eleições2024 - PSOL, E BELÉM?]

Veja o 🧶👇 com legítima belenense pra entender o q tá acontecendo na capital do Parazão

Ano q vem, com a #COP30 parece q será a capital MUNDIAL do climão...",2024-10-07T02:25:15Z,2024-10-07T02:25:15Z,2,0,2,0,0,at://did:plc:moxr5wj3u5rwf25vgcemftvp/app.bsky.feed.post/3l5uwxozkre2x,at://did:plc:moxr5wj3u5rwf25vgcemftvp/app.bsky.feed.post/3l34zmwwsy52c,at://did:plc:7m22dlc3gg3nbrjpualyzic4/app.bsky.feed.post/3l5v5skwlky2n
at://did:plc:ghaabknlv2rd23hicqu6tpaa/app.bsky.feed.post/3l5vajoyfaf2i,rthiago100.bsky.social,Rafson Thiago,"e agora, Sereia?

para QUEM o MARÇAL VAI APOIAR NESSE 2º TURNO por ai?

kkkkkkkkkkkkkkkkkkk

pelo menos deu entreterimento p gente rir ne?

#EleiçõesSP
#Eleições2024",2024-10-07T02:19:56Z,2024-10-07T02:17:28Z,0,0,0,0,0,at://did:plc:u2l4bab66tfjcqkgh4jbsc6s/app.bsky.feed.post/3l5va7prs4i2z,at://did:plc:ghaabknlv2rd23hicqu6tpaa/app.bsky.feed.post/3l5va5mqf4c2x,NA
at://did:plc:2uuyobebl24s5d4kgdts2w5l/app.bsky.feed.post/3l5v7zluclt2q,ofalador.bsky.social,O Falador,"As esquerdas TÊM de entender que a segurança pública é, não é de hoje, seu calcanhar de Aquiles, e foi por onde a ext. direita se esgueirou p/ a vida politica brasileira!
Têm de entender que:
50.000 homicídios/ano NÃO é normal!
Bandido NÃO É VITIMA, seja qual for sua cor de pele, etc.
#Eleicoes2024",2024-10-07T02:08:25Z,2024-10-07T02:08:25Z,0,0,1,0,0,at://did:plc:2uuyobebl24s5d4kgdts2w5l/app.bsky.feed.post/3l5v7pa7rvb2v,at://did:plc:2uuyobebl24s5d4kgdts2w5l/app.bsky.feed.post/3l5v7pa7rvb2v,NA
at://did:plc:vsjyrw6esslcvq2acnhc2pey/app.bsky.feed.post/3l5v3jatk242c,uaiteve.bsky.social,Douglas Pereira,"#ELEIÇÕES2024 - RESULTADO FINAL 

Consulta Popular (troca de bandeira) - 100% de urnas apuradas

NÃO - 84,32%
SIM - 15,68%",2024-10-07T00:47:44Z,2024-10-07T00:47:44Z,1,0,1,0,0,at://did:plc:vsjyrw6esslcvq2acnhc2pey/app.bsky.feed.post/3l5uuzlehgp2n,at://did:plc:vsjyrw6esslcvq2acnhc2pey/app.bsky.feed.post/3l5umnnp2ug23,NA
at://did:plc:vsjyrw6esslcvq2acnhc2pey/app.bsky.feed.post/3l5v3hxhgl62i,uaiteve.bsky.social,Douglas Pereira,"#ELEIÇÕES2024 - RESULTADO FINAL (TEREMOS 2º TURNO)

Prefeitura de BH - 100% de urnas apuradas

Bruno Engler (PL) - 34,38% 
Fuad Noman (PSD) - 26,24%",2024-10-07T00:47:00Z,2024-10-07T00:47:00Z,0,0,1,0,0,at://did:plc:vsjyrw6esslcvq2acnhc2pey/app.bsky.feed.post/3l5uutnvdqr22,at://did:plc:vsjyrw6esslcvq2acnhc2pey/app.bsky.feed.post/3l5umkgg6rf2w,NA
at://did:plc:irzxt2ijpfh5zpwhful4v63o/app.bsky.feed.post/3l5v323bdif2i,nico.bsky.social,nico na #AFazenda 16 🤠🪑 | @niconatv,#Eleições2024,2024-10-07T00:39:15Z,2024-10-07T00:39:15Z,0,0,2,0,0,at://did:plc:irzxt2ijpfh5zpwhful4v63o/app.bsky.feed.post/3l5uwuhtvfw2l,at://did:plc:irzxt2ijpfh5zpwhful4v63o/app.bsky.feed.post/3l5uwuhtvfw2l,at://did:plc:r3eqqvo5fsblqnbadfulsfel/app.bsky.feed.post/3l5umll2q5d2a
at://did:plc:e2i4sppog5yx6m6zqmmy3zfb/app.bsky.feed.post/3l5v2z4h6cd22,becabonne7.bsky.social,Avisadora Perguntadora Respondedora Pleonástica,"#eleições2024 

g1.globo.com/sp/sao-paulo...",2024-10-07T00:38:42Z,2024-10-07T00:38:42Z,0,0,0,0,0,at://did:plc:e2i4sppog5yx6m6zqmmy3zfb/app.bsky.feed.post/3l5v2v7ll552w,at://did:plc:e2i4sppog5yx6m6zqmmy3zfb/app.bsky.feed.post/3l5v2v7ll552w,NA
at://did:plc:7yvqral3n7eje5ydn7onfk5a/app.bsky.feed.post/3l5uzggh3cx2x,thurvicentini.bsky.social,Arthur Vicentini,"21h10:
SEGUNDO TURNO ENTRE NUNES E BOULOS
#Eleições2024",2024-10-07T00:11:04Z,2024-10-07T00:10:22Z,0,0,0,0,0,at://did:plc:7yvqral3n7eje5ydn7onfk5a/app.bsky.feed.post/3l5uxf5flm32b,at://did:plc:7yvqral3n7eje5ydn7onfk5a/app.bsky.feed.post/3l5ut6h5pvz23,NA
at://did:plc:ilf5l4apkg4lahbx4o7fyhhs/app.bsky.feed.post/3l5uywgosdj27,vincerodrig.bsky.social,☾ 𝐕𝟏𝐍𝐂𝟑 ★,Amanda Paschoal (PSOL) é eleita vereadora de São Paulo com mais de 70 mil votos. #Eleições2024,2024-10-07T00:01:25Z,2024-10-07T00:01:25Z,0,0,2,0,0,at://did:plc:ilf5l4apkg4lahbx4o7fyhhs/app.bsky.feed.post/3l5uyuvncuh24,at://did:plc:ilf5l4apkg4lahbx4o7fyhhs/app.bsky.feed.post/3l5uyuvncuh24,NA
at://did:plc:fnvlldslznsdvgh4nsjawhtn/app.bsky.feed.post/3l5uywa6tf522,roboreborn.bsky.social,𝐅𝐢𝐦 𝐝𝐨 𝐦𝐮𝐧𝐝𝐨 🌎,"Faz o M de Merda que eles têm na cabeça!🤣🤣🤣🤣🤣
#Eleicoes2024",2024-10-07T00:01:16Z,2024-10-07T00:01:16Z,0,0,2,0,0,at://did:plc:44vqjiiftiz32k4thwduvtcq/app.bsky.feed.post/3l5uxn3i2zb23,at://did:plc:44vqjiiftiz32k4thwduvtcq/app.bsky.feed.post/3l5uxn3i2zb23,NA
at://did:plc:mzrxny5rozyb7xeoiuzxgrtv/app.bsky.feed.post/3l5uyoqfqd524,tvpessegueiros.bsky.social,TV Pessegueiros,"Veja o resultados oficial das #Eleições2024 em Teresópolis:

#TVPessegueiros #Teresópolis #Eleições2024",2024-10-06T23:57:07Z,2024-10-06T23:57:07Z,0,0,1,0,0,at://did:plc:mzrxny5rozyb7xeoiuzxgrtv/app.bsky.feed.post/3l5uynqlydf2u,at://did:plc:mzrxny5rozyb7xeoiuzxgrtv/app.bsky.feed.post/3l5uynqlydf2u,NA
at://did:plc:fnvlldslznsdvgh4nsjawhtn/app.bsky.feed.post/3l5uyoa3wcg2e,roboreborn.bsky.social,𝐅𝐢𝐦 𝐝𝐨 𝐦𝐮𝐧𝐝𝐨 🌎,"Faz o M de ME FODI!!!
#Eleicoes2024",2024-10-06T23:56:48Z,2024-10-06T23:56:48Z,0,0,1,0,0,at://did:plc:ehbyvwzfodsi5ihlvluip5tz/app.bsky.feed.post/3l5uxyxcqv32a,at://did:plc:ehbyvwzfodsi5ihlvluip5tz/app.bsky.feed.post/3l5uxyxcqv32a,NA
at://did:plc:kh6cs2gjvgix4b3fqwe52dpk/app.bsky.feed.post/3l5uyalflvl26,marcrisnunes.bsky.social,MarCris Nunes,"Votei.Penso que numa DEMOCRACIA, o voto NÃO deveria ser OBRIGATÓRIO. 
#eleicoes2024
 #vozdademocracia
.",2024-10-06T23:49:12Z,2024-10-06T23:49:12Z,0,0,0,0,0,at://did:plc:a5o5pa6imrd52s627zq63zgz/app.bsky.feed.post/3l5uf6zhw4z2k,at://did:plc:a5o5pa6imrd52s627zq63zgz/app.bsky.feed.post/3l5uf6zhw4z2k,NA
at://did:plc:lwmlcxhouqyexc2v5ez7pwh7/app.bsky.feed.post/3l5uxz2oree2v,geraldopost.bsky.social,Geraldo Jr,"Tabata Amaral anuncia apoio a Boulos no segundo turno das Eleições

#eleicoes2024",2024-10-06T23:44:59Z,2024-10-06T23:44:59Z,0,0,0,0,0,at://did:plc:lwmlcxhouqyexc2v5ez7pwh7/app.bsky.feed.post/3l5uxldpzex22,at://did:plc:lwmlcxhouqyexc2v5ez7pwh7/app.bsky.feed.post/3l5un3cahtz24,NA
at://did:plc:irzxt2ijpfh5zpwhful4v63o/app.bsky.feed.post/3l5uxv5xzxg2g,nico.bsky.social,nico na #AFazenda 16 🤠🪑 | @niconatv,"RESULTADO FINAL - Itapecerica da Serra/SP (100% das urnas apuradas):

Ramon Corsini eleito com 47,39% dos votos. #Eleições2024",2024-10-06T23:42:48Z,2024-10-06T23:42:48Z,0,0,0,0,0,at://did:plc:irzxt2ijpfh5zpwhful4v63o/app.bsky.feed.post/3l5uxn4aiqz2e,at://did:plc:irzxt2ijpfh5zpwhful4v63o/app.bsky.feed.post/3l5uu5qcv3v2g,NA
at://did:plc:irzxt2ijpfh5zpwhful4v63o/app.bsky.feed.post/3l5uxn4aiqz2e,nico.bsky.social,nico na #AFazenda 16 🤠🪑 | @niconatv,"RESULTADO FINAL - Osasco/SP (100% das urnas apuradas):

Gerson Pessoa eleito com 75,28% dos votos. #Eleições2024",2024-10-06T23:38:18Z,2024-10-06T23:38:18Z,1,0,0,0,0,at://did:plc:irzxt2ijpfh5zpwhful4v63o/app.bsky.feed.post/3l5uxkn4cqb2z,at://did:plc:irzxt2ijpfh5zpwhful4v63o/app.bsky.feed.post/3l5uu5qcv3v2g,NA
at://did:plc:moxr5wj3u5rwf25vgcemftvp/app.bsky.feed.post/3l5uxn2k3qz2a,mbf.net.br,Mateus BF,"[ #eleições2024 - SANTO FÉLIX SALVOU(-SE)?]

🟩Fabricio Batista/PODE: 49,23% (15.931 votos)
🟢João Cleber/MDB: 43,41% (14.046 votos)

🗳️ RESULTADO FINAL: 2º Turno

@gabrieltussini.bsky.social, vai ter que fazer outra matéria pro @oeco.org.br, hein? Agora explicando quem é esse Batista...😅",2024-10-06T23:38:16Z,2024-10-06T23:38:16Z,2,1,3,0,0,at://did:plc:moxr5wj3u5rwf25vgcemftvp/app.bsky.feed.post/3l5s2hx7ekx2u,at://did:plc:moxr5wj3u5rwf25vgcemftvp/app.bsky.feed.post/3l34zmwwsy52c,NA
at://did:plc:irzxt2ijpfh5zpwhful4v63o/app.bsky.feed.post/3l5uxkn4cqb2z,nico.bsky.social,nico na #AFazenda 16 🤠🪑 | @niconatv,"RESULTADO FINAL - Maceió/AL (100% das urnas apuradas):

JHC eleito com 83,25% dos votos. #Eleições2024",2024-10-06T23:36:55Z,2024-10-06T23:36:55Z,1,0,0,0,0,at://did:plc:irzxt2ijpfh5zpwhful4v63o/app.bsky.feed.post/3l5uxi53qs72k,at://did:plc:irzxt2ijpfh5zpwhful4v63o/app.bsky.feed.post/3l5uu5qcv3v2g,NA
at://did:plc:irzxt2ijpfh5zpwhful4v63o/app.bsky.feed.post/3l5uxi53qs72k,nico.bsky.social,nico na #AFazenda 16 🤠🪑 | @niconatv,"RESULTADO FINAL - Recife/PE (100% das urnas apuradas):

João Campos eleito com 78,11% dos votos. #Eleições2024",2024-10-06T23:35:31Z,2024-10-06T23:35:31Z,1,0,0,0,0,at://did:plc:irzxt2ijpfh5zpwhful4v63o/app.bsky.feed.post/3l5uxdvac7z2a,at://did:plc:irzxt2ijpfh5zpwhful4v63o/app.bsky.feed.post/3l5uu5qcv3v2g,NA
at://did:plc:7yvqral3n7eje5ydn7onfk5a/app.bsky.feed.post/3l5uxf5flm32b,thurvicentini.bsky.social,Arthur Vicentini,"20h33 e ainda TOO CLOSE TO CALL em SP
#Eleições2024",2024-10-06T23:34:33Z,2024-10-06T23:33:52Z,1,0,0,0,0,at://did:plc:7yvqral3n7eje5ydn7onfk5a/app.bsky.feed.post/3l5ut6h5pvz23,at://did:plc:7yvqral3n7eje5ydn7onfk5a/app.bsky.feed.post/3l5ut6h5pvz23,NA
at://did:plc:irzxt2ijpfh5zpwhful4v63o/app.bsky.feed.post/3l5uxdvac7z2a,nico.bsky.social,nico na #AFazenda 16 🤠🪑 | @niconatv,"RESULTADO FINAL - Porto Alegre/RS (100% das urnas apuradas):

Segundo turno entre Sebastião Melo e Maria do Rosário. #Eleições2024",2024-10-06T23:33:08Z,2024-10-06T23:33:08Z,1,1,1,0,0,at://did:plc:irzxt2ijpfh5zpwhful4v63o/app.bsky.feed.post/3l5ux5flu7l2i,at://did:plc:irzxt2ijpfh5zpwhful4v63o/app.bsky.feed.post/3l5uu5qcv3v2g,NA
at://did:plc:irzxt2ijpfh5zpwhful4v63o/app.bsky.feed.post/3l5ux5flu7l2i,nico.bsky.social,nico na #AFazenda 16 🤠🪑 | @niconatv,"RESULTADO FINAL - Teresina/PI (100% das urnas apuradas):

Silvio Mendes eleito com 52,19% dos votos. #Eleições2024",2024-10-06T23:29:31Z,2024-10-06T23:29:31Z,1,0,1,0,0,at://did:plc:irzxt2ijpfh5zpwhful4v63o/app.bsky.feed.post/3l5uwwl25r42i,at://did:plc:irzxt2ijpfh5zpwhful4v63o/app.bsky.feed.post/3l5uu5qcv3v2g,NA
at://did:plc:moxr5wj3u5rwf25vgcemftvp/app.bsky.feed.post/3l5uwxozkre2x,mbf.net.br,Mateus BF,"[ #eleições2024 - HELDER, E BELÉM?]

🟢Igor/MDB: 44,89% (359.904 votos)
🔵Dele🐮gado Eder/PL: 31,48% (252.455 votos)

🗳️RESULTADO FINAL: 2º Turno

Bora reagir, Belém!
Se não, é capaz da prefeitura vai cancelar a #COP30 🥲",2024-10-06T23:26:19Z,2024-10-06T23:26:19Z,2,2,3,0,0,at://did:plc:moxr5wj3u5rwf25vgcemftvp/app.bsky.feed.post/3l5u4ur3bfw2g,at://did:plc:moxr5wj3u5rwf25vgcemftvp/app.bsky.feed.post/3l34zmwwsy52c,NA
at://did:plc:irzxt2ijpfh5zpwhful4v63o/app.bsky.feed.post/3l5uwwl25r42i,nico.bsky.social,nico na #AFazenda 16 🤠🪑 | @niconatv,"RESULTADO FINAL - Manaus/AM (100% das urnas apuradas):

Segundo turno entre David Almeida e Capitão Alberto Neto. #Eleições2024",2024-10-06T23:25:42Z,2024-10-06T23:25:42Z,1,0,0,0,0,at://did:plc:irzxt2ijpfh5zpwhful4v63o/app.bsky.feed.post/3l5uw376ozb2e,at://did:plc:irzxt2ijpfh5zpwhful4v63o/app.bsky.feed.post/3l5uu5qcv3v2g,NA
at://did:plc:fnnpykl356gsf5ymvtwcexzt/app.bsky.feed.post/3l5uwqgv2lj24,mjdelfino.bsky.social,Marcelo Delfino🐬,"É o mesmo caso do apresentador de programa policialesco lá de BH, que também deve ficar fora do 2⁰ turno. #Eleições2024",2024-10-06T23:22:16Z,2024-10-06T23:22:16Z,0,0,0,0,0,at://did:plc:44vqjiiftiz32k4thwduvtcq/app.bsky.feed.post/3l5uu7niufy23,at://did:plc:44vqjiiftiz32k4thwduvtcq/app.bsky.feed.post/3l5uu7niufy23,NA
at://did:plc:moxr5wj3u5rwf25vgcemftvp/app.bsky.feed.post/3l5uwksqcpj2l,mbf.net.br,Mateus BF,"[ #eleições2024 - CUIABRASA OU CUIABALA?]

pô, @0cicero.bsky.social, cê prometeu q o Smigol não ia se criar...

🔵Smigol/PL: 39,61% (126.944 votos)
🔴Lúdio/PT: 28,31% (90.719 votos)

🗳️ RESULTADO FINAL: 2º Turno",2024-10-06T23:19:07Z,2024-10-06T23:19:07Z,1,0,1,0,0,at://did:plc:moxr5wj3u5rwf25vgcemftvp/app.bsky.feed.post/3l3577sit6u2q,at://did:plc:moxr5wj3u5rwf25vgcemftvp/app.bsky.feed.post/3l34zmwwsy52c,NA
at://did:plc:lwmlcxhouqyexc2v5ez7pwh7/app.bsky.feed.post/3l5uwgyjs3g2x,geraldopost.bsky.social,Geraldo Jr,"Eleições de São Paulo mostra abstenção de 10%, com 98,11% das urnas apuradas 

#eleicoes2024 #eleicoessp",2024-10-06T23:16:59Z,2024-10-06T23:16:59Z,1,0,0,0,0,at://did:plc:lwmlcxhouqyexc2v5ez7pwh7/app.bsky.feed.post/3l5uwbmahc722,at://did:plc:lwmlcxhouqyexc2v5ez7pwh7/app.bsky.feed.post/3l5un3cahtz24,NA
at://did:plc:irzxt2ijpfh5zpwhful4v63o/app.bsky.feed.post/3l5uw376ozb2e,nico.bsky.social,nico na #AFazenda 16 🤠🪑 | @niconatv,"RESULTADO FINAL - Rio de Janeiro/RJ (100% das urnas apuradas):

Eduardo Paes eleito com 60,47% dos votos. #Eleições2024",2024-10-06T23:10:24Z,2024-10-06T23:10:24Z,1,0,0,0,0,at://did:plc:irzxt2ijpfh5zpwhful4v63o/app.bsky.feed.post/3l5uvmf5kcg2a,at://did:plc:irzxt2ijpfh5zpwhful4v63o/app.bsky.feed.post/3l5uu5qcv3v2g,NA
at://did:plc:irzxt2ijpfh5zpwhful4v63o/app.bsky.feed.post/3l5uvmf5kcg2a,nico.bsky.social,nico na #AFazenda 16 🤠🪑 | @niconatv,"RESULTADO FINAL - Itu/SP (100% das urnas apuradas):

Herculano eleito com 33,67% dos votos. #Eleições2024",2024-10-06T23:02:06Z,2024-10-06T23:02:06Z,1,0,0,0,0,at://did:plc:irzxt2ijpfh5zpwhful4v63o/app.bsky.feed.post/3l5uvglovjg2i,at://did:plc:irzxt2ijpfh5zpwhful4v63o/app.bsky.feed.post/3l5uu5qcv3v2g,NA
at://did:plc:lwmlcxhouqyexc2v5ez7pwh7/app.bsky.feed.post/3l5uvklsv7n22,geraldopost.bsky.social,Geraldo Jr,"29 mil votos de diferença entre Nunes e Boulos 

#eleicoes2024 #prefeirurasp",2024-10-06T23:01:06Z,2024-10-06T23:01:06Z,0,0,0,0,0,at://did:plc:lwmlcxhouqyexc2v5ez7pwh7/app.bsky.feed.post/3l5uulqpomv2r,at://did:plc:lwmlcxhouqyexc2v5ez7pwh7/app.bsky.feed.post/3l5un3cahtz24,NA
at://did:plc:7yvqral3n7eje5ydn7onfk5a/app.bsky.feed.post/3l5uvh3o2xx2a,thurvicentini.bsky.social,Arthur Vicentini,"...e não. O mandato coletivo do PSOL é a única vaga que o PSOL (e a esquerda como um todo) conseguiu na Câmara de São Caetano (além de também ser a única representatividade feminina na casa entre 2025 e 2028)
#Eleições2024",2024-10-06T22:59:51Z,2024-10-06T22:59:09Z,0,0,0,0,0,at://did:plc:7yvqral3n7eje5ydn7onfk5a/app.bsky.feed.post/3l5uuqystp62r,at://did:plc:7yvqral3n7eje5ydn7onfk5a/app.bsky.feed.post/3l5utfqfqwf2w,NA
at://did:plc:irzxt2ijpfh5zpwhful4v63o/app.bsky.feed.post/3l5uvglovjg2i,nico.bsky.social,nico na #AFazenda 16 🤠🪑 | @niconatv,"RESULTADO FINAL - Porto Velho/RO (100% das urnas apuradas):

Segundo turno entre Mariana Carvalho e Léo. #Eleições2024",2024-10-06T22:58:52Z,2024-10-06T22:58:52Z,1,0,0,0,0,at://did:plc:irzxt2ijpfh5zpwhful4v63o/app.bsky.feed.post/3l5uvdpljyp2x,at://did:plc:irzxt2ijpfh5zpwhful4v63o/app.bsky.feed.post/3l5uu5qcv3v2g,NA
at://did:plc:irzxt2ijpfh5zpwhful4v63o/app.bsky.feed.post/3l5uvdpljyp2x,nico.bsky.social,nico na #AFazenda 16 🤠🪑 | @niconatv,"RESULTADO FINAL - Fortaleza/CE (100% das urnas apuradas):

Segundo turno entre André Fernandes e Evandro Leitão. #Eleições2024",2024-10-06T22:57:15Z,2024-10-06T22:57:15Z,1,0,0,0,0,at://did:plc:irzxt2ijpfh5zpwhful4v63o/app.bsky.feed.post/3l5uvbux5o72j,at://did:plc:irzxt2ijpfh5zpwhful4v63o/app.bsky.feed.post/3l5uu5qcv3v2g,NA
at://did:plc:irzxt2ijpfh5zpwhful4v63o/app.bsky.feed.post/3l5uvbux5o72j,nico.bsky.social,nico na #AFazenda 16 🤠🪑 | @niconatv,"RESULTADO FINAL - Campo Grande/MS (100% das urnas apuradas):

Segundo turno entre Adriane Lopes e Rose Modesto. #Eleições2024",2024-10-06T22:56:13Z,2024-10-06T22:56:13Z,1,0,0,0,0,at://did:plc:irzxt2ijpfh5zpwhful4v63o/app.bsky.feed.post/3l5uva5jvlb24,at://did:plc:irzxt2ijpfh5zpwhful4v63o/app.bsky.feed.post/3l5uu5qcv3v2g,NA
at://did:plc:irzxt2ijpfh5zpwhful4v63o/app.bsky.feed.post/3l5uva5jvlb24,nico.bsky.social,nico na #AFazenda 16 🤠🪑 | @niconatv,"RESULTADO FINAL - Natal/RN (100% das urnas apuradas):

Segundo turno entre Paulinho Freire e Natália Bonavides. #Eleições2024",2024-10-06T22:55:15Z,2024-10-06T22:55:15Z,1,0,0,0,0,at://did:plc:irzxt2ijpfh5zpwhful4v63o/app.bsky.feed.post/3l5uv5tbtqr2c,at://did:plc:irzxt2ijpfh5zpwhful4v63o/app.bsky.feed.post/3l5uu5qcv3v2g,NA
at://did:plc:irzxt2ijpfh5zpwhful4v63o/app.bsky.feed.post/3l5uv5tbtqr2c,nico.bsky.social,nico na #AFazenda 16 🤠🪑 | @niconatv,"RESULTADO FINAL - Itapetininga/SP (100% das urnas apuradas):

Jeferson Brun eleito com 64,46% dos votos. #Eleições2024",2024-10-06T22:53:58Z,2024-10-06T22:53:58Z,1,0,2,0,0,at://did:plc:irzxt2ijpfh5zpwhful4v63o/app.bsky.feed.post/3l5uv3nygch2j,at://did:plc:irzxt2ijpfh5zpwhful4v63o/app.bsky.feed.post/3l5uu5qcv3v2g,NA
at://did:plc:irzxt2ijpfh5zpwhful4v63o/app.bsky.feed.post/3l5uv3nygch2j,nico.bsky.social,nico na #AFazenda 16 🤠🪑 | @niconatv,"RESULTADO FINAL - Cuiabá/MT (100% das urnas apuradas):

Segundo turno entre Abilio e Lúdio. #Eleições2024",2024-10-06T22:52:45Z,2024-10-06T22:52:45Z,1,0,0,0,0,at://did:plc:irzxt2ijpfh5zpwhful4v63o/app.bsky.feed.post/3l5uuy3eqz72y,at://did:plc:irzxt2ijpfh5zpwhful4v63o/app.bsky.feed.post/3l5uu5qcv3v2g,NA
at://did:plc:vsjyrw6esslcvq2acnhc2pey/app.bsky.feed.post/3l5uuzlehgp2n,uaiteve.bsky.social,Douglas Pereira,"#ELEIÇÕES2024 - SEGUE A MESMA BANDEIRA EM BH

Consulta Popular (troca de bandeira) - 95,03% de urnas apuradas

NÃO - 84,26%
SIM - 15,74%",2024-10-06T22:51:35Z,2024-10-06T22:51:35Z,2,0,1,0,0,at://did:plc:vsjyrw6esslcvq2acnhc2pey/app.bsky.feed.post/3l5uu5jw3jy2o,at://did:plc:vsjyrw6esslcvq2acnhc2pey/app.bsky.feed.post/3l5umnnp2ug23,NA
at://did:plc:4ni57hx4a3chmmjngoda4ryd/app.bsky.feed.post/3l5uuz2p6m32t,epictimechat.bsky.social,#ETC,Que fase do Hélio Costa! #Eleicoes2024,2024-10-06T22:51:18Z,2024-10-06T22:51:18Z,1,0,1,0,0,at://did:plc:4ni57hx4a3chmmjngoda4ryd/app.bsky.feed.post/3l5uuvovpoa27,at://did:plc:4ni57hx4a3chmmjngoda4ryd/app.bsky.feed.post/3l5uuvovpoa27,NA
at://did:plc:irzxt2ijpfh5zpwhful4v63o/app.bsky.feed.post/3l5uuy3eqz72y,nico.bsky.social,nico na #AFazenda 16 🤠🪑 | @niconatv,"RESULTADO FINAL - Belém/PA (100% das urnas apuradas):

Segundo turno entre Igor e Delegado Eder Mauro. #Eleições2024",2024-10-06T22:50:45Z,2024-10-06T22:50:45Z,1,0,0,0,0,at://did:plc:irzxt2ijpfh5zpwhful4v63o/app.bsky.feed.post/3l5uutjc5vm27,at://did:plc:irzxt2ijpfh5zpwhful4v63o/app.bsky.feed.post/3l5uu5qcv3v2g,NA
at://did:plc:7yvqral3n7eje5ydn7onfk5a/app.bsky.feed.post/3l5uustbkrm24,thurvicentini.bsky.social,Arthur Vicentini,"Resultado final para a prefeitura de São Caetano do Sul:
#Eleições2024",2024-10-06T22:48:31Z,2024-10-06T22:47:50Z,0,0,0,0,0,at://did:plc:7yvqral3n7eje5ydn7onfk5a/app.bsky.feed.post/3l5uuqystp62r,at://did:plc:7yvqral3n7eje5ydn7onfk5a/app.bsky.feed.post/3l5utfqfqwf2w,NA
at://did:plc:vsjyrw6esslcvq2acnhc2pey/app.bsky.feed.post/3l5uutnvdqr22,uaiteve.bsky.social,Douglas Pereira,"#ELEIÇÕES2024 - DEFINIDO 2º TURNO EM BH

Prefeitura de BH - 93,83% de urnas apuradas

Bruno Engler (PL) - 34,42%
Fuad Noman (PSD) - 26,45%
Mauro Tramonte (Republicanos) - 15,15%",2024-10-06T22:48:17Z,2024-10-06T22:48:17Z,1,0,0,0,0,at://did:plc:vsjyrw6esslcvq2acnhc2pey/app.bsky.feed.post/3l5uu4o65us2t,at://did:plc:vsjyrw6esslcvq2acnhc2pey/app.bsky.feed.post/3l5umkgg6rf2w,NA
at://did:plc:irzxt2ijpfh5zpwhful4v63o/app.bsky.feed.post/3l5uutjc5vm27,nico.bsky.social,nico na #AFazenda 16 🤠🪑 | @niconatv,"RESULTADO FINAL - Sorocaba/SP (100% das urnas apuradas):

Rodrigo Manga reeleito com 73,75% dos votos. #Eleições2024",2024-10-06T22:48:12Z,2024-10-06T22:48:12Z,1,0,0,0,0,at://did:plc:irzxt2ijpfh5zpwhful4v63o/app.bsky.feed.post/3l5uuqi7dh52p,at://did:plc:irzxt2ijpfh5zpwhful4v63o/app.bsky.feed.post/3l5uu5qcv3v2g,NA
at://did:plc:7yvqral3n7eje5ydn7onfk5a/app.bsky.feed.post/3l5uuqystp62r,thurvicentini.bsky.social,Arthur Vicentini,"Ironicamente, a candidatura mais votada para a Câmara Municipal é a de Bruna, do mandato coletivo Mulheres por + Direitos, do PSOL (que talvez vá puxar mais algum vereador do partido, o resultado final ainda está para sair)
#Eleições2024",2024-10-06T22:47:30Z,2024-10-06T22:46:49Z,3,0,0,0,0,at://did:plc:7yvqral3n7eje5ydn7onfk5a/app.bsky.feed.post/3l5uui2uduz23,at://did:plc:7yvqral3n7eje5ydn7onfk5a/app.bsky.feed.post/3l5utfqfqwf2w,NA
at://did:plc:irzxt2ijpfh5zpwhful4v63o/app.bsky.feed.post/3l5uuqi7dh52p,nico.bsky.social,nico na #AFazenda 16 🤠🪑 | @niconatv,"RESULTADO FINAL - Aracaju/SE (100% das urnas apuradas):

Segundo turno entre Emilia Correa e Luiz Roberto. #Eleições2024",2024-10-06T22:46:30Z,2024-10-06T22:46:30Z,1,0,0,0,0,at://did:plc:irzxt2ijpfh5zpwhful4v63o/app.bsky.feed.post/3l5uunyz7e72y,at://did:plc:irzxt2ijpfh5zpwhful4v63o/app.bsky.feed.post/3l5uu5qcv3v2g,NA
at://did:plc:irzxt2ijpfh5zpwhful4v63o/app.bsky.feed.post/3l5uunyz7e72y,nico.bsky.social,nico na #AFazenda 16 🤠🪑 | @niconatv,"RESULTADO FINAL - Tatuí/SP (100% das urnas apuradas):

Professor Miguel eleito com 41,86% dos votos. #Eleições2024",2024-10-06T22:45:07Z,2024-10-06T22:45:07Z,1,0,0,1,0,at://did:plc:irzxt2ijpfh5zpwhful4v63o/app.bsky.feed.post/3l5uummcp4e2a,at://did:plc:irzxt2ijpfh5zpwhful4v63o/app.bsky.feed.post/3l5uu5qcv3v2g,NA
at://did:plc:irzxt2ijpfh5zpwhful4v63o/app.bsky.feed.post/3l5uummcp4e2a,nico.bsky.social,nico na #AFazenda 16 🤠🪑 | @niconatv,"RESULTADO FINAL - Votorantim/SP (100% das urnas apuradas):

Weber Manga eleito com 24,71% dos votos. #Eleições2024",2024-10-06T22:44:20Z,2024-10-06T22:44:20Z,1,0,0,1,0,at://did:plc:irzxt2ijpfh5zpwhful4v63o/app.bsky.feed.post/3l5uukm4oye2w,at://did:plc:irzxt2ijpfh5zpwhful4v63o/app.bsky.feed.post/3l5uu5qcv3v2g,NA
at://did:plc:irzxt2ijpfh5zpwhful4v63o/app.bsky.feed.post/3l5uukm4oye2w,nico.bsky.social,nico na #AFazenda 16 🤠🪑 | @niconatv,"RESULTADO FINAL - Florianópolis/SC (100% das urnas apuradas):

Topázio eleito com 58,49% dos votos. #Eleições2024",2024-10-06T22:43:13Z,2024-10-06T22:43:13Z,1,0,0,0,0,at://did:plc:irzxt2ijpfh5zpwhful4v63o/app.bsky.feed.post/3l5uuim6er32i,at://did:plc:irzxt2ijpfh5zpwhful4v63o/app.bsky.feed.post/3l5uu5qcv3v2g,NA
at://did:plc:7yvqral3n7eje5ydn7onfk5a/app.bsky.feed.post/3l5uui2uduz23,thurvicentini.bsky.social,Arthur Vicentini,"Enquanto isso, Malta Jones (que eu nunca tinha ouvido falar, mas acabei de descobrir que é comentarista da Jovem Pan) ficou em último lugar (mesmo essa cidade sendo bem bolsonarista)
#Eleições2024",2024-10-06T22:42:30Z,2024-10-06T22:41:48Z,1,0,0,0,0,at://did:plc:7yvqral3n7eje5ydn7onfk5a/app.bsky.feed.post/3l5uuahbkv22c,at://did:plc:7yvqral3n7eje5ydn7onfk5a/app.bsky.feed.post/3l5utfqfqwf2w,NA
at://did:plc:irzxt2ijpfh5zpwhful4v63o/app.bsky.feed.post/3l5uuim6er32i,nico.bsky.social,nico na #AFazenda 16 🤠🪑 | @niconatv,"RESULTADO FINAL - Curitiba/PR (100% das urnas apuradas):

Segundo turno entre Eduardo Pimentel e Cristina Graeml. #Eleições2024",2024-10-06T22:42:05Z,2024-10-06T22:42:05Z,1,0,0,0,0,at://did:plc:irzxt2ijpfh5zpwhful4v63o/app.bsky.feed.post/3l5uugu24z32v,at://did:plc:irzxt2ijpfh5zpwhful4v63o/app.bsky.feed.post/3l5uu5qcv3v2g,NA
at://did:plc:irzxt2ijpfh5zpwhful4v63o/app.bsky.feed.post/3l5uugu24z32v,nico.bsky.social,nico na #AFazenda 16 🤠🪑 | @niconatv,"RESULTADO FINAL - Indaiatuba/SP (100% das urnas apuradas):

Dr. Custódio eleito com 65,25% dos votos. #Eleições2024",2024-10-06T22:41:07Z,2024-10-06T22:41:07Z,1,0,0,0,0,at://did:plc:irzxt2ijpfh5zpwhful4v63o/app.bsky.feed.post/3l5uuf5as5s2x,at://did:plc:irzxt2ijpfh5zpwhful4v63o/app.bsky.feed.post/3l5uu5qcv3v2g,NA
at://did:plc:z4tjpwvzsc4tzi7ab33azksa/app.bsky.feed.post/3l5uufmaqfh2i,brunotol.bsky.social,Bruno Toledo,"Mais de 95% das seções totalizadas.
Segundo o Datafolha, o 2o turno será entre Ricardo Nunes (MDB) e Guilherme Boulos (PSOL). Pablo Marçal (PRTB) fica de fora. 
#Eleições2024 #SãoPaulo",2024-10-06T22:40:26Z,2024-10-06T22:40:26Z,0,0,0,0,0,at://did:plc:z4tjpwvzsc4tzi7ab33azksa/app.bsky.feed.post/3l5utwtsqur2o,at://did:plc:z4tjpwvzsc4tzi7ab33azksa/app.bsky.feed.post/3l5upj2ireo27,NA
at://did:plc:irzxt2ijpfh5zpwhful4v63o/app.bsky.feed.post/3l5uuf5as5s2x,nico.bsky.social,nico na #AFazenda 16 🤠🪑 | @niconatv,"RESULTADO FINAL - Boa Vista/RR (100% das urnas apuradas):

Arthur Henrique eleito com 75,18% dos votos. #Eleições2024",2024-10-06T22:40:09Z,2024-10-06T22:40:09Z,1,0,0,0,0,at://did:plc:irzxt2ijpfh5zpwhful4v63o/app.bsky.feed.post/3l5uubuuala24,at://did:plc:irzxt2ijpfh5zpwhful4v63o/app.bsky.feed.post/3l5uu5qcv3v2g,NA
at://did:plc:irzxt2ijpfh5zpwhful4v63o/app.bsky.feed.post/3l5uubuuala24,nico.bsky.social,nico na #AFazenda 16 🤠🪑 | @niconatv,"RESULTADO FINAL - JOÃO PESSOA/PB (100% das urnas apuradas):

Segundo turno entre Cicero Lucena e Marcelo Queiroga. #Eleições2024",2024-10-06T22:38:20Z,2024-10-06T22:38:20Z,1,0,0,0,0,at://did:plc:irzxt2ijpfh5zpwhful4v63o/app.bsky.feed.post/3l5uu7hzyo52g,at://did:plc:irzxt2ijpfh5zpwhful4v63o/app.bsky.feed.post/3l5uu5qcv3v2g,NA
at://did:plc:7yvqral3n7eje5ydn7onfk5a/app.bsky.feed.post/3l5uuahbkv22c,thurvicentini.bsky.social,Arthur Vicentini,"E agora é oficial: o feudo de São Caetano do Sul vai ser comandado por Tite Campanella (ex-presidente da Câmara e filho do ex-prefeito que dá nome ao estádio da cidade) pelos próximos quatro anos, dando vitória ao status quo (como de costume por aqui)
#Eleições2024",2024-10-06T22:38:15Z,2024-10-06T22:37:33Z,1,0,0,0,0,at://did:plc:7yvqral3n7eje5ydn7onfk5a/app.bsky.feed.post/3l5utfqfqwf2w,at://did:plc:7yvqral3n7eje5ydn7onfk5a/app.bsky.feed.post/3l5utfqfqwf2w,NA
at://did:plc:irzxt2ijpfh5zpwhful4v63o/app.bsky.feed.post/3l5uu7hzyo52g,nico.bsky.social,nico na #AFazenda 16 🤠🪑 | @niconatv,"RESULTADO FINAL - Rio Branco/AC (100% das urnas apuradas):
Tião Bocalão eleito. #Eleições2024",2024-10-06T22:36:59Z,2024-10-06T22:36:59Z,1,0,0,0,0,at://did:plc:irzxt2ijpfh5zpwhful4v63o/app.bsky.feed.post/3l5uu5qcv3v2g,at://did:plc:irzxt2ijpfh5zpwhful4v63o/app.bsky.feed.post/3l5uu5qcv3v2g,NA
at://did:plc:vsjyrw6esslcvq2acnhc2pey/app.bsky.feed.post/3l5uu5jw3jy2o,uaiteve.bsky.social,Douglas Pereira,"#ELEIÇÕES2024

Consulta Popular (troca de bandeira) - 90,55% de urnas apuradas

NÃO - 84,22%
SIM - 15,78%",2024-10-06T22:35:54Z,2024-10-06T22:35:54Z,1,0,0,0,0,at://did:plc:vsjyrw6esslcvq2acnhc2pey/app.bsky.feed.post/3l5utldv2b622,at://did:plc:vsjyrw6esslcvq2acnhc2pey/app.bsky.feed.post/3l5umnnp2ug23,NA
at://did:plc:vsjyrw6esslcvq2acnhc2pey/app.bsky.feed.post/3l5uu4o65us2t,uaiteve.bsky.social,Douglas Pereira,"#ELEIÇÕES2024

Prefeitura de BH - 90,07% de urnas apuradas

Bruno Engler (PL) - 34,46%
Fuad Noman (PSD) - 26,46%
Mauro Tramonte (Republicanos) - 14,96%",2024-10-06T22:35:25Z,2024-10-06T22:35:25Z,1,0,0,0,0,at://did:plc:vsjyrw6esslcvq2acnhc2pey/app.bsky.feed.post/3l5ut7kiab623,at://did:plc:vsjyrw6esslcvq2acnhc2pey/app.bsky.feed.post/3l5umkgg6rf2w,NA
at://did:plc:z4tjpwvzsc4tzi7ab33azksa/app.bsky.feed.post/3l5utwtsqur2o,brunotol.bsky.social,Bruno Toledo,"Não me lembro de uma disputa tão apertada em SP entre três candidatos. Talvez em 2000 com Marta, Alckmin e Maluf. Mas agora o aperto é bem maior.
#Eleições2024 #SãoPaulo",2024-10-06T22:32:10Z,2024-10-06T22:32:10Z,1,0,0,0,0,at://did:plc:z4tjpwvzsc4tzi7ab33azksa/app.bsky.feed.post/3l5uthruwim24,at://did:plc:z4tjpwvzsc4tzi7ab33azksa/app.bsky.feed.post/3l5upj2ireo27,NA
at://did:plc:msgdj44xhdhouhx54kv5afor/app.bsky.feed.post/3l5utpbknf22v,vereadorescboulos.bsky.social,APURAÇÃO SP Vereadores 🌞50,"#Eleições2024 Todos os cinco candidatos à reeleição para vereador do PSOL e do PT estão no TOP100.

Apesar de o PSB ser um partido de oposição nesse pleito, dois nomes progressistas aparecem na lista: Renata Falzoni e o candidato à reeleição Eliseu Gabriel.",2024-10-06T22:28:00Z,2024-10-06T22:27:56Z,1,0,0,0,0,at://did:plc:msgdj44xhdhouhx54kv5afor/app.bsky.feed.post/3l5utf4vahr2o,at://did:plc:msgdj44xhdhouhx54kv5afor/app.bsky.feed.post/3l5usn3iadq2d,NA
at://did:plc:z4tjpwvzsc4tzi7ab33azksa/app.bsky.feed.post/3l5utmlucpc2m,brunotol.bsky.social,Bruno Toledo,"Done. Gerson Pessoa é prefeito eleito em Osasco no 1o turno, com mais de 75% dos votos válidos. 
#Eleições2024",2024-10-06T22:26:27Z,2024-10-06T22:26:27Z,0,0,1,0,0,at://did:plc:z4tjpwvzsc4tzi7ab33azksa/app.bsky.feed.post/3l5urfuhr722q,at://did:plc:z4tjpwvzsc4tzi7ab33azksa/app.bsky.feed.post/3l5urfuhr722q,NA
at://did:plc:vsjyrw6esslcvq2acnhc2pey/app.bsky.feed.post/3l5utldv2b622,uaiteve.bsky.social,Douglas Pereira,"#ELEIÇÕES2024

Consulta Popular (troca de bandeira) - 83,14% de urnas apuradas

NÃO - 84,11%
SIM - 15,89%",2024-10-06T22:25:44Z,2024-10-06T22:25:44Z,1,2,1,0,0,at://did:plc:vsjyrw6esslcvq2acnhc2pey/app.bsky.feed.post/3l5ustzqdgx23,at://did:plc:vsjyrw6esslcvq2acnhc2pey/app.bsky.feed.post/3l5umnnp2ug23,NA
at://did:plc:z4tjpwvzsc4tzi7ab33azksa/app.bsky.feed.post/3l5uthruwim24,brunotol.bsky.social,Bruno Toledo,"Diferença de Nunes para Boulos: 24.046 votos
Diferença de Boulos para Marçal: 31.715 votos
#Eleições2024 #SãoPaulo",2024-10-06T22:23:45Z,2024-10-06T22:23:45Z,1,0,0,0,0,at://did:plc:z4tjpwvzsc4tzi7ab33azksa/app.bsky.feed.post/3l5ust674n22q,at://did:plc:z4tjpwvzsc4tzi7ab33azksa/app.bsky.feed.post/3l5upj2ireo27,NA
at://did:plc:ke6o33mbiqidhko3crr4yvbd/app.bsky.feed.post/3l5utbz2pik2o,rafaeljg.bsky.social,NA,"Calma q meu voto vai chegar ainda pra colocar Boulos em primeiro lugar 

#Eleições2024",2024-10-06T22:20:30Z,2024-10-06T22:20:30Z,0,0,0,0,0,at://did:plc:2upfjxintrstvlmmbtbt5tkl/app.bsky.feed.post/3l5ushzjjdp2u,at://did:plc:2upfjxintrstvlmmbtbt5tkl/app.bsky.feed.post/3l5ushzjjdp2u,NA
at://did:plc:lwmlcxhouqyexc2v5ez7pwh7/app.bsky.feed.post/3l5utacx3cj2x,geraldopost.bsky.social,Geraldo Jr,"Atualizando 

#eleicoes #eleicoes2024 #prefeiturasp",2024-10-06T22:19:34Z,2024-10-06T22:19:34Z,1,0,1,0,0,at://did:plc:lwmlcxhouqyexc2v5ez7pwh7/app.bsky.feed.post/3l5uqxi6o7j24,at://did:plc:lwmlcxhouqyexc2v5ez7pwh7/app.bsky.feed.post/3l5un3cahtz24,NA
at://did:plc:vsjyrw6esslcvq2acnhc2pey/app.bsky.feed.post/3l5ut7kiab623,uaiteve.bsky.social,Douglas Pereira,"#ELEIÇÕES2024

Prefeitura de BH - 81,00% de urnas apuradas

Bruno Engler (PL) - 34,60%
Fuad Noman (PSD) - 26,56%
Mauro Tramonte (Republicanos) - 14,64%",2024-10-06T22:19:08Z,2024-10-06T22:19:08Z,1,0,0,0,0,at://did:plc:vsjyrw6esslcvq2acnhc2pey/app.bsky.feed.post/3l5ut37vxln2s,at://did:plc:vsjyrw6esslcvq2acnhc2pey/app.bsky.feed.post/3l5umkgg6rf2w,NA
at://did:plc:vsjyrw6esslcvq2acnhc2pey/app.bsky.feed.post/3l5ut37vxln2s,uaiteve.bsky.social,Douglas Pereira,"#ELEIÇÕES2024

Prefeitura de BH - 68,30% de urnas apuradas

Bruno Engler (PL) - 34,98%
Fuad Noman (PSD) - 26,48%
Mauro Tramonte (Republicanos) - 13,85%",2024-10-06T22:16:43Z,2024-10-06T22:16:43Z,1,0,0,0,0,at://did:plc:vsjyrw6esslcvq2acnhc2pey/app.bsky.feed.post/3l5usqmflvb26,at://did:plc:vsjyrw6esslcvq2acnhc2pey/app.bsky.feed.post/3l5umkgg6rf2w,NA
at://did:plc:vsjyrw6esslcvq2acnhc2pey/app.bsky.feed.post/3l5ustzqdgx23,uaiteve.bsky.social,Douglas Pereira,"#ELEIÇÕES2024

Consulta Popular (troca de bandeira) - 56,80% de urnas apuradas

NÃO - 83,75%
SIM - 16,25%",2024-10-06T22:12:42Z,2024-10-06T22:12:42Z,1,0,0,0,0,at://did:plc:vsjyrw6esslcvq2acnhc2pey/app.bsky.feed.post/3l5usjbbacw22,at://did:plc:vsjyrw6esslcvq2acnhc2pey/app.bsky.feed.post/3l5umnnp2ug23,NA
at://did:plc:z4tjpwvzsc4tzi7ab33azksa/app.bsky.feed.post/3l5ust674n22q,brunotol.bsky.social,Bruno Toledo,"Agora, os três líderes parecem ter consolidado suas posições, com 56,3% das seções totalizadas. Nunes e Boulos mais confortáveis, Marçal ficando para trás. 
#Eleições2024 #SãoPaulo",2024-10-06T22:12:13Z,2024-10-06T22:12:13Z,1,0,0,0,0,at://did:plc:z4tjpwvzsc4tzi7ab33azksa/app.bsky.feed.post/3l5usbx62z424,at://did:plc:z4tjpwvzsc4tzi7ab33azksa/app.bsky.feed.post/3l5upj2ireo27,NA
at://did:plc:vsjyrw6esslcvq2acnhc2pey/app.bsky.feed.post/3l5usqmflvb26,uaiteve.bsky.social,Douglas Pereira,"#ELEIÇÕES2024

Prefeitura de BH - 57,70% de urnas apuradas

Bruno Engler (PL) - 35,21%
Fuad Noman (PSD) - 26,50%
Mauro Tramonte (Republicanos) - 13,39%",2024-10-06T22:10:47Z,2024-10-06T22:10:47Z,1,0,1,0,0,at://did:plc:vsjyrw6esslcvq2acnhc2pey/app.bsky.feed.post/3l5ushw5zhp2n,at://did:plc:vsjyrw6esslcvq2acnhc2pey/app.bsky.feed.post/3l5umkgg6rf2w,NA
at://did:plc:cklcr4ornyv3bpwexkz6gfsf/app.bsky.feed.post/3l5uso2lxgq2r,w46n40.bsky.social,╚W46N40╝,... as outras cidades seguindo a apuração das #eleições2024 e,2024-10-06T22:09:21Z,2024-10-06T22:09:21Z,0,0,0,0,0,at://did:plc:xwzsbfbwpaihwx6rywsummmi/app.bsky.feed.post/3l5usffiiv42i,at://did:plc:xwzsbfbwpaihwx6rywsummmi/app.bsky.feed.post/3l5usffiiv42i,NA
at://did:plc:vsjyrw6esslcvq2acnhc2pey/app.bsky.feed.post/3l5usjbbacw22,uaiteve.bsky.social,Douglas Pereira,"#ELEIÇÕES2024

Consulta Popular (troca de bandeira) - 45,99% de urnas apuradas

NÃO - 83,81%
SIM - 16,19%",2024-10-06T22:06:40Z,2024-10-06T22:06:40Z,1,0,0,0,0,at://did:plc:vsjyrw6esslcvq2acnhc2pey/app.bsky.feed.post/3l5us6pkqbx24,at://did:plc:vsjyrw6esslcvq2acnhc2pey/app.bsky.feed.post/3l5umnnp2ug23,NA
at://did:plc:vsjyrw6esslcvq2acnhc2pey/app.bsky.feed.post/3l5ushw5zhp2n,uaiteve.bsky.social,Douglas Pereira,"#ELEIÇÕES2024

Prefeitura de BH - 41,65% de urnas apuradas

Bruno Engler (PL) - 35,37%
Fuad Noman (PSD) - 26,40%
Mauro Tramonte (Republicanos) - 13,29%",2024-10-06T22:05:55Z,2024-10-06T22:05:55Z,1,0,0,0,0,at://did:plc:vsjyrw6esslcvq2acnhc2pey/app.bsky.feed.post/3l5us5qwvjq2o,at://did:plc:vsjyrw6esslcvq2acnhc2pey/app.bsky.feed.post/3l5umkgg6rf2w,NA
at://did:plc:z4tjpwvzsc4tzi7ab33azksa/app.bsky.feed.post/3l5usbx62z424,brunotol.bsky.social,Bruno Toledo,"Boulos agora se aproxima de Nunes, que vem liderando a apuração desde o começo. A diferença entre eles é de pouco mais de 1,6 mil votos. 
#Eleições2024 #SãoPaulo",2024-10-06T22:02:36Z,2024-10-06T22:02:36Z,1,0,0,0,0,at://did:plc:z4tjpwvzsc4tzi7ab33azksa/app.bsky.feed.post/3l5urqtpabs2q,at://did:plc:z4tjpwvzsc4tzi7ab33azksa/app.bsky.feed.post/3l5upj2ireo27,NA
at://did:plc:vsjyrw6esslcvq2acnhc2pey/app.bsky.feed.post/3l5us6pkqbx24,uaiteve.bsky.social,Douglas Pereira,"#ELEIÇÕES2024

Consulta Popular (troca de bandeira) - 24,50% de urnas apuradas

NÃO - 83,27%
SIM - 16,73%",2024-10-06T22:00:46Z,2024-10-06T22:00:46Z,1,0,0,0,0,at://did:plc:vsjyrw6esslcvq2acnhc2pey/app.bsky.feed.post/3l5urkag7ho22,at://did:plc:vsjyrw6esslcvq2acnhc2pey/app.bsky.feed.post/3l5umnnp2ug23,NA
at://did:plc:vsjyrw6esslcvq2acnhc2pey/app.bsky.feed.post/3l5us5qwvjq2o,uaiteve.bsky.social,Douglas Pereira,"#ELEIÇÕES2024

Prefeitura de BH - 35,24% de urnas apuradas

Bruno Engler (PL) - 35,51%
Fuad Noman (PSD) - 26,45%
Mauro Tramonte - 12,97%",2024-10-06T22:00:14Z,2024-10-06T22:00:14Z,1,0,0,1,0,at://did:plc:vsjyrw6esslcvq2acnhc2pey/app.bsky.feed.post/3l5urmfxgiw23,at://did:plc:vsjyrw6esslcvq2acnhc2pey/app.bsky.feed.post/3l5umkgg6rf2w,NA
at://did:plc:z4tjpwvzsc4tzi7ab33azksa/app.bsky.feed.post/3l5urqtpabs2q,brunotol.bsky.social,Bruno Toledo,"Boulos começa a se distanciar de Marçal, com mais de 40% das seções totalizadas.
#Eleições2024 #SãoPaulo",2024-10-06T21:53:01Z,2024-10-06T21:53:01Z,1,0,1,0,0,at://did:plc:z4tjpwvzsc4tzi7ab33azksa/app.bsky.feed.post/3l5ura53r2t2t,at://did:plc:z4tjpwvzsc4tzi7ab33azksa/app.bsky.feed.post/3l5upj2ireo27,NA
at://did:plc:4ni57hx4a3chmmjngoda4ryd/app.bsky.feed.post/3l5urp47g3a2n,epictimechat.bsky.social,#ETC,SP: O HOMEM DISPAROU #Eleicoes2024,2024-10-06T21:52:03Z,2024-10-06T21:52:03Z,0,2,0,0,0,at://did:plc:4ni57hx4a3chmmjngoda4ryd/app.bsky.feed.post/3l5urabsnml2c,at://did:plc:4ni57hx4a3chmmjngoda4ryd/app.bsky.feed.post/3l5urabsnml2c,NA
at://did:plc:cklcr4ornyv3bpwexkz6gfsf/app.bsky.feed.post/3l5urmophzv2u,w46n40.bsky.social,╚W46N40╝,... as outras cidades seguindo a apuração das #eleições2024 e,2024-10-06T21:50:41Z,2024-10-06T21:50:41Z,0,0,1,0,0,at://did:plc:zgeg2yrcoycwnhut27p74ppw/app.bsky.feed.post/3l5uqwgm4cq23,at://did:plc:zgeg2yrcoycwnhut27p74ppw/app.bsky.feed.post/3l5uqwgm4cq23,NA
at://did:plc:vsjyrw6esslcvq2acnhc2pey/app.bsky.feed.post/3l5urmfxgiw23,uaiteve.bsky.social,Douglas Pereira,"#ELEIÇÕES2024

Prefeitura de BH - 21,41% de urnas apuradas

Bruno Engler (PL) - 36,06%
Fuad Noman (PSD) - 25,98%
Mauro Tramonte - 12,32%",2024-10-06T21:50:32Z,2024-10-06T21:50:32Z,1,0,1,1,0,at://did:plc:vsjyrw6esslcvq2acnhc2pey/app.bsky.feed.post/3l5urhku2yz2v,at://did:plc:vsjyrw6esslcvq2acnhc2pey/app.bsky.feed.post/3l5umkgg6rf2w,NA
at://did:plc:vsjyrw6esslcvq2acnhc2pey/app.bsky.feed.post/3l5urkag7ho22,uaiteve.bsky.social,Douglas Pereira,"#ELEIÇÕES2024

Consulta Popular (troca de bandeira) - 14,50% de urnas apuradas

NÃO - 83,04%
SIM - 16,96%",2024-10-06T21:49:19Z,2024-10-06T21:49:19Z,1,0,0,0,0,at://did:plc:vsjyrw6esslcvq2acnhc2pey/app.bsky.feed.post/3l5ur4rvkcd2h,at://did:plc:vsjyrw6esslcvq2acnhc2pey/app.bsky.feed.post/3l5umnnp2ug23,NA
at://did:plc:vsjyrw6esslcvq2acnhc2pey/app.bsky.feed.post/3l5urhku2yz2v,uaiteve.bsky.social,Douglas Pereira,"#ELEIÇÕES2024

Prefeitura de BH - 14,00% de urnas apuradas

Bruno Engler (PL) - 36,59%
Fuad Noman (PSD) - 25,79%
Gabriel Azevedo - 11,75%",2024-10-06T21:47:50Z,2024-10-06T21:47:50Z,1,0,0,1,0,at://did:plc:vsjyrw6esslcvq2acnhc2pey/app.bsky.feed.post/3l5ur33usi426,at://did:plc:vsjyrw6esslcvq2acnhc2pey/app.bsky.feed.post/3l5umkgg6rf2w,NA
at://did:plc:cklcr4ornyv3bpwexkz6gfsf/app.bsky.feed.post/3l5urcbzc352w,w46n40.bsky.social,╚W46N40╝,... as outras cidades seguindo a apuração das #eleições2024 e,2024-10-06T21:44:52Z,2024-10-06T21:44:52Z,0,0,0,0,0,at://did:plc:r5uygo2asgln5pib4n6ajefo/app.bsky.feed.post/3l5ur3rvpqt2a,at://did:plc:r5uygo2asgln5pib4n6ajefo/app.bsky.feed.post/3l5ur3rvpqt2a,NA
at://did:plc:au6zb2oi3pvlvx6qfsdcjac4/app.bsky.feed.post/3l5urbii2vb24,fabricia.bsky.social,Fabi Toledo,Fora os santinhos com números trocados de candidatos #eleicoes2024,2024-10-06T21:44:26Z,2024-10-06T21:44:26Z,0,0,0,0,0,at://did:plc:au6zb2oi3pvlvx6qfsdcjac4/app.bsky.feed.post/3l5ur7x6cov2a,at://did:plc:au6zb2oi3pvlvx6qfsdcjac4/app.bsky.feed.post/3l5ur7x6cov2a,NA
at://did:plc:cklcr4ornyv3bpwexkz6gfsf/app.bsky.feed.post/3l5uray3npe2t,w46n40.bsky.social,╚W46N40╝,... as outras cidades seguindo a apuração das #eleições2024 e,2024-10-06T21:44:09Z,2024-10-06T21:44:09Z,0,0,1,0,0,at://did:plc:mvzyuq4arbwemd3eik3lmqlc/app.bsky.feed.post/3l5ur3sa27424,at://did:plc:mvzyuq4arbwemd3eik3lmqlc/app.bsky.feed.post/3l5ur3sa27424,NA
at://did:plc:z4tjpwvzsc4tzi7ab33azksa/app.bsky.feed.post/3l5ura53r2t2t,brunotol.bsky.social,Bruno Toledo,"Boulos supera Marçal. Mas a diferença é ínfima, com 30,69% das seções totalizadas em SP.
#Eleições2024 #SãoPaulo",2024-10-06T21:43:41Z,2024-10-06T21:43:41Z,1,0,0,0,0,at://did:plc:z4tjpwvzsc4tzi7ab33azksa/app.bsky.feed.post/3l5ur5fqi4a2w,at://did:plc:z4tjpwvzsc4tzi7ab33azksa/app.bsky.feed.post/3l5upj2ireo27,NA
at://did:plc:vj3yo5xmkmg65gvpb764lj5h/app.bsky.feed.post/3l5ur7ghifm2c,excentricko.bsky.social,Luiz Ricardo,"[3/3] DE NOVO! 
Quase três minutos de trilha limpa na TV Fronteira. 😂

#Eleições2024",2024-10-06T21:43:16Z,2024-10-06T21:43:16Z,0,0,0,0,0,at://did:plc:vj3yo5xmkmg65gvpb764lj5h/app.bsky.feed.post/3l5uqtknwjn2s,at://did:plc:vj3yo5xmkmg65gvpb764lj5h/app.bsky.feed.post/3l5uqn7k5kg23,NA
at://did:plc:z4tjpwvzsc4tzi7ab33azksa/app.bsky.feed.post/3l5ur5fqi4a2w,brunotol.bsky.social,Bruno Toledo,"Difícil fazer projeções sem ter clareza sobre onde a apuração está ocorrendo mais rápido e onde está mais lento. Normalmente, os votos da periferia de SP, especialmente no leste e sul, entram depois. Ou seja, se isso se mantiver agora, Boulos ainda tem margem para crescer o suficiente.
#Eleições2024",2024-10-06T21:42:09Z,2024-10-06T21:42:09Z,1,0,0,0,0,at://did:plc:z4tjpwvzsc4tzi7ab33azksa/app.bsky.feed.post/3l5uqxs5zuk2q,at://did:plc:z4tjpwvzsc4tzi7ab33azksa/app.bsky.feed.post/3l5upj2ireo27,NA
at://did:plc:vsjyrw6esslcvq2acnhc2pey/app.bsky.feed.post/3l5ur4rvkcd2h,uaiteve.bsky.social,Douglas Pereira,"#ELEIÇÕES2024

Consulta Popular (troca de bandeira) - 9,70% de urnas apuradas

NÃO - 82,16%
SIM - 17,84%",2024-10-06T21:41:48Z,2024-10-06T21:41:48Z,1,0,0,1,0,at://did:plc:vsjyrw6esslcvq2acnhc2pey/app.bsky.feed.post/3l5uq4lpq2r2i,at://did:plc:vsjyrw6esslcvq2acnhc2pey/app.bsky.feed.post/3l5umnnp2ug23,NA
at://did:plc:vsjyrw6esslcvq2acnhc2pey/app.bsky.feed.post/3l5ur33usi426,uaiteve.bsky.social,Douglas Pereira,"#ELEIÇÕES2024

Prefeitura de BH - 10,18% de urnas apuradas

Bruno Engler (PL) - 36,73%
Fuad Noman (PSD) - 26,28%
Gabriel Azevedo - 12,24%",2024-10-06T21:40:51Z,2024-10-06T21:40:51Z,1,0,0,0,0,at://did:plc:vsjyrw6esslcvq2acnhc2pey/app.bsky.feed.post/3l5uq5rxcp22t,at://did:plc:vsjyrw6esslcvq2acnhc2pey/app.bsky.feed.post/3l5umkgg6rf2w,NA
at://did:plc:z4tjpwvzsc4tzi7ab33azksa/app.bsky.feed.post/3l5uqxs5zuk2q,brunotol.bsky.social,Bruno Toledo,"CA. RA. CA. Inacreditável. O cenário do 2o turno vai ser definido só no finalzinho dessa apuração. 
#SãoPaulo #Eleições2024",2024-10-06T21:39:01Z,2024-10-06T21:39:01Z,1,0,0,0,0,at://did:plc:z4tjpwvzsc4tzi7ab33azksa/app.bsky.feed.post/3l5uqlotfob2z,at://did:plc:z4tjpwvzsc4tzi7ab33azksa/app.bsky.feed.post/3l5upj2ireo27,NA
at://did:plc:vj3yo5xmkmg65gvpb764lj5h/app.bsky.feed.post/3l5uqtknwjn2s,excentricko.bsky.social,Luiz Ricardo,"[2/3] DE NOVO! 
Quase três minutos de trilha limpa na TV Fronteira. 😂

#Eleições2024",2024-10-06T21:36:38Z,2024-10-06T21:36:38Z,1,0,0,0,0,at://did:plc:vj3yo5xmkmg65gvpb764lj5h/app.bsky.feed.post/3l5uqn7k5kg23,at://did:plc:vj3yo5xmkmg65gvpb764lj5h/app.bsky.feed.post/3l5uqn7k5kg23,NA
at://did:plc:cklcr4ornyv3bpwexkz6gfsf/app.bsky.feed.post/3l5uqlmktcn2o,w46n40.bsky.social,╚W46N40╝,... as outra cidades seguindo a apuração das #eleições2024 e,2024-10-06T21:32:12Z,2024-10-06T21:32:12Z,0,0,0,0,0,at://did:plc:4qsv6edn6xssyoc2ojubmjxg/app.bsky.feed.post/3l5uqijsu3b2o,at://did:plc:4qsv6edn6xssyoc2ojubmjxg/app.bsky.feed.post/3l5uqijsu3b2o,NA
at://did:plc:lwsqkrhf26nroh42jpkt2kx2/app.bsky.feed.post/3l5uqggtkoj2i,tvcamaradeputados.bsky.social,tvcamaradeputados,"#Eleições2024 | Ao lado do Ministro Luís Roberto Barroso, que preside o STF, a Ministra Cármen Lúcia, presidente do TSE, faz um balanço do dia de votações.

#TVCâmara #TVSenado #RedeLegislativa 
#ResultadoDasEleições #Eleições #EleiçõesMunicipais 
#Vereador #Prefeito",2024-10-06T21:29:18Z,2024-10-06T21:29:18Z,0,0,0,0,0,at://did:plc:lwsqkrhf26nroh42jpkt2kx2/app.bsky.feed.post/3l5uo3egemf2w,at://did:plc:lwsqkrhf26nroh42jpkt2kx2/app.bsky.feed.post/3l5umbext5o26,NA
at://did:plc:3jyrrwsvqauma7wpa5hlwt7k/app.bsky.feed.post/3l5uqdigror2b,tatibpereira.bsky.social,Tatiana,São Paulo sem o nordeste só faz merda! #Eleiçoes2024,2024-10-06T21:27:39Z,2024-10-06T21:27:39Z,0,1,4,0,0,at://did:plc:gpunjjgvlyb4racypz3yfiq4/app.bsky.feed.post/3l5uq7gwgot2q,at://did:plc:gpunjjgvlyb4racypz3yfiq4/app.bsky.feed.post/3l5uq7gwgot2q,NA
at://did:plc:vsjyrw6esslcvq2acnhc2pey/app.bsky.feed.post/3l5uq5rxcp22t,uaiteve.bsky.social,Douglas Pereira,"#ELEIÇÕES2024

Prefeitura de BH - 6,13% de urnas apuradas

Bruno Engler (PL) - 36,52%
Fuad Noman (PSD) - 26,74%
Gabriel Azevedo - 12,70%",2024-10-06T21:24:28Z,2024-10-06T21:24:28Z,2,0,1,0,0,at://did:plc:vsjyrw6esslcvq2acnhc2pey/app.bsky.feed.post/3l5uppsv7ye2m,at://did:plc:vsjyrw6esslcvq2acnhc2pey/app.bsky.feed.post/3l5umkgg6rf2w,NA
at://did:plc:vsjyrw6esslcvq2acnhc2pey/app.bsky.feed.post/3l5uq4lpq2r2i,uaiteve.bsky.social,Douglas Pereira,"#ELEIÇÕES2024

Consulta Popular (troca de bandeira) - 6,13% de urnas apuradas

NÃO - 82,02%
SIM - 17,98%",2024-10-06T21:23:48Z,2024-10-06T21:23:48Z,1,0,0,0,0,at://did:plc:vsjyrw6esslcvq2acnhc2pey/app.bsky.feed.post/3l5uprdzeyz2i,at://did:plc:vsjyrw6esslcvq2acnhc2pey/app.bsky.feed.post/3l5umnnp2ug23,NA
at://did:plc:4ni57hx4a3chmmjngoda4ryd/app.bsky.feed.post/3l5uq2qwahq2w,epictimechat.bsky.social,#ETC,"engraçada
corajosa

#Eleicoes2024",2024-10-06T21:22:46Z,2024-10-06T21:22:46Z,0,0,1,0,0,at://did:plc:4ni57hx4a3chmmjngoda4ryd/app.bsky.feed.post/3l5upz7763u24,at://did:plc:4ni57hx4a3chmmjngoda4ryd/app.bsky.feed.post/3l5upz7763u24,NA
at://did:plc:vsjyrw6esslcvq2acnhc2pey/app.bsky.feed.post/3l5uprdzeyz2i,uaiteve.bsky.social,Douglas Pereira,"#ELEIÇÕES2024

Consulta Popular (troca de bandeira) - 5,06% de urnas apuradas

NÃO - 81,98%
SIM - 18,02%",2024-10-06T21:17:30Z,2024-10-06T21:17:30Z,1,0,0,0,0,at://did:plc:vsjyrw6esslcvq2acnhc2pey/app.bsky.feed.post/3l5upjjtymf2p,at://did:plc:vsjyrw6esslcvq2acnhc2pey/app.bsky.feed.post/3l5umnnp2ug23,NA
at://did:plc:sn7b23h46p4l3hkhm6mwpwzm/app.bsky.feed.post/3l5uppkzpnx2d,carlosgeovane.bsky.social,‏️#ϾG 🦋 ‏️»,"É inacreditável, POA. 
#Eleições2024",2024-10-06T21:17:26Z,2024-10-06T21:16:32Z,0,0,0,0,0,at://did:plc:sn7b23h46p4l3hkhm6mwpwzm/app.bsky.feed.post/3l5upnhodaz2s,at://did:plc:sn7b23h46p4l3hkhm6mwpwzm/app.bsky.feed.post/3l5upiwd45c2j,NA
at://did:plc:irzxt2ijpfh5zpwhful4v63o/app.bsky.feed.post/3l5upq5uu3o2q,nico.bsky.social,nico na #AFazenda 16 🤠🪑 | @niconatv,TV TEEEEEEEEEEEM #Eleições2024,2024-10-06T21:16:51Z,2024-10-06T21:16:51Z,1,0,3,2,0,at://did:plc:irzxt2ijpfh5zpwhful4v63o/app.bsky.feed.post/3l5upivygqa24,at://did:plc:irzxt2ijpfh5zpwhful4v63o/app.bsky.feed.post/3l5upivygqa24,NA
at://did:plc:vsjyrw6esslcvq2acnhc2pey/app.bsky.feed.post/3l5uppsv7ye2m,uaiteve.bsky.social,Douglas Pereira,"#ELEIÇÕES2024

Prefeitura de BH - 5,06% de urnas apuradas

Bruno Engler (PL) - 35,48%
Fuad Noman (PSD) - 27,56%
Gabriel Azevedo - 12,44%",2024-10-06T21:16:39Z,2024-10-06T21:16:39Z,1,0,0,1,0,at://did:plc:vsjyrw6esslcvq2acnhc2pey/app.bsky.feed.post/3l5upbqscat2f,at://did:plc:vsjyrw6esslcvq2acnhc2pey/app.bsky.feed.post/3l5umkgg6rf2w,NA
at://did:plc:sn7b23h46p4l3hkhm6mwpwzm/app.bsky.feed.post/3l5upnhodaz2s,carlosgeovane.bsky.social,‏️#ϾG 🦋 ‏️»,"Santa Maria e Passo Fundo 
#Eleições2024",2024-10-06T21:16:16Z,2024-10-06T21:15:21Z,1,0,0,0,0,at://did:plc:sn7b23h46p4l3hkhm6mwpwzm/app.bsky.feed.post/3l5upkypsr52z,at://did:plc:sn7b23h46p4l3hkhm6mwpwzm/app.bsky.feed.post/3l5upiwd45c2j,NA
at://did:plc:msgdj44xhdhouhx54kv5afor/app.bsky.feed.post/3l5upnzev4b2r,vereadorescboulos.bsky.social,APURAÇÃO SP Vereadores 🌞50,"#Eleições2024 🗳 QUAIS CANDIDATURAS BUSCAM A REELEIÇÃO?

No PSOL, são cinco cadeiras. O partido teve 361.634 votos em 2020, de um total de 1.207.180 votos para os partidos da coalizão progressista.

Seis vereadores psolistas concentraram 212.350 de todos os votos que a legenda ganhou no último pleito",2024-10-06T21:15:43Z,2024-10-06T21:15:40Z,1,0,0,0,0,at://did:plc:msgdj44xhdhouhx54kv5afor/app.bsky.feed.post/3l5unfs4hut2c,at://did:plc:msgdj44xhdhouhx54kv5afor/app.bsky.feed.post/3l5unfs4hut2c,NA
at://did:plc:sn7b23h46p4l3hkhm6mwpwzm/app.bsky.feed.post/3l5upkypsr52z,carlosgeovane.bsky.social,‏️#ϾG 🦋 ‏️»,"Rio Grande não tem 2º turno. PT na frente. 
#Eleições2024",2024-10-06T21:14:53Z,2024-10-06T21:13:58Z,1,0,2,0,0,at://did:plc:sn7b23h46p4l3hkhm6mwpwzm/app.bsky.feed.post/3l5upji6n452s,at://did:plc:sn7b23h46p4l3hkhm6mwpwzm/app.bsky.feed.post/3l5upiwd45c2j,NA
at://did:plc:sn7b23h46p4l3hkhm6mwpwzm/app.bsky.feed.post/3l5upji6n452s,carlosgeovane.bsky.social,‏️#ϾG 🦋 ‏️»,"POA de novo 
#Eleições2024",2024-10-06T21:14:02Z,2024-10-06T21:13:07Z,1,0,1,0,0,at://did:plc:sn7b23h46p4l3hkhm6mwpwzm/app.bsky.feed.post/3l5upiwd45c2j,at://did:plc:sn7b23h46p4l3hkhm6mwpwzm/app.bsky.feed.post/3l5upiwd45c2j,NA
at://did:plc:vsjyrw6esslcvq2acnhc2pey/app.bsky.feed.post/3l5upjjtymf2p,uaiteve.bsky.social,Douglas Pereira,"#ELEIÇÕES2024

Consulta Popular (troca de bandeira) - 4,66% de urnas apuradas

NÃO - 82,00%
SIM - 18,00%",2024-10-06T21:13:08Z,2024-10-06T21:13:08Z,1,0,1,0,0,at://did:plc:vsjyrw6esslcvq2acnhc2pey/app.bsky.feed.post/3l5uouzobu52p,at://did:plc:vsjyrw6esslcvq2acnhc2pey/app.bsky.feed.post/3l5umnnp2ug23,NA
at://did:plc:36yhifnqbmpwtugvc2x4wsub/app.bsky.feed.post/3l5upjduq2m2m,midiaam.bsky.social,Mídia_AM,"Aparentemente, está tudo bem em Manaus para mais de 245 mil eleitores que não votaram. #Eleições2024",2024-10-06T21:13:02Z,2024-10-06T21:13:02Z,0,0,0,0,0,at://did:plc:36yhifnqbmpwtugvc2x4wsub/app.bsky.feed.post/3l5up55g3y32l,at://did:plc:36yhifnqbmpwtugvc2x4wsub/app.bsky.feed.post/3l5uokuq76t2j,NA
at://did:plc:vsjyrw6esslcvq2acnhc2pey/app.bsky.feed.post/3l5upbqscat2f,uaiteve.bsky.social,Douglas Pereira,"#ELEIÇÕES2024

Prefeitura de BH - 4,01% de urnas apuradas

Bruno Engler (PL) - 35,16%
Fuad Noman (PSD) - 28,03%
Gabriel Azevedo - 12,27%",2024-10-06T21:08:47Z,2024-10-06T21:08:47Z,1,0,0,0,0,at://did:plc:vsjyrw6esslcvq2acnhc2pey/app.bsky.feed.post/3l5uoidibe426,at://did:plc:vsjyrw6esslcvq2acnhc2pey/app.bsky.feed.post/3l5umkgg6rf2w,NA
at://did:plc:vj3yo5xmkmg65gvpb764lj5h/app.bsky.feed.post/3l5up6sukxq2s,excentricko.bsky.social,Luiz Ricardo,"[2/2] A TV Fronteira calculou errado a saída do boletim das 17h e ficou 1 minuto e meio tocando a trilha das eleições. 😂

#Eleições2024",2024-10-06T21:07:08Z,2024-10-06T21:07:08Z,0,1,0,0,0,at://did:plc:vj3yo5xmkmg65gvpb764lj5h/app.bsky.feed.post/3l5uoz42bvo22,at://did:plc:vj3yo5xmkmg65gvpb764lj5h/app.bsky.feed.post/3l5uoz42bvo22,NA
at://did:plc:36yhifnqbmpwtugvc2x4wsub/app.bsky.feed.post/3l5up55g3y32l,midiaam.bsky.social,Mídia_AM,"#Eleições2024: Manaus tem 41 vagas na câmara municipal. Com 75% das urnas apuradas, as vagas entre os partidos estão assim:

Progressistas 2
PMB 2
PSB 1
PSD 3
PRD 2
União Brasil 6
MDB 3
Democracia Cristã 1
AGIR 3
Avante 7
Republicanos 2
PL 4
Podemos 2
Federação Brasil da Esperança 2
PSDB/Cidadania 1",2024-10-06T21:06:13Z,2024-10-06T21:06:13Z,1,0,0,0,0,at://did:plc:36yhifnqbmpwtugvc2x4wsub/app.bsky.feed.post/3l5uokuq76t2j,at://did:plc:36yhifnqbmpwtugvc2x4wsub/app.bsky.feed.post/3l5uokuq76t2j,NA
at://did:plc:57pxr4vyawfzejmfb43vle2j/app.bsky.feed.post/3l5up2dkhlc2u,lexjcq.bsky.social,ÆLex-אלכס,".Há 4 anos atrás o povo de #Belém  decidiu c*gar na urna, elegendo um sujeito abaixo da crítica.
A lição foi bem aprendida.
O atual prefeito não vai nem para o 2o turno
#Eleições2024",2024-10-06T21:04:38Z,2024-10-06T21:04:38Z,0,0,0,0,0,at://did:plc:uuv5ffalcjxergkdjgl4jo74/app.bsky.feed.post/3l5uop4cqfn2a,at://did:plc:uuv5ffalcjxergkdjgl4jo74/app.bsky.feed.post/3l5uop4cqfn2a,NA
at://did:plc:vsjyrw6esslcvq2acnhc2pey/app.bsky.feed.post/3l5uouzobu52p,uaiteve.bsky.social,Douglas Pereira,"#ELEIÇÕES2024

Consulta Popular (troca de bandeira) - 3,95% de urnas apuradas

NÃO - 82,04%
SIM - 17,96%",2024-10-06T21:01:40Z,2024-10-06T21:01:40Z,1,0,0,0,0,at://did:plc:vsjyrw6esslcvq2acnhc2pey/app.bsky.feed.post/3l5uolbva5p2t,at://did:plc:vsjyrw6esslcvq2acnhc2pey/app.bsky.feed.post/3l5umnnp2ug23,NA
at://did:plc:vsjyrw6esslcvq2acnhc2pey/app.bsky.feed.post/3l5uolbva5p2t,uaiteve.bsky.social,Douglas Pereira,"#ELEIÇÕES2024

Consulta Popular (troca de bandeira) - 0,46% de urnas apuradas

NÃO - 81,05%
SIM - 18,95%",2024-10-06T20:56:13Z,2024-10-06T20:56:13Z,1,0,0,0,0,at://did:plc:vsjyrw6esslcvq2acnhc2pey/app.bsky.feed.post/3l5uoeyakvo23,at://did:plc:vsjyrw6esslcvq2acnhc2pey/app.bsky.feed.post/3l5umnnp2ug23,NA
at://did:plc:vsjyrw6esslcvq2acnhc2pey/app.bsky.feed.post/3l5uoidibe426,uaiteve.bsky.social,Douglas Pereira,"#ELEIÇÕES2024

Prefeitura de BH - 3,23% de urnas apuradas

Bruno Engler (PL) - 35,46%
Fuad Noman (PSD) - 28,27%
Gabriel Azevedo - 11,99%",2024-10-06T20:54:34Z,2024-10-06T20:54:34Z,1,0,0,1,0,at://did:plc:vsjyrw6esslcvq2acnhc2pey/app.bsky.feed.post/3l5uocdtsij2a,at://did:plc:vsjyrw6esslcvq2acnhc2pey/app.bsky.feed.post/3l5umkgg6rf2w,NA
at://did:plc:vsjyrw6esslcvq2acnhc2pey/app.bsky.feed.post/3l5uoeyakvo23,uaiteve.bsky.social,Douglas Pereira,"#ELEIÇÕES2024

Consulta Popular (troca de bandeira) - 0,40% de urnas apuradas

NÃO - 81,22%
SIM - 18,78%",2024-10-06T20:52:42Z,2024-10-06T20:52:42Z,2,0,0,0,0,at://did:plc:vsjyrw6esslcvq2acnhc2pey/app.bsky.feed.post/3l5unlwqap32f,at://did:plc:vsjyrw6esslcvq2acnhc2pey/app.bsky.feed.post/3l5umnnp2ug23,NA
at://did:plc:vsjyrw6esslcvq2acnhc2pey/app.bsky.feed.post/3l5uocdtsij2a,uaiteve.bsky.social,Douglas Pereira,"#ELEIÇÕES2024

Prefeitura de BH - 2,29% de urnas apuradas

Bruno Engler (PL) - 35,42%
Fuad Noman (PSD) - 28,68%
Gabriel Azevedo - 11,60%",2024-10-06T20:51:13Z,2024-10-06T20:51:13Z,1,0,0,0,0,at://did:plc:vsjyrw6esslcvq2acnhc2pey/app.bsky.feed.post/3l5unxsnetx24,at://did:plc:vsjyrw6esslcvq2acnhc2pey/app.bsky.feed.post/3l5umkgg6rf2w,NA
at://did:plc:fnvlldslznsdvgh4nsjawhtn/app.bsky.feed.post/3l5uo6rvane2x,roboreborn.bsky.social,𝐅𝐢𝐦 𝐝𝐨 𝐦𝐮𝐧𝐝𝐨 🌎,"E o pior ainda está por vir, o lamaçal vai ser presidente em poucos anos.
#Eleicoes2024",2024-10-06T20:49:12Z,2024-10-06T20:49:12Z,1,0,4,0,0,at://did:plc:e4tomjseguozopelge6siysc/app.bsky.feed.post/3l5uo5ngdt42x,at://did:plc:e4tomjseguozopelge6siysc/app.bsky.feed.post/3l5uo5ngdt42x,NA
at://did:plc:lwsqkrhf26nroh42jpkt2kx2/app.bsky.feed.post/3l5uo3egemf2w,tvcamaradeputados.bsky.social,tvcamaradeputados,"#Eleições2024 | A medida em que os resultados são divulgados, você fica sabendo em tempo real. Fique com a gente na cobertura da apuração das eleições municipais.
#TVCâmara #TVSenado #RedeLegislativa #ResultadoDasEleições #Eleições #EleiçõesMunicipais 
#Vereador #Prefeito",2024-10-06T20:47:19Z,2024-10-06T20:47:19Z,1,0,0,0,0,at://did:plc:lwsqkrhf26nroh42jpkt2kx2/app.bsky.feed.post/3l5umbext5o26,at://did:plc:lwsqkrhf26nroh42jpkt2kx2/app.bsky.feed.post/3l5umbext5o26,NA
at://did:plc:vsjyrw6esslcvq2acnhc2pey/app.bsky.feed.post/3l5unxsnetx24,uaiteve.bsky.social,Douglas Pereira,"#ELEIÇÕES2024

Prefeitura de BH - 2,04% de urnas apuradas

Bruno Engler (PL) - 35,20%
Fuad Noman (PSD) - 28,86%
Gabriel Azevedo - 11,46%",2024-10-06T20:45:20Z,2024-10-06T20:45:20Z,1,0,0,0,0,at://did:plc:vsjyrw6esslcvq2acnhc2pey/app.bsky.feed.post/3l5unjqjquu2c,at://did:plc:vsjyrw6esslcvq2acnhc2pey/app.bsky.feed.post/3l5umkgg6rf2w,NA
at://did:plc:mqi5hejmyastrkn5jb44l2ww/app.bsky.feed.post/3l5unwd2k6o2g,alexproflp.bsky.social,🚩🚩🚩‬ Alexander Fabiano 🚩🚩🚩‬,EStou vendo numa live. www.youtube.com/watch?v=pgGS...,2024-10-06T20:44:31Z,2024-10-06T20:44:31Z,0,0,0,0,0,at://did:plc:boe6c47woar4rq4nqe4a6j3p/app.bsky.feed.post/3l5unue2rus2x,at://did:plc:mqi5hejmyastrkn5jb44l2ww/app.bsky.feed.post/3l5unqot33b27,NA
at://did:plc:fnvlldslznsdvgh4nsjawhtn/app.bsky.feed.post/3l5unvufo4f22,roboreborn.bsky.social,𝐅𝐢𝐦 𝐝𝐨 𝐦𝐮𝐧𝐝𝐨 🌎,"As pessoas passam raiva porque querem. Sempre esteve na cara que o lamaçal ou ganharia ou iria pro 2° turno e o Boulos nunca teve qualquer chance. Infelizmente a realidade é essa.
#Eleicoes2024",2024-10-06T20:44:12Z,2024-10-06T20:44:12Z,0,0,0,0,0,at://did:plc:4e4n3omd24o3juinseegswcy/app.bsky.feed.post/3l5unj2qfmi2u,at://did:plc:4e4n3omd24o3juinseegswcy/app.bsky.feed.post/3l5unj2qfmi2u,NA
at://did:plc:vsjyrw6esslcvq2acnhc2pey/app.bsky.feed.post/3l5unlwqap32f,uaiteve.bsky.social,Douglas Pereira,"#ELEIÇÕES2024

Consulta Popular (troca de bandeira) - 0,31% de urnas apuradas

NÃO - 81,70%
SIM - 18,30%",2024-10-06T20:38:41Z,2024-10-06T20:38:41Z,1,0,0,1,0,at://did:plc:vsjyrw6esslcvq2acnhc2pey/app.bsky.feed.post/3l5umqmmyrp2n,at://did:plc:vsjyrw6esslcvq2acnhc2pey/app.bsky.feed.post/3l5umnnp2ug23,NA
at://did:plc:vsjyrw6esslcvq2acnhc2pey/app.bsky.feed.post/3l5unjqjquu2c,uaiteve.bsky.social,Douglas Pereira,"#ELEIÇÕES2024

Prefeitura de BH - 1,09% de urnas apuradas

Bruno Engler (PL) - 35,79%
Fuad Noman (PSD) - 28,21%
Gabriel Azevedo - 11,27%",2024-10-06T20:37:28Z,2024-10-06T20:37:28Z,1,0,0,0,0,at://did:plc:vsjyrw6esslcvq2acnhc2pey/app.bsky.feed.post/3l5unaxvezf2p,at://did:plc:vsjyrw6esslcvq2acnhc2pey/app.bsky.feed.post/3l5umkgg6rf2w,NA
at://did:plc:tkyj6bmmxzsfw23yxedjcghu/app.bsky.feed.post/3l5uneggtrd2h,delcueto.bsky.social,Valéria del Cueto,"No rumo das urnas, vale tudo em busca do voto.  Um desrespeito com os eleitore.  Mas quem liga? Se nem quem paga se incomoda... 
📷: Valéria del Cueto Imagem protegida pela lei 9610/1998. Proibida a reprodução 
#eleições2024
#meiodomundo 
#valerio2024 
#photography 
#photooftheday",2024-10-06T20:34:29Z,2024-10-06T20:34:29Z,0,0,3,0,0,at://did:plc:tkyj6bmmxzsfw23yxedjcghu/app.bsky.feed.post/3l5uhbktb4c23,at://did:plc:tkyj6bmmxzsfw23yxedjcghu/app.bsky.feed.post/3l5uh3lfswl2s,NA
at://did:plc:oiytk54p7dapignhy5uopr5b/app.bsky.feed.post/3l5v2os2bw42p,edcruz.bsky.social,Edcruz,"Esse povo que fez isso deveria pagar multa!😡
Se já faz essa sujeira como candidato, imagina eleito!
#tse #Eleições2024",2024-10-06T20:32:50Z,2024-10-06T20:32:50Z,0,0,0,0,0,at://did:plc:dxpxq4r63euyjvgjrc4kybx3/app.bsky.feed.post/3l5phmk2i6c2g,at://did:plc:dxpxq4r63euyjvgjrc4kybx3/app.bsky.feed.post/3l5phmk2i6c2g,NA
at://did:plc:vsjyrw6esslcvq2acnhc2pey/app.bsky.feed.post/3l5unaxvezf2p,uaiteve.bsky.social,Douglas Pereira,"#ELEIÇÕES2024

Prefeitura de BH - 0,50% de urnas apuradas

Bruno Engler (PL) - 35,51%
Fuad Noman (PSD) - 28,71%
Gabriel Azevedo - 11,58%",2024-10-06T20:32:33Z,2024-10-06T20:32:33Z,1,0,1,0,0,at://did:plc:vsjyrw6esslcvq2acnhc2pey/app.bsky.feed.post/3l5umtbgvis23,at://did:plc:vsjyrw6esslcvq2acnhc2pey/app.bsky.feed.post/3l5umkgg6rf2w,NA
at://did:plc:oiytk54p7dapignhy5uopr5b/app.bsky.feed.post/3l5v2mnl2gq2w,edcruz.bsky.social,Edcruz,"Esse povo que fez isso deveria pagar multa!😡
Se já faz essa sujeira como candidato, imagina eleito!
#tse #Eleições2024",2024-10-06T20:31:38Z,2024-10-06T20:31:38Z,0,0,0,0,0,at://did:plc:dxpxq4r63euyjvgjrc4kybx3/app.bsky.feed.post/3l5uk7ggdrs2o,at://did:plc:dxpxq4r63euyjvgjrc4kybx3/app.bsky.feed.post/3l5uk7ggdrs2o,NA
at://did:plc:vsjyrw6esslcvq2acnhc2pey/app.bsky.feed.post/3l5umtbgvis23,uaiteve.bsky.social,Douglas Pereira,"#ELEIÇÕES2024

Prefeitura de BH - 0,27% de urnas apuradas

Bruno Engler (PL) - 33,05%
Fuad Noman (PSD) - 30,27%
Duda Salabert (PDT) - 11,44%",2024-10-06T20:24:54Z,2024-10-06T20:24:54Z,1,0,1,0,0,at://did:plc:vsjyrw6esslcvq2acnhc2pey/app.bsky.feed.post/3l5umpq2djl2i,at://did:plc:vsjyrw6esslcvq2acnhc2pey/app.bsky.feed.post/3l5umkgg6rf2w,NA
at://did:plc:vsjyrw6esslcvq2acnhc2pey/app.bsky.feed.post/3l5umqmmyrp2n,uaiteve.bsky.social,Douglas Pereira,"#ELEIÇÕES2024

Consulta Popular (troca de bandeira) - 0,25% de urnas apuradas

NÃO - 82,22%
SIM - 17,78%",2024-10-06T20:23:25Z,2024-10-06T20:23:25Z,1,0,1,0,0,at://did:plc:vsjyrw6esslcvq2acnhc2pey/app.bsky.feed.post/3l5umnnp2ug23,at://did:plc:vsjyrw6esslcvq2acnhc2pey/app.bsky.feed.post/3l5umnnp2ug23,NA
at://did:plc:vsjyrw6esslcvq2acnhc2pey/app.bsky.feed.post/3l5umpq2djl2i,uaiteve.bsky.social,Douglas Pereira,"#ELEIÇÕES2024

Prefeitura de BH - 0,15% de urnas apuradas

Bruno Engler (PL) - 34,65%
Fuad Noman (PSD) - 29,65%
Duda Salabert (PDT) - 11,12%",2024-10-06T20:22:55Z,2024-10-06T20:22:55Z,1,0,2,1,0,at://did:plc:vsjyrw6esslcvq2acnhc2pey/app.bsky.feed.post/3l5umkgg6rf2w,at://did:plc:vsjyrw6esslcvq2acnhc2pey/app.bsky.feed.post/3l5umkgg6rf2w,NA
at://did:plc:5jgdpkvjlsypsmdebscl2qcg/app.bsky.feed.post/3l5umlyotwu2x,celsoavieira.bsky.social,CAVBR,"O pior é que em 2020 e 2022 ela utilizou só essa trilha normalmente, mas acho que ela não gostou dessa trilha fechando os blocos das entradas ao vivo, e resolveu inventar moda em 2024. #TVTEM #Globo #Eleições2024 #EleiçõesNaGlobo #TN1 #TN2 #TEMNoticias #BDC #BomDiaCidade",2024-10-06T20:20:50Z,2024-10-06T20:20:50Z,0,0,0,0,0,at://did:plc:doz7ni4aomg4rtco4u5mamcm/app.bsky.feed.post/3l5trjqju7k2c,at://did:plc:doz7ni4aomg4rtco4u5mamcm/app.bsky.feed.post/3l5trjqju7k2c,NA
at://did:plc:7yvqral3n7eje5ydn7onfk5a/app.bsky.feed.post/3l5umfc6xxk2f,thurvicentini.bsky.social,Arthur Vicentini,"Agora sim, cobertura dedicada d'O Voto na RECORD NEWS
#OVotoNaRECORDNEWS #RECORDNEWS #Eleições2024
bsky.app/profile/epic...",2024-10-06T20:17:47Z,2024-10-06T20:17:05Z,0,0,0,0,0,at://did:plc:7yvqral3n7eje5ydn7onfk5a/app.bsky.feed.post/3l5umbehj6t2c,at://did:plc:7yvqral3n7eje5ydn7onfk5a/app.bsky.feed.post/3l5umbehj6t2c,at://did:plc:4ni57hx4a3chmmjngoda4ryd/app.bsky.feed.post/3l5umczfwkl2c
at://did:plc:5jgdpkvjlsypsmdebscl2qcg/app.bsky.feed.post/3l5uls67ums2h,celsoavieira.bsky.social,CAVBR,Tanto que a #TVTEM utilizou ela no encerramento de bloco dos #DebateNaGlobo e utiliza no encerramento dos plantões das #Eleições2024. #Globo #DebateNaTVTEM,2024-10-06T20:06:23Z,2024-10-06T20:06:23Z,0,0,0,0,0,at://did:plc:llqaxx6ohr2maemxojiml5ej/app.bsky.feed.post/3l5u7fm5csm22,at://did:plc:llqaxx6ohr2maemxojiml5ej/app.bsky.feed.post/3l5u7fm5csm22,NA
at://did:plc:lwsqkrhf26nroh42jpkt2kx2/app.bsky.feed.post/3l5uldombdn2w,tvcamaradeputados.bsky.social,tvcamaradeputados,"#Eleições2024 | Boletim das 16h 
Eleitorado de Rondônia cresceu 6,3% em relação a 2020. Confira essa e outras informações das nossas emissoras parceiras em Curitiba (PR) e em Porto Velho (RO) no balanço das eleições até o momento. Assista: youtu.be/eh3d7TPbJzs
#TVCâmara #TVSenado #RedeLegislativa",2024-10-06T19:58:17Z,2024-10-06T19:58:17Z,0,0,0,0,0,at://did:plc:lwsqkrhf26nroh42jpkt2kx2/app.bsky.feed.post/3l5uklv6nsm23,at://did:plc:lwsqkrhf26nroh42jpkt2kx2/app.bsky.feed.post/3l5tnnm3vu42q,NA
at://did:plc:lwsqkrhf26nroh42jpkt2kx2/app.bsky.feed.post/3l5uklv6nsm23,tvcamaradeputados.bsky.social,tvcamaradeputados,"#Eleições2024 | Mais um boletim com giro pelas capitais brasileiras com Porto Alegre (RS) e Natal (RN). Veja:
youtu.be/E_iecZv5_WA",2024-10-06T19:44:59Z,2024-10-06T19:44:59Z,1,0,0,0,0,at://did:plc:lwsqkrhf26nroh42jpkt2kx2/app.bsky.feed.post/3l5u6bnvw5v2t,at://did:plc:lwsqkrhf26nroh42jpkt2kx2/app.bsky.feed.post/3l5tnnm3vu42q,NA
at://did:plc:lwsqkrhf26nroh42jpkt2kx2/app.bsky.feed.post/3l5uj72x6ll2h,tvcamaradeputados.bsky.social,tvcamaradeputados,"#Eleições2024 | Boletim das 16h com as últimas informações direto do TSE, em Brasília, de Curitiba (PR) e também de Rondônia.  Assista: youtu.be/eh3d7TPbJzs",2024-10-06T19:19:55Z,2024-10-06T19:19:55Z,0,0,0,0,0,at://did:plc:lwsqkrhf26nroh42jpkt2kx2/app.bsky.feed.post/3l5ufobj6lg2r,at://did:plc:lwsqkrhf26nroh42jpkt2kx2/app.bsky.feed.post/3l5tnnm3vu42q,NA
at://did:plc:tkyj6bmmxzsfw23yxedjcghu/app.bsky.feed.post/3l5uhbktb4c23,delcueto.bsky.social,Valéria del Cueto,"Adivinha quem paga o papel, a, impressão,  a distribuição,  o desperdício e, claro, a limpeza depois? Você,  eleitor, ilhado e decisivo no processo eleitoral. 
📷: Valéria del Cueto 
#eleições2024
#meiodomundo 
#valerio2024 
#photography",2024-10-06T18:45:31Z,2024-10-06T18:45:31Z,1,1,3,0,0,at://did:plc:tkyj6bmmxzsfw23yxedjcghu/app.bsky.feed.post/3l5uh3lfswl2s,at://did:plc:tkyj6bmmxzsfw23yxedjcghu/app.bsky.feed.post/3l5uh3lfswl2s,NA
at://did:plc:moxr5wj3u5rwf25vgcemftvp/app.bsky.feed.post/3l5uda4hymy2a,mbf.net.br,Mateus BF,"[ #eleições2024 - DIGA-ME COM QUEM VOTAS...]

CORREÇÃO (pra que justiça eleitoral seja feita)

🟠Boulos tem a companhia da família, de sua candidata a vice, que foi ex-prefeita da cidade, e da fucking queen MINISTRA DE ESTADO DO MEIO AMBIENTE E DA MUDANÇA DO CLIMA

👑💅",2024-10-06T17:33:07Z,2024-10-06T17:33:07Z,0,1,4,0,0,at://did:plc:moxr5wj3u5rwf25vgcemftvp/app.bsky.feed.post/3l5ubwlk6yp2v,at://did:plc:moxr5wj3u5rwf25vgcemftvp/app.bsky.feed.post/3l5ubwlk6yp2v,at://did:plc:gpunjjgvlyb4racypz3yfiq4/app.bsky.feed.post/3l5tvm3p6sh2v
at://did:plc:moxr5wj3u5rwf25vgcemftvp/app.bsky.feed.post/3l5u7ztzt7f25,mbf.net.br,Mateus BF,"[ #eleições2024 - GÊNERO: FEMININO!]

ℹ️em 2000, eram 8% de candidaturas♀️
ℹ️em 2024, são 15% (2.311) de candidaturas♀️à prefeituras em 1.947 (35%) municípios (concentrados no NE)
  ↪️18% são reeleição
  ↪️em 101 cidades só há candidaturas♀️

🗣️“ah, eu não voto em gênero, voto em propostas”
🤦‍♂️
Então se liga👇",2024-10-06T16:35:55Z,2024-10-06T16:35:55Z,0,0,2,0,0,at://did:plc:moxr5wj3u5rwf25vgcemftvp/app.bsky.feed.post/3l4txjipzb32t,at://did:plc:moxr5wj3u5rwf25vgcemftvp/app.bsky.feed.post/3l4supd654s24,NA
at://did:plc:lwsqkrhf26nroh42jpkt2kx2/app.bsky.feed.post/3l5u6bnvw5v2t,tvcamaradeputados.bsky.social,tvcamaradeputados,"#Eleições2024 | Agora, as novidades sobre as eleições municipais, neste domingo (6). Fique com a gente nesta cobertura especial em parceria com a @tvsenado e @radiosenado. Acompanhe: youtube.com/live/cubzQQ1...",2024-10-06T16:04:30Z,2024-10-06T16:04:30Z,1,0,0,0,0,at://did:plc:lwsqkrhf26nroh42jpkt2kx2/app.bsky.feed.post/3l5u4yobysc23,at://did:plc:lwsqkrhf26nroh42jpkt2kx2/app.bsky.feed.post/3l5tnnm3vu42q,NA
at://did:plc:55wl7w6jcns3rtkhwem7vlfq/app.bsky.feed.post/3l5u5zsuqzs2v,oporcoiris.bsky.social,PorcoÍris ⓟ 🏳️‍🌈,"Juntos vamos mudar o Brasil, começando pelo nosso bairro e nossa cidade. Palmeirense de verdade vota com consciência! 

#AvantiPalestra #Eleições2024
#FutebolÉPraTodos 🏳️‍🌈🏳️‍⚧️",2024-10-06T16:00:06Z,2024-10-06T16:00:06Z,0,0,5,0,0,at://did:plc:55wl7w6jcns3rtkhwem7vlfq/app.bsky.feed.post/3l5u5yd3xqd2c,at://did:plc:55wl7w6jcns3rtkhwem7vlfq/app.bsky.feed.post/3l5u5egphdl27,NA
at://did:plc:lbflxt4jpfnoos2s7mnx7kg6/app.bsky.feed.post/3l5u5jtieis2w,epicentropolitico.bsky.social,Epicentro Político,"Ressalvando que nenhum brasileiro pode ser preso no dia das eleições, exceto em caso de flagrantes - que é o caso dos crimes expostos nesta reportagem. 

A regra vale até 48 horas após o pleito.

#Eleições2024",2024-10-06T15:51:09Z,2024-10-06T15:51:09Z,0,0,2,0,0,at://did:plc:lbflxt4jpfnoos2s7mnx7kg6/app.bsky.feed.post/3l5u5hylktj2a,at://did:plc:lbflxt4jpfnoos2s7mnx7kg6/app.bsky.feed.post/3l5u5hylktj2a,NA
at://did:plc:woevqjiknj5l56uxdcwlmhnm/app.bsky.feed.post/3l5u5bthgyc2l,hsvab.bsky.social,Haydée Svab,"A Carta Compromisso pela Mobilidade Sustentável tem por objetivo avaliar e engajar as candidaturas com políticas
públicas de mobilidade urbana que visem uma cidade mais justa, equitativa e sustentável.

www.google.com/url?sa=t&sou...

#MobilidadeSustentável
#Eleições2024",2024-10-06T15:46:45Z,2024-10-06T15:46:44Z,1,0,0,0,0,at://did:plc:woevqjiknj5l56uxdcwlmhnm/app.bsky.feed.post/3l5u4vjlwic2l,at://did:plc:woevqjiknj5l56uxdcwlmhnm/app.bsky.feed.post/3l5u4evbdz52a,NA
at://did:plc:lwsqkrhf26nroh42jpkt2kx2/app.bsky.feed.post/3l5u4yobysc23,tvcamaradeputados.bsky.social,tvcamaradeputados,"#Eleições2024 |  Meio-dia novidades dos estados de Roraima com a @assembleiarr, em Minas Gerais com @tvassembleiaminas e no Maranhão com a @assembleiama. Acompanhe: youtu.be/ErN6N7fMBiI",2024-10-06T15:41:35Z,2024-10-06T15:41:35Z,1,0,1,0,0,at://did:plc:lwsqkrhf26nroh42jpkt2kx2/app.bsky.feed.post/3l5u3rddear2a,at://did:plc:lwsqkrhf26nroh42jpkt2kx2/app.bsky.feed.post/3l5tnnm3vu42q,NA
at://did:plc:moxr5wj3u5rwf25vgcemftvp/app.bsky.feed.post/3l5u4ur3bfw2g,mbf.net.br,Mateus BF,"[ #eleições2024 - BELÉM BELÉM 👋]

Parece q a reeleição do PSOL em Belém está descartada e, pior, a prefeitura da cidade durante a #COP30 será mesmo ocupada por um negacionista

AtlasIntel - votos válidos
🔵Igor Normando (MDB) 44,1%
🟠Dele🐮gado Éder Mauro (PL) 22,3%
🟢Thiago Araújo (Republicanos) 12,6%",2024-10-06T15:39:23Z,2024-10-06T15:39:23Z,1,1,5,0,0,at://did:plc:moxr5wj3u5rwf25vgcemftvp/app.bsky.feed.post/3l5gy4ibqja2g,at://did:plc:moxr5wj3u5rwf25vgcemftvp/app.bsky.feed.post/3l34zmwwsy52c,NA
at://did:plc:lwsqkrhf26nroh42jpkt2kx2/app.bsky.feed.post/3l5u3rddear2a,tvcamaradeputados.bsky.social,tvcamaradeputados,"Eleições2024 | Às 11h, nossas parceiras na capital paulista (SP), com @camarasaopaulo, em Caxias do Sul (RS) @camaracaxias, em Teresina (PI) com a @tvassembleiapi. Assista: 
youtu.be/nNcYrj7KH40",2024-10-06T15:19:35Z,2024-10-06T15:19:35Z,1,0,0,0,0,at://did:plc:lwsqkrhf26nroh42jpkt2kx2/app.bsky.feed.post/3l5tnnm3vu42q,at://did:plc:lwsqkrhf26nroh42jpkt2kx2/app.bsky.feed.post/3l5tnnm3vu42q,NA
at://did:plc:lwsqkrhf26nroh42jpkt2kx2/app.bsky.feed.post/3l5u3qrvxze2l,tvcamaradeputados.bsky.social,tvcamaradeputados,"Eleições2024 | A Rede Legislativa são as TVs e Rádios das assembleias estaduais e câmaras municipais. Acompanhe o boletim das 10h com informações de Goiás, com a @assembleiago, de Mato Grosso com a @assembleiamt. Acompanhe: youtu.be/MfhQsjUqxkM",2024-10-06T15:19:17Z,2024-10-06T15:19:17Z,0,0,0,0,0,at://did:plc:lwsqkrhf26nroh42jpkt2kx2/app.bsky.feed.post/3l5u3puau7c2i,at://did:plc:lwsqkrhf26nroh42jpkt2kx2/app.bsky.feed.post/3l5tnnm3vu42q,NA
at://did:plc:lwsqkrhf26nroh42jpkt2kx2/app.bsky.feed.post/3l5u3puau7c2i,tvcamaradeputados.bsky.social,tvcamaradeputados,"Eleições2024 | Nossa cobertura continua com boletins de hora a hora, com a parceria da Rede Legislativa. Neste boletim das 9h, a TV Alece, do Ceará, @assembleiace e a TV Aleto, do Tocantins @tvassembleiato trazem informações das capitais Fortaleza e Palmas. 
youtube.com/live/LZ8keDF...",2024-10-06T15:18:45Z,2024-10-06T15:18:45Z,1,0,0,0,0,at://did:plc:lwsqkrhf26nroh42jpkt2kx2/app.bsky.feed.post/3l5tnnm3vu42q,at://did:plc:lwsqkrhf26nroh42jpkt2kx2/app.bsky.feed.post/3l5tnnm3vu42q,NA
at://did:plc:flqaep35pyyyn3j3fkpzrmv4/app.bsky.feed.post/3l5twmquzfu2s,acaiteriatijuca.bsky.social,Açaiteria Tijuca,"(+) 

Vamos juntos construir um futuro mais saboroso e justo para todos! 🗳️✨

#Eleições2024 #VoteConsciente #Cidadania #AçaiteriaTijuca #FuturoMelhor #RioDeJaneiro #RJ #Brasil",2024-10-06T13:47:32Z,2024-10-06T13:47:32Z,0,0,0,0,0,at://did:plc:flqaep35pyyyn3j3fkpzrmv4/app.bsky.feed.post/3l5twlrneu622,at://did:plc:flqaep35pyyyn3j3fkpzrmv4/app.bsky.feed.post/3l5twkmui7r2m,NA
at://did:plc:e2i4sppog5yx6m6zqmmy3zfb/app.bsky.feed.post/3l5tslps2vj2e,becabonne7.bsky.social,Avisadora Perguntadora Respondedora Pleonástica,#eleições2024,2024-10-06T12:35:23Z,2024-10-06T12:35:23Z,0,0,1,0,0,at://did:plc:e2i4sppog5yx6m6zqmmy3zfb/app.bsky.feed.post/3l5tsgjahl42v,at://did:plc:e2i4sppog5yx6m6zqmmy3zfb/app.bsky.feed.post/3l5tsgjahl42v,NA
at://did:plc:e2i4sppog5yx6m6zqmmy3zfb/app.bsky.feed.post/3l5tsk4lzk424,becabonne7.bsky.social,Avisadora Perguntadora Respondedora Pleonástica,#eleições2024,2024-10-06T12:34:29Z,2024-10-06T12:34:29Z,0,0,1,0,0,at://did:plc:e2i4sppog5yx6m6zqmmy3zfb/app.bsky.feed.post/3l5trxoa5ja2i,at://did:plc:e2i4sppog5yx6m6zqmmy3zfb/app.bsky.feed.post/3l5trxoa5ja2i,NA
at://did:plc:5ih5bsb7r6z5an7qf56wbwcc/app.bsky.feed.post/3l5tok7jjzo2x,ronoc04.bsky.social,Ronoc 🏴‍☠️,"Estamos juntos por uma cidade mais humana, justa, mobilizada para resolver os graves problemas que afligem a maioria de nossa população!

Com @guilhermeboulos.bsky.social 50 e @renatafalzoni.bsky.social 40400!

#Eleições2024 #EleiçõesMunicipais",2024-10-06T11:22:58Z,2024-10-06T11:22:58Z,0,0,1,0,0,at://did:plc:adhsai5djkzawmlqd3nf4w6l/app.bsky.feed.post/3l5steqmbsr2b,at://did:plc:adhsai5djkzawmlqd3nf4w6l/app.bsky.feed.post/3l5steqmbsr2b,NA
at://did:plc:moxr5wj3u5rwf25vgcemftvp/app.bsky.feed.post/3l5tlorcn2a2g,mbf.net.br,Mateus BF,"[ #eleições2024 - CUIABRASA 50°]

Nas 2 últimas pesquisas de intenção de voto, o jogo continua péssimo (e indefinido)

Quaest - votos válidos
🔵Eduardo Botelho (UNIÃO) 36%
🟠Abílio Brunini (PL) 35%
🔴Lúdio Cabral (PT) 24%

AtlasIntel - votos válidos
🟠Abílio (PL) 40%
🔴Lúdio (PT) 32%
🔵Botelho (UNIÃO) 20%",2024-10-06T10:31:48Z,2024-10-06T10:31:48Z,1,0,2,0,0,at://did:plc:moxr5wj3u5rwf25vgcemftvp/app.bsky.feed.post/3l55pmc463y2u,at://did:plc:moxr5wj3u5rwf25vgcemftvp/app.bsky.feed.post/3l34zmwwsy52c,NA
at://did:plc:yt5ca4kwokkeesqoewkl6s47/app.bsky.feed.post/3l5tjgjtgl62w,alanvictor.bsky.social,Alan Victor 🇧🇷,"Sei que é impensável uma vitória de alguém no 1°turno, mas depois da vitória do Elmano em 2022 tudo pode acontecer

➡️ #Eleições2024",2024-10-06T09:48:29Z,2024-10-06T09:48:29Z,0,0,1,0,0,at://did:plc:yt5ca4kwokkeesqoewkl6s47/app.bsky.feed.post/3l5tjfue2js2f,at://did:plc:yt5ca4kwokkeesqoewkl6s47/app.bsky.feed.post/3l5tjfue2js2f,NA
at://did:plc:tuzuuvhqzx5x5cri5jpuwn42/app.bsky.feed.post/3l5thllchrn2c,miguelmartins1.bsky.social,Miguel Martins,#eleições #eleições2024 #Fortaleza,2024-10-06T09:18:27Z,2024-10-06T09:18:27Z,0,0,0,0,0,at://did:plc:tuzuuvhqzx5x5cri5jpuwn42/app.bsky.feed.post/3l5thgkhqps2n,at://did:plc:tuzuuvhqzx5x5cri5jpuwn42/app.bsky.feed.post/3l5thgkhqps2n,NA
at://did:plc:vu7ammnizu2dikibu3gjlg5l/app.bsky.feed.post/3l5soidg7tt2y,pcbabc.bsky.social,PCB Grande ABC,"Se é de uma Santo André do trabalhador que estamos sedentos, na urna o número pra vereador é 50300!

#vereador #luta #mst #pcb #campanha #eleições2024",2024-10-06T01:49:15Z,2024-10-06T01:49:15Z,0,0,6,0,0,at://did:plc:vu7ammnizu2dikibu3gjlg5l/app.bsky.feed.post/3l5soi2h3422p,at://did:plc:vu7ammnizu2dikibu3gjlg5l/app.bsky.feed.post/3l5sog7iwte25,NA
at://did:plc:hbx5vh5eakcy6l6yffdwon3s/app.bsky.feed.post/3l5snqg5wdx24,gabrielmarquespcb.bsky.social,Gabriel Marques PCB,"Domingo é dia de apertar 21333 e CONFIRMA! Apertar 50 e CONFIRMA! 

Vamos levar Tarcísio e Renata ao segundo turno! 

#GabrielMarques21333 #PoderPopular #PCB102anos #GabrielMarquesEstáComVocês 
#TarcísioMotta50 #TarcísioERenata50 #Partidão #GabrielMarquesPCB #Eleições2024 #Vote21",2024-10-06T01:35:55Z,2024-10-06T01:35:55Z,0,0,0,0,0,at://did:plc:hbx5vh5eakcy6l6yffdwon3s/app.bsky.feed.post/3l5snplbnj22f,at://did:plc:hbx5vh5eakcy6l6yffdwon3s/app.bsky.feed.post/3l5snnnzqx22m,NA
at://did:plc:dfwm2ctxeollme23ilc7ghpr/app.bsky.feed.post/3l5snobkz5w27,infoflo.bsky.social,Info FLO,"🌲 FAÇA DO SEU VOTO, A SUA VOZ! 🔥

— Agora corre lá nos stories!

Ação feita pelo “FANDOMS PELA AMAZÔNIA”, projeto que reúne mais de 200 fandoms em prol do meio ambiente. 🫱🏽‍🫲🏻🫂

#FLO #fandomspelaamazonia #eleições #eleições2024 #amazonia",2024-10-06T01:34:40Z,2024-10-06T01:34:40Z,0,0,2,0,0,at://did:plc:dfwm2ctxeollme23ilc7ghpr/app.bsky.feed.post/3l5snlh2axc2v,at://did:plc:dfwm2ctxeollme23ilc7ghpr/app.bsky.feed.post/3l5smwxgpxj2v,NA
at://did:plc:tmfx73ppdmr7d7pfuneqelsc/app.bsky.feed.post/3l5skzgmvi42i,driufc.bsky.social,🇩 🇷 🇮 🇺 🇫 🇨,"Vanessa da Rosa (@vanessadarosajoinville) PT | Joinville /SC

Via Midia Ninja 

#Eleições2024 #SementesdeMarielle #MariellePresente #Legado #BuzzQQ #VQQ",2024-10-06T00:47:13Z,2024-10-06T00:47:13Z,0,1,2,1,0,at://did:plc:tmfx73ppdmr7d7pfuneqelsc/app.bsky.feed.post/3l5skybhn7j2j,at://did:plc:tmfx73ppdmr7d7pfuneqelsc/app.bsky.feed.post/3l5sknrgghb2l,NA
at://did:plc:sn7b23h46p4l3hkhm6mwpwzm/app.bsky.feed.post/3l5simklm5q2d,carlosgeovane.bsky.social,‏️#ϾG 🦋 ‏️»,"#Eleições2024: pesquisa Recife (Quaest) 
#JN",2024-10-06T00:05:08Z,2024-10-06T00:04:15Z,0,0,1,0,0,at://did:plc:sn7b23h46p4l3hkhm6mwpwzm/app.bsky.feed.post/3l5siiqg2pb2a,at://did:plc:sn7b23h46p4l3hkhm6mwpwzm/app.bsky.feed.post/3l5siiqg2pb2a,NA
at://did:plc:sn7b23h46p4l3hkhm6mwpwzm/app.bsky.feed.post/3l5shyzsk5o2f,carlosgeovane.bsky.social,‏️#ϾG 🦋 ‏️»,"#Eleições2024: pesquisa BH (Quaest) 
#JN",2024-10-05T23:54:13Z,2024-10-05T23:53:20Z,0,0,0,0,0,at://did:plc:sn7b23h46p4l3hkhm6mwpwzm/app.bsky.feed.post/3l5shtoobmj2a,at://did:plc:sn7b23h46p4l3hkhm6mwpwzm/app.bsky.feed.post/3l5shtoobmj2a,NA
at://did:plc:sn7b23h46p4l3hkhm6mwpwzm/app.bsky.feed.post/3l5shpjvx5s2o,carlosgeovane.bsky.social,‏️#ϾG 🦋 ‏️»,"#Eleições2024: pesquisa Rio (Datafolha) 
#JN",2024-10-05T23:48:54Z,2024-10-05T23:48:01Z,0,0,0,0,0,at://did:plc:sn7b23h46p4l3hkhm6mwpwzm/app.bsky.feed.post/3l5shmrsn7o2w,at://did:plc:sn7b23h46p4l3hkhm6mwpwzm/app.bsky.feed.post/3l5shmrsn7o2w,NA
at://did:plc:sn7b23h46p4l3hkhm6mwpwzm/app.bsky.feed.post/3l5shji5mcs2b,carlosgeovane.bsky.social,‏️#ϾG 🦋 ‏️»,"#Eleições2024: pesquisa SP (Quaest) 
#JN",2024-10-05T23:45:31Z,2024-10-05T23:44:38Z,0,0,0,0,0,at://did:plc:sn7b23h46p4l3hkhm6mwpwzm/app.bsky.feed.post/3l5shfi7irf22,at://did:plc:sn7b23h46p4l3hkhm6mwpwzm/app.bsky.feed.post/3l5shfi7irf22,NA
at://did:plc:sn7b23h46p4l3hkhm6mwpwzm/app.bsky.feed.post/3l5se6fxj2r2s,carlosgeovane.bsky.social,‏️#ϾG 🦋 ‏️»,"é inacreditável. 
#RBSnotícias #Eleições2024",2024-10-05T22:45:39Z,2024-10-05T22:44:45Z,0,0,0,0,0,at://did:plc:sn7b23h46p4l3hkhm6mwpwzm/app.bsky.feed.post/3l5se3n73fr2u,at://did:plc:sn7b23h46p4l3hkhm6mwpwzm/app.bsky.feed.post/3l5se3n73fr2u,NA
at://did:plc:tmfx73ppdmr7d7pfuneqelsc/app.bsky.feed.post/3l5scjno2nt22,driufc.bsky.social,🇩 🇷 🇮 🇺 🇫 🇨,"🚩 Reafirmando que a cidade é do povo trabalhador, o bloco agitou a caminhada da vitória para eleger Boulos e Marta 5️⃣0️⃣!

📷 Fotos: Priscila Ramos / Comunicação MST

#BoulosPrefeito50 #Eleições2024",2024-10-05T22:15:13Z,2024-10-05T22:15:13Z,0,0,0,0,0,at://did:plc:tmfx73ppdmr7d7pfuneqelsc/app.bsky.feed.post/3l5schmbpew2k,at://did:plc:tmfx73ppdmr7d7pfuneqelsc/app.bsky.feed.post/3l5schmbpew2k,NA
at://did:plc:5ih5bsb7r6z5an7qf56wbwcc/app.bsky.feed.post/3l5sbi6fu6y2z,ronoc04.bsky.social,Ronoc 🏴‍☠️,"E amanhã, tem Boulos! @guilhermeboulos.bsky.social 🗳️ 🙌

#Eleições2024 #EleiçõesMunicipais",2024-10-05T21:56:31Z,2024-10-05T21:56:31Z,1,0,1,0,0,at://did:plc:fyxjfpm4ctf77d7a3cmcpyu4/app.bsky.feed.post/3l5rkasvdwq2t,at://did:plc:fyxjfpm4ctf77d7a3cmcpyu4/app.bsky.feed.post/3l5rkasvdwq2t,NA
at://did:plc:5ih5bsb7r6z5an7qf56wbwcc/app.bsky.feed.post/3l5sbauyyf32q,ronoc04.bsky.social,Ronoc 🏴‍☠️,"Aqui também vamos com a @renatafalzoni.bsky.social - 40400 pra vereadora de São Paulo!

#Eleições2024 #EleiçõesMunicipais

falzoni.com.br",2024-10-05T21:52:26Z,2024-10-05T21:52:26Z,0,0,1,0,0,at://did:plc:nzxvmcdp2h3c3tyg245voijw/app.bsky.feed.post/3l5qzqft3432c,at://did:plc:nzxvmcdp2h3c3tyg245voijw/app.bsky.feed.post/3l5qzqft3432c,NA
at://did:plc:moxr5wj3u5rwf25vgcemftvp/app.bsky.feed.post/3l5s2hx7ekx2u,mbf.net.br,Mateus BF,"[ #eleições2024 - E EU COM ISSO?]

Veja 1 dos 63 casos de candidatos-RURALISTAS na Amazônia

📍S. Félix do Xingu/PA

🤠João Cleber (MDB): reeleição à prefeito
🕵️‍♂️ acusações: grilagem + trabalho escravo + assassinatos + fake news
💲patrimônio=R$14,6Mi
💸multas=R$9,2Mi

🗳️intenções de voto: 63% (1º lugar)",2024-10-05T19:51:07Z,2024-10-05T19:51:07Z,2,2,9,0,0,at://did:plc:moxr5wj3u5rwf25vgcemftvp/app.bsky.feed.post/3l5rzlajtyr22,at://did:plc:moxr5wj3u5rwf25vgcemftvp/app.bsky.feed.post/3l34zmwwsy52c,NA
at://did:plc:moxr5wj3u5rwf25vgcemftvp/app.bsky.feed.post/3l5rzlajtyr22,mbf.net.br,Mateus BF,"[ #eleições2024 - E EU COM ISSO?]

Nessas eleições, há 63 candidatos-fazendeiros concorrendo à prefeitura em 46 das 70 cidades mais desmatadas da Amazônia
ℹ️Só eles somam ~3.035 km² de desmatamento irregular
  🟰 2X a área de São Paulo

E vc tá chocado com o crime de Ⓜ️ postar laudo falso no IG?

Leia👇",2024-10-05T19:35:03Z,2024-10-05T19:35:03Z,1,3,11,1,0,at://did:plc:moxr5wj3u5rwf25vgcemftvp/app.bsky.feed.post/3l3536xecb22w,at://did:plc:moxr5wj3u5rwf25vgcemftvp/app.bsky.feed.post/3l34zmwwsy52c,at://did:plc:myaaa7iluvv7omoocjno5fyy/app.bsky.feed.post/3l5rxpwoqkd2a
at://did:plc:khrkwjluvmcgxu2zjywxq7ou/app.bsky.feed.post/3l5rytulw4v2o,mauricioto.bsky.social,NA,"@trespjus.bsky.social @tsejus.bsky.social qual outro #CRIME será preciso o candidato #PabloMarçal cometer , para que sua CANDIDATURA seja REVOGADA ?

E quantos #CRIMES são precisos para que esse #CRIMINOSO seja PRESO EM FLAGRANTE DELITO ? A última VIOLAÇÃO não é suficiente ?

#eleições #eleições2024",2024-10-05T19:20:33Z,2024-10-05T19:20:33Z,0,0,1,0,0,at://did:plc:acvjxnp5fsqoq4fwri6wuqj7/app.bsky.feed.post/3l5r7i27mpa2y,at://did:plc:acvjxnp5fsqoq4fwri6wuqj7/app.bsky.feed.post/3l5r7i27mpa2y,NA
at://did:plc:khrkwjluvmcgxu2zjywxq7ou/app.bsky.feed.post/3l5rysbaeba2x,mauricioto.bsky.social,NA,"@trespjus.bsky.social @tsejus.bsky.social qual outro #CRIME será preciso o candidato #PabloMarçal cometer , para que sua CANDIDATURA seja REVOGADA ?

E quantos #CRIMES são precisos para que esse #CRIMINOSO seja PRESO EM FLAGRANTE DELITO ? A última VIOLAÇÃO não é suficiente ?

#eleições #eleições2024",2024-10-05T19:19:39Z,2024-10-05T19:19:39Z,0,0,0,0,0,at://did:plc:a5o5pa6imrd52s627zq63zgz/app.bsky.feed.post/3l5rkereqxd2l,at://did:plc:a5o5pa6imrd52s627zq63zgz/app.bsky.feed.post/3l5rkereqxd2l,NA
at://did:plc:khrkwjluvmcgxu2zjywxq7ou/app.bsky.feed.post/3l5ryoampec2a,mauricioto.bsky.social,NA,"@trespjus.bsky.social @tsejus.bsky.social qual outro #CRIME será preciso o candidato #PabloMarçal cometer , para que sua CANDIDATURA seja REVOGADA ?

E quantos #CRIMES são precisos para que esse #CRIMINOSO seja PRESO EM FLAGRANTE DELITO ? O último DELITO não é suficiente ?

#eleições #eleições2024",2024-10-05T19:17:24Z,2024-10-05T19:17:24Z,0,0,0,0,0,at://did:plc:acvjxnp5fsqoq4fwri6wuqj7/app.bsky.feed.post/3l5q6ffi6ze2x,at://did:plc:acvjxnp5fsqoq4fwri6wuqj7/app.bsky.feed.post/3l5q6ffi6ze2x,NA
at://did:plc:xow4t34dhhmsi63vv5tgx7ct/app.bsky.feed.post/3l5ruc42uvd2g,amigo954599.bsky.social,Democracia em Decomposição Retirante do X,Laudo Falso: Documento divulgado por Pablo Marçal sobre Guilherme Boulos é falso e usa assinatura de médico falecido. Boulos pede prisão de Marçal2. #Política #Eleições2024,2024-10-05T18:00:28Z,2024-10-05T18:00:28Z,1,0,0,0,0,at://did:plc:xow4t34dhhmsi63vv5tgx7ct/app.bsky.feed.post/3l5rub6gcxk2q,at://did:plc:xow4t34dhhmsi63vv5tgx7ct/app.bsky.feed.post/3l5rub6gcxk2q,NA
at://did:plc:ebjnhygb2yrzkcff3lby4rww/app.bsky.feed.post/3l5rqbwsqc52o,cittamobi.bsky.social,Cittamobi,✨ E claro que o meu app também estará on para facilitar o seu trajeto até o ponto eleitoral.  #EfeitoCittamobi #TransporteColetivo #Eleições2024,2024-10-05T16:48:48Z,2024-10-05T16:48:48Z,0,0,0,0,0,at://did:plc:ebjnhygb2yrzkcff3lby4rww/app.bsky.feed.post/3l5rqamzpex2c,at://did:plc:ebjnhygb2yrzkcff3lby4rww/app.bsky.feed.post/3l5rqamzpex2c,NA
at://did:plc:55wl7w6jcns3rtkhwem7vlfq/app.bsky.feed.post/3l5roh6wyui27,oporcoiris.bsky.social,PorcoÍris ⓟ 🏳️‍🌈,"Indique nos comentários e vamos dialogar sobre as propostas que podem fazer a diferença.

Juntos, podemos construir uma política que nos represente verdadeiramente!

#AvantiPalestra #Eleições2024
#FutebolÉPraTodos",2024-10-05T16:15:57Z,2024-10-05T16:15:57Z,0,0,7,0,0,at://did:plc:55wl7w6jcns3rtkhwem7vlfq/app.bsky.feed.post/3l5rofgtkhf2o,at://did:plc:55wl7w6jcns3rtkhwem7vlfq/app.bsky.feed.post/3l5roana6ug2c,NA
at://did:plc:kny4xklx7bjsnntxrb7j6yqr/app.bsky.feed.post/3l5rn6azc2a2e,votept13.bsky.social,VotePT13,"⭐️🚩#Eleições2024
⭐️🚩#TimeDeLulaEJerônimo
⭐️🚩#Salvador

Dejair Santana PT 13050
www.instagram.com/reel/DAtg70s...",2024-10-05T15:53:05Z,2024-10-05T15:53:04Z,0,0,0,0,0,at://did:plc:a5o5pa6imrd52s627zq63zgz/app.bsky.feed.post/3l5q2b3sxiq2h,at://did:plc:a5o5pa6imrd52s627zq63zgz/app.bsky.feed.post/3l5q2b3sxiq2h,NA
at://did:plc:m3qpnnjrccrtaauuqdr27g5d/app.bsky.feed.post/3l5rktn4d7z2l,celebridadesdas.bsky.social,"Castro, Gilson Devorak 🟥🇧🇷","Para piorar não tem opção para sair. Arrastar para direita não funciona, Então tenho que arrastar para cima que é a opção para continuar rodando em segundo plano. Um app mal desenvolvido 
 #Eleições2024 @tsejus.bsky.social 
Eu desenvolveria melhor",2024-10-05T15:11:18Z,2024-10-05T15:11:18Z,0,0,0,0,0,at://did:plc:m3qpnnjrccrtaauuqdr27g5d/app.bsky.feed.post/3l5rig6svwc2i,at://did:plc:m3qpnnjrccrtaauuqdr27g5d/app.bsky.feed.post/3l5rig6svwc2i,NA
at://did:plc:lmzr6l2facijjddfw56id2bv/app.bsky.feed.post/3l5rhbhqtwr2b,juliocesar62.bsky.social,Júlio César,"
A população de Goianira merece muito mais. Chega de promessas vazias.

#Goianira #Eleições2024",2024-10-05T14:07:28Z,2024-10-05T14:07:28Z,0,0,1,0,0,at://did:plc:lmzr6l2facijjddfw56id2bv/app.bsky.feed.post/3l5rh6gokb423,at://did:plc:lmzr6l2facijjddfw56id2bv/app.bsky.feed.post/3l5rgqqunmx2s,NA
at://did:plc:wtbmgnni3wqjoejzmzpdmkyo/app.bsky.feed.post/3l5rawsdlbh2z,rodrigaocrocha.bsky.social,Rodrigo Rocha,"O FASCISMO NÃO SE DISCUTE, SE DESTRÓI!
#forafascistas #eleições2024",2024-10-05T12:14:06Z,2024-10-05T12:14:06Z,0,0,1,0,0,at://did:plc:acvjxnp5fsqoq4fwri6wuqj7/app.bsky.feed.post/3l5q2mm3ael2i,at://did:plc:acvjxnp5fsqoq4fwri6wuqj7/app.bsky.feed.post/3l5q2mm3ael2i,NA
at://did:plc:wtbmgnni3wqjoejzmzpdmkyo/app.bsky.feed.post/3l5raw3qwew2l,rodrigaocrocha.bsky.social,Rodrigo Rocha,"O FASCISMO NÃO SE DISCUTE, SE DESTRÓI!
#forafascistas #eleições2024",2024-10-05T12:13:43Z,2024-10-05T12:13:43Z,0,0,0,0,0,at://did:plc:acvjxnp5fsqoq4fwri6wuqj7/app.bsky.feed.post/3l5q6jgzscw2y,at://did:plc:acvjxnp5fsqoq4fwri6wuqj7/app.bsky.feed.post/3l5q6ffi6ze2x,NA
at://did:plc:wtbmgnni3wqjoejzmzpdmkyo/app.bsky.feed.post/3l5rav3mh7s2y,rodrigaocrocha.bsky.social,Rodrigo Rocha,"O FASCISMO NÃO SE DISCUTE, SE DESTRÓI!
#forafascistas #eleições2024",2024-10-05T12:13:09Z,2024-10-05T12:13:09Z,0,0,1,0,0,at://did:plc:acvjxnp5fsqoq4fwri6wuqj7/app.bsky.feed.post/3l5q7etnvjr2q,at://did:plc:acvjxnp5fsqoq4fwri6wuqj7/app.bsky.feed.post/3l5q7etnvjr2q,NA
at://did:plc:wtbmgnni3wqjoejzmzpdmkyo/app.bsky.feed.post/3l5raunk7i32o,rodrigaocrocha.bsky.social,Rodrigo Rocha,"O FASCISMO NÃO SE DISCUTE, SE DESTRÓI!
#forafascistas #eleições2024",2024-10-05T12:12:54Z,2024-10-05T12:12:54Z,0,0,2,0,0,at://did:plc:acvjxnp5fsqoq4fwri6wuqj7/app.bsky.feed.post/3l5qcmcxatu2a,at://did:plc:acvjxnp5fsqoq4fwri6wuqj7/app.bsky.feed.post/3l5qcirccc72o,NA
at://did:plc:wtbmgnni3wqjoejzmzpdmkyo/app.bsky.feed.post/3l5ratlzuoa2v,rodrigaocrocha.bsky.social,Rodrigo Rocha,"O FASCISMO NÃO SE DISCUTE, SE DESTRÓI!
#forafascistas #eleições2024",2024-10-05T12:12:19Z,2024-10-05T12:12:19Z,0,0,2,0,0,at://did:plc:acvjxnp5fsqoq4fwri6wuqj7/app.bsky.feed.post/3l5qcirccc72o,at://did:plc:acvjxnp5fsqoq4fwri6wuqj7/app.bsky.feed.post/3l5qcirccc72o,NA
at://did:plc:wtbmgnni3wqjoejzmzpdmkyo/app.bsky.feed.post/3l5rasmug3d2o,rodrigaocrocha.bsky.social,Rodrigo Rocha,"O FASCISMO NÃO SE DISCUTE, SE DESTRÓI!
#forafascistas #eleições2024",2024-10-05T12:11:46Z,2024-10-05T12:11:46Z,0,0,0,0,0,at://did:plc:acvjxnp5fsqoq4fwri6wuqj7/app.bsky.feed.post/3l5qctiemj52u,at://did:plc:acvjxnp5fsqoq4fwri6wuqj7/app.bsky.feed.post/3l5qcrwn5xn2x,NA
at://did:plc:wtbmgnni3wqjoejzmzpdmkyo/app.bsky.feed.post/3l5rarprilx2b,rodrigaocrocha.bsky.social,Rodrigo Rocha,"O FASCISMO NÃO SE DISCUTE, SE DESTRÓI!
#forafascistas #eleições2024",2024-10-05T12:11:16Z,2024-10-05T12:11:16Z,0,0,2,0,0,at://did:plc:acvjxnp5fsqoq4fwri6wuqj7/app.bsky.feed.post/3l5qh43vvwz2i,at://did:plc:acvjxnp5fsqoq4fwri6wuqj7/app.bsky.feed.post/3l5qh43vvwz2i,NA
at://did:plc:wtbmgnni3wqjoejzmzpdmkyo/app.bsky.feed.post/3l5raqxujr72x,rodrigaocrocha.bsky.social,Rodrigo Rocha,"O FASCISMO NÃO SE DISCUTE, SE DESTRÓI!
#forafascistas #eleições2024",2024-10-05T12:10:51Z,2024-10-05T12:10:51Z,0,1,3,0,0,at://did:plc:acvjxnp5fsqoq4fwri6wuqj7/app.bsky.feed.post/3l5r7iuo5ky2y,at://did:plc:acvjxnp5fsqoq4fwri6wuqj7/app.bsky.feed.post/3l5r7i27mpa2y,NA
at://did:plc:wtbmgnni3wqjoejzmzpdmkyo/app.bsky.feed.post/3l5raqg3kis2g,rodrigaocrocha.bsky.social,Rodrigo Rocha,"O FASCISMO NÃO SE DISCUTE, SE DESTRÓI!
#forafascistas #eleições2024",2024-10-05T12:10:32Z,2024-10-05T12:10:32Z,0,1,3,0,0,at://did:plc:acvjxnp5fsqoq4fwri6wuqj7/app.bsky.feed.post/3l5r7i27mpa2y,at://did:plc:acvjxnp5fsqoq4fwri6wuqj7/app.bsky.feed.post/3l5r7i27mpa2y,NA
at://did:plc:wtbmgnni3wqjoejzmzpdmkyo/app.bsky.feed.post/3l5rapfx4rv2q,rodrigaocrocha.bsky.social,Rodrigo Rocha,"O FASCISMO NÃO SE DISCUTE, SE DESTRÓI!
#forafascistas #eleições2024",2024-10-05T12:09:58Z,2024-10-05T12:09:58Z,0,0,0,0,0,at://did:plc:acvjxnp5fsqoq4fwri6wuqj7/app.bsky.feed.post/3l5qhg2bn7j2a,at://did:plc:acvjxnp5fsqoq4fwri6wuqj7/app.bsky.feed.post/3l5qhg2bn7j2a,NA
at://did:plc:moxr5wj3u5rwf25vgcemftvp/app.bsky.feed.post/3l5qh32byml2g,mbf.net.br,Mateus BF,"[ #eleições2024 - AMAZÔNIA SECA DE PLANOS]

candidatos de capitais na Amazônia não falam da crise climática ou, simplesmente, não têm planos do q fazer

Rio Branco/AC
Boa Vista/RR
Porto Velho/RO
Palmas/TO

Vc vai eleger ESSES prefeitos?

matéria👇 do @brafa.bsky.social com @giovanagirardi.bsky.social",2024-10-05T04:31:13Z,2024-10-05T04:31:13Z,0,0,4,0,0,at://did:plc:moxr5wj3u5rwf25vgcemftvp/app.bsky.feed.post/3l5pjaa55zk2r,at://did:plc:moxr5wj3u5rwf25vgcemftvp/app.bsky.feed.post/3l5pjaa55zk2r,at://did:plc:6okfkqs5whr275g4aahfnboz/app.bsky.feed.post/3l5pe4o4f5l2l
at://did:plc:vjpwkfwxuysxliab57pryctp/app.bsky.feed.post/3l5pt7nsu3e2x,mprjoficial.bsky.social,Ministério Público do Rio de Janeiro,#juristt #jurisky #eleições2024 #eleicoesRJ,2024-10-04T22:35:53Z,2024-10-04T22:35:53Z,0,0,0,0,0,at://did:plc:vjpwkfwxuysxliab57pryctp/app.bsky.feed.post/3l5pt62et742k,at://did:plc:vjpwkfwxuysxliab57pryctp/app.bsky.feed.post/3l5psywrruc2y,NA
at://did:plc:ykhmrwsg2gtgryiugabodxdf/app.bsky.feed.post/3l5pm6hdim52l,magnesio.bsky.social,Maneco Magnesio Guimarães 🍉🇵🇸,"ATO PELA CULTURA: NUNES NUNCA MAIS!
Teatro Municipal, São Paulo

#culturasp #culturasãopaulo #eleicoes2024 #eleiçõesmunicipais2024 #fotografaspelademocracia #fotografospelademocracia 

©Magnesio 2024. Fotografias protegidas pela Lei de Direitos Autorais - Lei nº 9.610.",2024-10-04T20:29:57Z,2024-10-04T20:29:57Z,1,1,1,0,0,at://did:plc:ykhmrwsg2gtgryiugabodxdf/app.bsky.feed.post/3l5plofd7ex24,at://did:plc:ykhmrwsg2gtgryiugabodxdf/app.bsky.feed.post/3l5plofd7ex24,NA
at://did:plc:4nc2htty6alotlnsviwsgnio/app.bsky.feed.post/3l5pj667eoc2q,blackmnyamax77.bsky.social,Black' Mnyama X Ⓐ 🏴,"Organize-se coletivamente! Viva como você gostaria de viver e vamos enfrentar juntas o Estado e os capitalistas quando tentarem nos impedir de transformar este mundo"".
#eleiçoes2024 #democracia #política #movimentossociais #anarquismo #boulos #mtst

Créditos: Antimídia

antimidia.org/os-movimento...",2024-10-04T19:36:06Z,2024-10-04T19:36:06Z,0,0,0,0,0,at://did:plc:4nc2htty6alotlnsviwsgnio/app.bsky.feed.post/3l5pj3xx4lb2z,at://did:plc:4nc2htty6alotlnsviwsgnio/app.bsky.feed.post/3l5pj2kbub323,NA
at://did:plc:b6xtxubgh56ze6bur4n57nw4/app.bsky.feed.post/3l5pemrcwfy2p,jumacosta.bsky.social,Juma Costa,"m.youtube.com/watch?v=O0sd...
Candidato a vereador do PL CHUTA boca e peito de idoso após repreensão por estacionar em vaga de deficiente!
Depois AMEAÇOU a família da vítima.
O idoso disse ser amigo da família do candidato bolsonarista, que o pai do meliante é vítima tanto quanto ele.
#eleicoes2024",2024-10-04T18:14:38Z,2024-10-04T18:14:38Z,0,0,0,0,0,at://did:plc:nfdmsaws5fefzhvf4ushiiy2/app.bsky.feed.post/3l5pcspozt7h2,at://did:plc:nfdmsaws5fefzhvf4ushiiy2/app.bsky.feed.post/3l5pcspozt7h2,NA
at://did:plc:moxr5wj3u5rwf25vgcemftvp/app.bsky.feed.post/3l5p2k42jch2n,mbf.net.br,Mateus BF,"[ #eleições2024 - NÚMEROS DA BOIADA]

ℹ️Sinop(MT), fundada na ditadura militar em 1974, é acrônimo de Sociedade Imobiliária Noroeste do Paraná(?)
↪️de 1987 a 2023, 205k ha de floresta foram desmatados = 2 cidades do Rio
↪️hj tem 216k hab. e 156k ha de commodities
ℹ️em 2022, foi o maior PIB do Agro de MT",2024-10-04T15:14:20Z,2024-10-04T15:14:20Z,1,0,2,0,0,at://did:plc:moxr5wj3u5rwf25vgcemftvp/app.bsky.feed.post/3l5oyh4owqj22,at://did:plc:moxr5wj3u5rwf25vgcemftvp/app.bsky.feed.post/3l42kuhxcvt2g,NA
at://did:plc:rpm24svw7xy7hrwijzoahxwc/app.bsky.feed.post/3l5oypf7am52g,breiceonce.bsky.social,Vitor Breice 🚩 🇧🇷,"É válido que, no calor de uma campanha eleitoral, candidatos proponham soluções criativas para combater a criminalidade. No entanto, afirmar que seria possível implementar um período sem crimes por um mês parece ser um salto da realidade para uma ficção quase cômica.

(+)
#PREFEITURA #ELEIÇÕES2024",2024-10-04T14:41:30Z,2024-10-04T14:41:30Z,1,0,0,0,0,at://did:plc:rpm24svw7xy7hrwijzoahxwc/app.bsky.feed.post/3l5oynlzyeo22,at://did:plc:rpm24svw7xy7hrwijzoahxwc/app.bsky.feed.post/3l5oynlzyeo22,NA
at://did:plc:moxr5wj3u5rwf25vgcemftvp/app.bsky.feed.post/3l5oyh4owqj22,mbf.net.br,Mateus BF,"[ #eleições2024 - NOME AOS🐮]

ℹ️Sinop (MT) é 1 das 2.748 cidades onde a eleição pra prefeitura será entre apenas 2 candidaturas
✖️Roberto Dorner (PL) - reeleição: dono da afiliada do SBT na cidade
✖️Mirtes da Transterra (NOVO): família dona de maior construtora da cidade

ℹ️em 2020, foram 6 candidaturas",2024-10-04T14:36:52Z,2024-10-04T14:36:52Z,3,2,13,0,0,at://did:plc:moxr5wj3u5rwf25vgcemftvp/app.bsky.feed.post/3l42lompusb2j,at://did:plc:moxr5wj3u5rwf25vgcemftvp/app.bsky.feed.post/3l42kuhxcvt2g,NA
at://did:plc:lz3pksmbxyjbp3cuxeacm7vy/app.bsky.feed.post/3l5o2b4wwal27,luma11.bsky.social,NA,"A sociedade parece que não quer mudanças e sim encher nossa Circolítica de mais Palharçal!!!!
rsrs...
#Eleições2024 
#SãoPaulo",2024-10-04T05:36:39Z,2024-10-04T05:36:39Z,0,0,0,0,0,at://did:plc:iddtdjw5gujvbxbzjm45wlgb/app.bsky.feed.post/3l5ntimisjl2x,at://did:plc:iddtdjw5gujvbxbzjm45wlgb/app.bsky.feed.post/3l5ntimisjl2x,NA
at://did:plc:sn7b23h46p4l3hkhm6mwpwzm/app.bsky.feed.post/3l5nuazhrx62w,carlosgeovane.bsky.social,‏️#ϾG 🦋 ‏️»,#Eleições2024,2024-10-04T03:50:05Z,2024-10-04T03:49:15Z,0,0,0,0,0,at://did:plc:sn7b23h46p4l3hkhm6mwpwzm/app.bsky.feed.post/3l5nuaaiqso2o,at://did:plc:sn7b23h46p4l3hkhm6mwpwzm/app.bsky.feed.post/3l5nuaaiqso2o,NA
at://did:plc:h7flbed7qcdvqh62j6pzyfli/app.bsky.feed.post/3l5nsmr6cd32l,fabionuneznovo.bsky.social,Fábio Novo,"Com o apoio de todos, podemos transformar Teresina e reconstruir a cidade dos nossos sonhos. No dia 6 de outubro, vote 13!
#DebateA10 #Teresina #FuturoMelhor #Eleições2024",2024-10-04T03:20:00Z,2024-10-04T03:20:00Z,0,0,2,0,0,at://did:plc:h7flbed7qcdvqh62j6pzyfli/app.bsky.feed.post/3l5nsmk2qnd2o,at://did:plc:h7flbed7qcdvqh62j6pzyfli/app.bsky.feed.post/3l5nsm2qatr2l,NA
at://did:plc:min2uwrwxha423vd4wowkyto/app.bsky.feed.post/3l5nqzme2ac2i,chicozern.bsky.social,Chico Zé,"Conhecer um pouco sobre a FICHA LIMPA de Carlos Eduardo, candidato a prefeito de Natal. O que parece, segundo a notícia do G1 RN, Carlos Eduardo MENTIU quando falou que era ficha limpa no debate da InterTV Cabugi de Natal. Por tudo isso, VOTE em #natália13 #eleicoes2024 #debateInterTVcabugi #rn",2024-10-04T02:51:23Z,2024-10-04T02:51:23Z,0,0,1,0,0,at://did:plc:min2uwrwxha423vd4wowkyto/app.bsky.feed.post/3l5nqmwigyv2e,at://did:plc:min2uwrwxha423vd4wowkyto/app.bsky.feed.post/3l5nqmwigyv2e,NA
at://did:plc:sn7b23h46p4l3hkhm6mwpwzm/app.bsky.feed.post/3l5ncurwubm2w,carlosgeovane.bsky.social,‏️#ϾG 🦋 ‏️»,"Bagé 
#RBSnotícias #Eleições2024",2024-10-03T22:39:01Z,2024-10-03T22:38:10Z,0,0,0,0,0,at://did:plc:sn7b23h46p4l3hkhm6mwpwzm/app.bsky.feed.post/3l5ncsq3rtu2d,at://did:plc:sn7b23h46p4l3hkhm6mwpwzm/app.bsky.feed.post/3l5ncj3ljws2z,NA
at://did:plc:sn7b23h46p4l3hkhm6mwpwzm/app.bsky.feed.post/3l5ncsq3rtu2d,carlosgeovane.bsky.social,‏️#ϾG 🦋 ‏️»,"Erechim 
#RBSnotícias #Eleições2024",2024-10-03T22:37:52Z,2024-10-03T22:37:01Z,1,0,0,0,0,at://did:plc:sn7b23h46p4l3hkhm6mwpwzm/app.bsky.feed.post/3l5ncrffl6l2h,at://did:plc:sn7b23h46p4l3hkhm6mwpwzm/app.bsky.feed.post/3l5ncj3ljws2z,NA
at://did:plc:sn7b23h46p4l3hkhm6mwpwzm/app.bsky.feed.post/3l5ncrffl6l2h,carlosgeovane.bsky.social,‏️#ϾG 🦋 ‏️»,"Santa Rosa 
#RBSnotícias #Eleições2024",2024-10-03T22:37:07Z,2024-10-03T22:36:16Z,1,0,0,0,0,at://did:plc:sn7b23h46p4l3hkhm6mwpwzm/app.bsky.feed.post/3l5ncp7jnyy2l,at://did:plc:sn7b23h46p4l3hkhm6mwpwzm/app.bsky.feed.post/3l5ncj3ljws2z,NA
at://did:plc:sn7b23h46p4l3hkhm6mwpwzm/app.bsky.feed.post/3l5ncp7jnyy2l,carlosgeovane.bsky.social,‏️#ϾG 🦋 ‏️»,"Santa Maria 
#RBSnotícias #Eleições2024",2024-10-03T22:35:54Z,2024-10-03T22:35:03Z,1,0,0,0,0,at://did:plc:sn7b23h46p4l3hkhm6mwpwzm/app.bsky.feed.post/3l5ncnz7phu2w,at://did:plc:sn7b23h46p4l3hkhm6mwpwzm/app.bsky.feed.post/3l5ncj3ljws2z,NA
at://did:plc:sn7b23h46p4l3hkhm6mwpwzm/app.bsky.feed.post/3l5ncnz7phu2w,carlosgeovane.bsky.social,‏️#ϾG 🦋 ‏️»,"Pelotas 
#RBSnotícias #Eleições2024",2024-10-03T22:35:13Z,2024-10-03T22:34:26Z,1,0,0,0,0,at://did:plc:sn7b23h46p4l3hkhm6mwpwzm/app.bsky.feed.post/3l5nclnlr4f2o,at://did:plc:sn7b23h46p4l3hkhm6mwpwzm/app.bsky.feed.post/3l5ncj3ljws2z,NA
at://did:plc:sn7b23h46p4l3hkhm6mwpwzm/app.bsky.feed.post/3l5nclnlr4f2o,carlosgeovane.bsky.social,‏️#ϾG 🦋 ‏️»,"Caxias do Sul 
#RBSnotícias #Eleições2024",2024-10-03T22:33:54Z,2024-10-03T22:33:08Z,1,0,0,0,0,at://did:plc:sn7b23h46p4l3hkhm6mwpwzm/app.bsky.feed.post/3l5nckmetgv2o,at://did:plc:sn7b23h46p4l3hkhm6mwpwzm/app.bsky.feed.post/3l5ncj3ljws2z,NA
at://did:plc:sn7b23h46p4l3hkhm6mwpwzm/app.bsky.feed.post/3l5nckmetgv2o,carlosgeovane.bsky.social,‏️#ϾG 🦋 ‏️»,#RBSnotícias #Eleições2024,2024-10-03T22:33:19Z,2024-10-03T22:32:28Z,2,0,0,0,0,at://did:plc:sn7b23h46p4l3hkhm6mwpwzm/app.bsky.feed.post/3l5ncj3ljws2z,at://did:plc:sn7b23h46p4l3hkhm6mwpwzm/app.bsky.feed.post/3l5ncj3ljws2z,NA
at://did:plc:ndqm4sqxiroxdx5aik2dk2ig/app.bsky.feed.post/3l5mzaabffu2n,camaradosdeputados.bsky.social,Câmara dos Deputados,"A TV Câmara, em conjunto com a TV Senado e emissoras da Rede Legislativa de Rádio e Televisão estarão juntas neste domingo para a cobertura especial das eleições municipais de 2024. Ouça: cd.leg.br/AvSqngwxk3 #eleições2024",2024-10-03T19:45:36Z,2024-10-03T19:45:36Z,2,1,2,0,0,at://did:plc:ndqm4sqxiroxdx5aik2dk2ig/app.bsky.feed.post/3l5mnyuocyd2u,at://did:plc:ndqm4sqxiroxdx5aik2dk2ig/app.bsky.feed.post/3l5mnyuocyd2u,NA
at://did:plc:g7qgrtl2gesmrba3v4eyewbn/app.bsky.feed.post/3l5mmcnysrc26,massadoboulos.bsky.social,Massa Do Boulos,"🚨 Compartilhe essa mensagem! 🚨
Ajude a todos ficarem informados e prontos para exercer seu direito ao voto! ✅
#Eleições2024 #VoteConsciente #CidadaniaEmAção",2024-10-03T15:54:18Z,2024-10-03T15:54:18Z,0,0,0,0,0,at://did:plc:g7qgrtl2gesmrba3v4eyewbn/app.bsky.feed.post/3l5mmcehc4t2f,at://did:plc:g7qgrtl2gesmrba3v4eyewbn/app.bsky.feed.post/3l5mm7gvfap22,NA
at://did:plc:tlm3bpbfpwmx3uj5um2kfm47/app.bsky.feed.post/3l5midmsjit2f,abraji.bsky.social,Associação Brasileira de Jornalismo Investigativo,"A campanha “Jornalismo é confiável, fala nossa língua, protege da desinformação e fortalece a democracia”, idealizada pela Ministra Cármen Lúcia, foi veiculada durante 8 semanas e se encerra pra dar lugar às #Eleições2024.",2024-10-03T14:43:16Z,2024-10-03T14:43:16Z,1,0,1,0,0,at://did:plc:tlm3bpbfpwmx3uj5um2kfm47/app.bsky.feed.post/3l5mibynf2a2l,at://did:plc:tlm3bpbfpwmx3uj5um2kfm47/app.bsky.feed.post/3l5mibynf2a2l,NA
at://did:plc:ijovjshshhuvntxaopoe7jut/app.bsky.feed.post/3l5mhl4cyui2j,artierfox.bsky.social,NA,"Pra cima Marçal Ⓜ️2️⃣8️⃣
#pablomarcal #eleicoes2024 #marçal #pablomarçal",2024-10-03T14:29:33Z,2024-10-03T14:29:33Z,0,0,0,0,0,at://did:plc:acvjxnp5fsqoq4fwri6wuqj7/app.bsky.feed.post/3l5maz2nyrl2v,at://did:plc:acvjxnp5fsqoq4fwri6wuqj7/app.bsky.feed.post/3l5maz2nyrl2v,NA
at://did:plc:ghnteunemuckg52snz6eyywk/app.bsky.feed.post/3l5l3gwrw632v,sosamigodosanimais.bsky.social,S.O.S. Amigo dos Animais,"Lembrando que você pode ver na sua cidade quem apoia a causa e assinou a pauta animalista!

 www.frenteanimalista.org.br/eleicoes2024...",2024-10-03T01:19:50Z,2024-10-03T01:19:49Z,0,1,1,0,0,at://did:plc:ghnteunemuckg52snz6eyywk/app.bsky.feed.post/3l5l3drjiqz2i,at://did:plc:ghnteunemuckg52snz6eyywk/app.bsky.feed.post/3l5l2l54d5z2w,NA
at://did:plc:xi3qnmi2msrwr3ui4tkx33uf/app.bsky.feed.post/3l5kxfioegu2a,babusantana.bsky.social,Babu Santana,"🙌🏾✊🏾✅

#Babu50050
#TropaDoBabu
#babusantana50050
#eleicoes2024
#psol",2024-10-03T00:07:25Z,2024-10-03T00:07:25Z,0,0,11,0,0,at://did:plc:xi3qnmi2msrwr3ui4tkx33uf/app.bsky.feed.post/3l5kxdnrzhi2v,at://did:plc:xi3qnmi2msrwr3ui4tkx33uf/app.bsky.feed.post/3l5kx6rtgxz2x,NA
at://did:plc:lz3pksmbxyjbp3cuxeacm7vy/app.bsky.feed.post/3l5kvon4rfa26,luma11.bsky.social,NA,"Mas e a Lei da Ficha Limpa?!?!
🤡🤡🤡🤡
Só trouxa pra votar nesse ex-encarcerado!!!! 
#Eleições2024",2024-10-02T23:36:43Z,2024-10-02T23:36:43Z,1,0,1,0,0,at://did:plc:iddtdjw5gujvbxbzjm45wlgb/app.bsky.feed.post/3l5krghpeco2r,at://did:plc:iddtdjw5gujvbxbzjm45wlgb/app.bsky.feed.post/3l5krghpeco2r,NA
at://did:plc:tmfx73ppdmr7d7pfuneqelsc/app.bsky.feed.post/3l5ko335bav2v,driufc.bsky.social,🇩 🇷 🇮 🇺 🇫 🇨,"Leide Do Sindicato PT - Capistrano / CE (@leide_do_sindicato)

Ane Do Sindicato PT - Governador Mangabeira / BA (@anedosindicato)

Patricia Do Sindicato Rede - Contagem / MG (@patriciadosindicato)

#campanhademulher #buzzqq #candidaturasdesindicatos #eleicoes2024",2024-10-02T21:20:33Z,2024-10-02T21:20:33Z,1,1,2,0,0,at://did:plc:tmfx73ppdmr7d7pfuneqelsc/app.bsky.feed.post/3l5kny2xk3x2f,at://did:plc:tmfx73ppdmr7d7pfuneqelsc/app.bsky.feed.post/3l5knq77h232n,NA
at://did:plc:tmfx73ppdmr7d7pfuneqelsc/app.bsky.feed.post/3l5jtacbryc2k,driufc.bsky.social,🇩 🇷 🇮 🇺 🇫 🇨,"Duda Othero PSOL - Nova Lima / MG (@dudaothero)

Ariadne Telles PSOL - Florianópolis / SC (@ariadnetelles)

#campanhademulher #buzzqq #eleicoes2024 #advogadasparavotar",2024-10-02T13:20:17Z,2024-10-02T13:20:17Z,1,0,1,0,0,at://did:plc:tmfx73ppdmr7d7pfuneqelsc/app.bsky.feed.post/3l5jt6ct2b62s,at://did:plc:tmfx73ppdmr7d7pfuneqelsc/app.bsky.feed.post/3l5jso6wv2h2v,NA
at://did:plc:fnnpykl356gsf5ymvtwcexzt/app.bsky.feed.post/3l5jqovx4ut26,mjdelfino.bsky.social,Marcelo Delfino🐬,A única surpresa seria Boulos fora do 2⁰ turno. #Eleições2024 #SãoPaulo #Brasil,2024-10-02T12:34:45Z,2024-10-02T12:34:45Z,0,0,2,0,0,at://did:plc:643xwrc2cwhzqmzuvhk6rlcp/app.bsky.feed.post/3l5jjtdthwg2r,at://did:plc:vbaujerwgeiryxultuk2c6ym/app.bsky.feed.post/3l5jjrt3xqz22,NA
at://did:plc:e2i4sppog5yx6m6zqmmy3zfb/app.bsky.feed.post/3l5imbfgl422o,becabonne7.bsky.social,Avisadora Perguntadora Respondedora Pleonástica,"#Manaus
#eleições2024 
#DebateTVACritica
Mais um",2024-10-02T01:42:57Z,2024-10-02T01:42:57Z,0,0,1,0,0,at://did:plc:e2i4sppog5yx6m6zqmmy3zfb/app.bsky.feed.post/3l5iku2sdef2l,at://did:plc:e2i4sppog5yx6m6zqmmy3zfb/app.bsky.feed.post/3l5iku2sdef2l,NA
at://did:plc:e2i4sppog5yx6m6zqmmy3zfb/app.bsky.feed.post/3l5iljca47t2c,becabonne7.bsky.social,Avisadora Perguntadora Respondedora Pleonástica,"Os dois candidadtos, David Almeida e Roberto Cidade arregaram ao debate mediante seus nomes estarem assombrados por escândalos na mídia local.
#eleições2024 
#Manaus
#DebateTVACritica",2024-10-02T01:29:28Z,2024-10-02T01:29:28Z,1,0,1,0,0,at://did:plc:e2i4sppog5yx6m6zqmmy3zfb/app.bsky.feed.post/3l5ildockj32o,at://did:plc:e2i4sppog5yx6m6zqmmy3zfb/app.bsky.feed.post/3l5iku2sdef2l,NA
at://did:plc:e2i4sppog5yx6m6zqmmy3zfb/app.bsky.feed.post/3l5ildockj32o,becabonne7.bsky.social,Avisadora Perguntadora Respondedora Pleonástica,"Os arregões David Almeida e Roberto Cidade não  compareceram ao debate
#eleições2024 
#Manaus
#debateTVAcritica",2024-10-02T01:26:20Z,2024-10-02T01:26:20Z,1,0,1,0,0,at://did:plc:e2i4sppog5yx6m6zqmmy3zfb/app.bsky.feed.post/3l5il7ax3lg2v,at://did:plc:e2i4sppog5yx6m6zqmmy3zfb/app.bsky.feed.post/3l5iku2sdef2l,NA
at://did:plc:e2i4sppog5yx6m6zqmmy3zfb/app.bsky.feed.post/3l5il7ax3lg2v,becabonne7.bsky.social,Avisadora Perguntadora Respondedora Pleonástica,"Ele chegou, gente
#DebateTVACritica
#Manaus
#eleições2024",2024-10-02T01:23:51Z,2024-10-02T01:23:51Z,1,0,1,0,0,at://did:plc:e2i4sppog5yx6m6zqmmy3zfb/app.bsky.feed.post/3l5iku2sdef2l,at://did:plc:e2i4sppog5yx6m6zqmmy3zfb/app.bsky.feed.post/3l5iku2sdef2l,NA
at://did:plc:hbx5vh5eakcy6l6yffdwon3s/app.bsky.feed.post/3l5icrsjuth2o,gabrielmarquespcb.bsky.social,Gabriel Marques PCB,"Dia 06/10, vamos votar 21333 para vereador e 50 para a Prefeitura!

#GabrielMarques21333 #GabrielMarquesPCB #GabrielMarquesEstáComVocês #PoderPopular #PCB102anos #ORioMereceMais #TarcísioMotta50 #TarcísioERenata50 #Eleições2024 #Educação #Transporte #Esporte #Lazer #DireitoDosAnimais",2024-10-01T22:53:10Z,2024-10-01T22:53:10Z,0,0,1,0,0,at://did:plc:hbx5vh5eakcy6l6yffdwon3s/app.bsky.feed.post/3l5icrcea2t26,at://did:plc:hbx5vh5eakcy6l6yffdwon3s/app.bsky.feed.post/3l5icrcea2t26,NA
at://did:plc:e2i4sppog5yx6m6zqmmy3zfb/app.bsky.feed.post/3l5hcdzbxyv2w,becabonne7.bsky.social,Avisadora Perguntadora Respondedora Pleonástica,"#Manaus
#eleições2024 👀

globoplay.globo.com/v/12968186/?...",2024-10-01T13:12:48Z,2024-10-01T13:12:48Z,0,0,1,1,0,at://did:plc:e2i4sppog5yx6m6zqmmy3zfb/app.bsky.feed.post/3l5hc5ygl4d2i,at://did:plc:e2i4sppog5yx6m6zqmmy3zfb/app.bsky.feed.post/3l5hc5ygl4d2i,NA
at://did:plc:moxr5wj3u5rwf25vgcemftvp/app.bsky.feed.post/3l5gy4ibqja2g,mbf.net.br,Mateus BF,"[ #eleições2024 - E BELÉM COM ISSO?]

O cenário da sede da #COP30 em 2025 segue desolador...
🟢Igor (MDB): 43,7%
🔵Delegado Éder Mauro (PL): 25,7%
🟡Edmilson Rodrigues (PSOL): 16,1%

Mas, já foi pior!

A 1ª matéria da @acarolamaral.bsky.social na @apublica.org mostra os perigos q ainda rondam a cidade👇",2024-10-01T10:09:37Z,2024-10-01T10:09:37Z,1,1,4,0,0,at://did:plc:moxr5wj3u5rwf25vgcemftvp/app.bsky.feed.post/3l3nfzqpsob27,at://did:plc:moxr5wj3u5rwf25vgcemftvp/app.bsky.feed.post/3l34zmwwsy52c,at://did:plc:6okfkqs5whr275g4aahfnboz/app.bsky.feed.post/3l5fsrxkhqe2s
at://did:plc:hbx5vh5eakcy6l6yffdwon3s/app.bsky.feed.post/3l5fwqvv5vy2e,gabrielmarquespcb.bsky.social,Gabriel Marques PCB,"#Inclusão #TradutorIntérprete 
#GabrielMarques21333 #GabrielMarquesPCB #GabrielMarquesEstáComVocês #PoderPopular #PCB102anos #ORioMereceMais #TarcísioMotta50 #TarcísioERenata50 #Eleições2024",2024-10-01T00:12:37Z,2024-10-01T00:12:36Z,0,0,0,0,0,at://did:plc:hbx5vh5eakcy6l6yffdwon3s/app.bsky.feed.post/3l5fwqhmrrh2r,at://did:plc:hbx5vh5eakcy6l6yffdwon3s/app.bsky.feed.post/3l5fwqhmrrh2r,NA
at://did:plc:ryal2kmg7uhhhcs75c2x7otn/app.bsky.feed.post/3l5f56jgkoi2m,wonhobrasil.bsky.social,WONHO BRASIL,"Baixe o E-título aqui:

Android
🖇️
play.google.com/store/apps/d...

iOS
🖇️
apps.apple.com/br/app/e-t%C...

#Eleicoes2024",2024-09-30T16:34:57Z,2024-09-30T16:34:56Z,1,0,3,0,0,at://did:plc:ryal2kmg7uhhhcs75c2x7otn/app.bsky.feed.post/3l5f55xn2s72y,at://did:plc:ryal2kmg7uhhhcs75c2x7otn/app.bsky.feed.post/3l5f54nasln2q,NA
at://did:plc:ryal2kmg7uhhhcs75c2x7otn/app.bsky.feed.post/3l5f55xn2s72y,wonhobrasil.bsky.social,WONHO BRASIL,"Você pode votar sem o app desde que você esteja com biometria em dia na Justiça Eleitoral, caso não esteja, é só comparecer ao local de votação junto com um documento de identidade e seu título de eleitor físico!

#Eleicoes2024",2024-09-30T16:34:38Z,2024-09-30T16:34:37Z,1,0,6,0,0,at://did:plc:ryal2kmg7uhhhcs75c2x7otn/app.bsky.feed.post/3l5f55h2idz25,at://did:plc:ryal2kmg7uhhhcs75c2x7otn/app.bsky.feed.post/3l5f54nasln2q,NA
at://did:plc:tmfx73ppdmr7d7pfuneqelsc/app.bsky.feed.post/3l5f44tb7sm2b,driufc.bsky.social,🇩 🇷 🇮 🇺 🇫 🇨,"Cyntia Falcão (@cyntiafalcao.psol) -PSOL Teresina/PI

Juliana Ramos (@julianadavilasancao) - PDT 
Parauapebas/PA

Walkíria Nictheroy (@walkirianictheroy) - PCdoB Niteroi/RJ

#campanhademulher #elejamulheres #candidatasnegras #eleicoes2024 #buzzqq",2024-09-30T16:16:04Z,2024-09-30T16:16:04Z,0,2,3,0,0,at://did:plc:tmfx73ppdmr7d7pfuneqelsc/app.bsky.feed.post/3l5f42okici26,at://did:plc:tmfx73ppdmr7d7pfuneqelsc/app.bsky.feed.post/3l5f3qegmjo2k,NA
at://did:plc:tmfx73ppdmr7d7pfuneqelsc/app.bsky.feed.post/3l5ezpu3xry2l,driufc.bsky.social,🇩 🇷 🇮 🇺 🇫 🇨,"Em SC, queremos fortalecer essa disputa, garantindo que a ReformaAgrária seja central nas discussões políticas institucionais.Conheça nossos candidatos e candidatas, q simbolizam a esperança e a força de uma mudança real!
#TodosPelaReformaAgrária #EleiçõesMunicipais #Eleições2024 #MSTemSantaCatarina",2024-09-30T15:33:02Z,2024-09-30T15:33:02Z,0,1,2,0,0,at://did:plc:tmfx73ppdmr7d7pfuneqelsc/app.bsky.feed.post/3l5ezlsz5gz2f,at://did:plc:tmfx73ppdmr7d7pfuneqelsc/app.bsky.feed.post/3l5ezk746ii26,NA
at://did:plc:jbsmrbhqbmh342tcldnbqkkh/app.bsky.feed.post/3l5exujtyet24,tarcisosouza.bsky.social,Tarciso Souza,"Texto completo em @informeblumenau 

#eleições2024 #representatividade #vereador #blumenau 

www.informeblumenau.com/opiniao-repr...",2024-09-30T14:59:52Z,2024-09-30T14:59:52Z,0,0,0,0,0,at://did:plc:jbsmrbhqbmh342tcldnbqkkh/app.bsky.feed.post/3l5extt6tgd2z,at://did:plc:jbsmrbhqbmh342tcldnbqkkh/app.bsky.feed.post/3l5exrzxq7w2p,NA
at://did:plc:tmfx73ppdmr7d7pfuneqelsc/app.bsky.feed.post/3l5dgyofr5l2j,driufc.bsky.social,🇩 🇷 🇮 🇺 🇫 🇨,"As candidaturas Sem Terra no Rio Grande do Sul

#TodosPelaReformaAgrária #EleiçõesMunicipais #Eleições2024 #MSTnoRioGrandedoSul",2024-09-30T00:25:16Z,2024-09-30T00:25:16Z,1,2,4,0,0,at://did:plc:tmfx73ppdmr7d7pfuneqelsc/app.bsky.feed.post/3l5dgwdbeop2s,at://did:plc:tmfx73ppdmr7d7pfuneqelsc/app.bsky.feed.post/3l5dgsjpryj2k,NA
at://did:plc:ghnteunemuckg52snz6eyywk/app.bsky.feed.post/3l5d4sbr2pe2g,sosamigodosanimais.bsky.social,S.O.S. Amigo dos Animais,"Uma boa dica é checar quem está comprometida ou comprometido com a a proteção de defesa animal!  Quem ainda não tá, dá tempo de assinar! No site dá pra ver quem já assinou, por cidade! www.frenteanimalista.org.br/eleicoes2024/",2024-09-29T21:22:46Z,2024-09-29T21:22:46Z,0,0,0,0,0,at://did:plc:fqiatejd2mv34wztyh2euto7/app.bsky.feed.post/3l5cminnofp2s,at://did:plc:fqiatejd2mv34wztyh2euto7/app.bsky.feed.post/3l5cminnofp2s,NA
at://did:plc:hbx5vh5eakcy6l6yffdwon3s/app.bsky.feed.post/3l5d2dwzhnv2f,gabrielmarquespcb.bsky.social,Gabriel Marques PCB,"#GabrielMarquesEstáComVocês #PoderPopular #PCB102anos #ORioMereceMais #TarcísioMotta50 #TarcísioERenata50 #ACD #AuditoriaCidada #Eleições2024 

📷: @andrea.oliveira.fotos 
Edição: @lg_m26",2024-09-29T20:39:00Z,2024-09-29T20:38:57Z,0,0,0,0,0,at://did:plc:hbx5vh5eakcy6l6yffdwon3s/app.bsky.feed.post/3l5d2dobefo2e,at://did:plc:hbx5vh5eakcy6l6yffdwon3s/app.bsky.feed.post/3l5d2c37t2q2e,NA
at://did:plc:hbx5vh5eakcy6l6yffdwon3s/app.bsky.feed.post/3l5cn6c24tk2n,gabrielmarquespcb.bsky.social,Gabriel Marques PCB,"#PCB #TarcísioMotta50 #TarcísioERenata50 #ORioMereceMais #GabrielMarquesPCB #Eleições2024  #GabrielMarquesEstáComVocês #UnidadeClassista #Sindicalismo #Sindicato 

📷: @andrea.oliveira.fotos e @gabrielmarquespcb
Edição: @lg_m26",2024-09-29T16:43:12Z,2024-09-29T16:43:09Z,0,0,1,0,0,at://did:plc:hbx5vh5eakcy6l6yffdwon3s/app.bsky.feed.post/3l5cn5u5ubn2f,at://did:plc:hbx5vh5eakcy6l6yffdwon3s/app.bsky.feed.post/3l5cn5u5ubn2f,NA
at://did:plc:h7flbed7qcdvqh62j6pzyfli/app.bsky.feed.post/3l5b4pb7yi62o,fabionuneznovo.bsky.social,Fábio Novo,"Na zona rural, nosso compromisso é levar água potável a 100% das comunidades. Com organização e responsabilidade, Teresina pode avançar muito mais. É 1️⃣3️⃣!

#Fábio13 #DebateA10 #Teresina #FuturoMelhor #Eleições2024",2024-09-29T02:15:45Z,2024-09-29T02:15:45Z,0,0,3,0,0,at://did:plc:h7flbed7qcdvqh62j6pzyfli/app.bsky.feed.post/3l5b4p3nx2j2d,at://did:plc:h7flbed7qcdvqh62j6pzyfli/app.bsky.feed.post/3l5b4op5d522l,NA
at://did:plc:h7flbed7qcdvqh62j6pzyfli/app.bsky.feed.post/3l5b436guy32u,fabionuneznovo.bsky.social,Fábio Novo,"Vamos zerar filas, levar médicos de diferentes especialidades para as comunidades e garantir que todos tenham acesso a um atendimento digno e humanizado. 

No próximo dia 6, escolha o 1️⃣3️⃣ para uma saúde que funcione de verdade! 

#Fábio13 #DebateA10 #Teresina #FuturoMelhor #Eleições2024",2024-09-29T02:04:31Z,2024-09-29T02:04:31Z,0,0,2,0,0,at://did:plc:h7flbed7qcdvqh62j6pzyfli/app.bsky.feed.post/3l5b42nogur2z,at://did:plc:h7flbed7qcdvqh62j6pzyfli/app.bsky.feed.post/3l5b42nogur2z,NA
at://did:plc:h7flbed7qcdvqh62j6pzyfli/app.bsky.feed.post/3l5b2m2j7sv2b,fabionuneznovo.bsky.social,Fábio Novo,"Vamos capacitar a rede municipal para oferecer um suporte completo e humano. No dia 6 de outubro, vote 1️⃣3️⃣ para que nossa cidade avance com inclusão e respeito!

#Fábio13 #DebateA10 #Teresina #FuturoMelhor #Eleições2024",2024-09-29T01:38:09Z,2024-09-29T01:38:09Z,0,0,2,0,0,at://did:plc:h7flbed7qcdvqh62j6pzyfli/app.bsky.feed.post/3l5b2lmplpq2p,at://did:plc:h7flbed7qcdvqh62j6pzyfli/app.bsky.feed.post/3l5b2lmplpq2p,NA
at://did:plc:h7flbed7qcdvqh62j6pzyfli/app.bsky.feed.post/3l5b2epctmb2o,fabionuneznovo.bsky.social,Fábio Novo,"No Hospital Universitário, as filas já estão praticamente zeradas e a tecnologia é usada para melhorar a vida de quem depende do serviço. Com eficiência, tecnologia e criatividade, nós podemos fazer funcionar.  #Fábio13 #DebateA10 #Teresina #FuturoMelhor #Eleições2024",2024-09-29T01:34:05Z,2024-09-29T01:34:03Z,0,0,4,0,0,at://did:plc:h7flbed7qcdvqh62j6pzyfli/app.bsky.feed.post/3l5b2eb64mb2u,at://did:plc:h7flbed7qcdvqh62j6pzyfli/app.bsky.feed.post/3l5b2bzgylr2f,NA
at://did:plc:h7flbed7qcdvqh62j6pzyfli/app.bsky.feed.post/3l5azjhnyao25,fabionuneznovo.bsky.social,Fábio Novo,"Com planejamento e apoio, é possível mudar a realidade do transporte público na nossa capital, vamos juntos no 1️⃣3️⃣!

#Fábio13 #DebateA10 #Teresina #FuturoMelhor #Eleições2024",2024-09-29T01:18:49Z,2024-09-29T01:18:49Z,0,0,4,0,0,at://did:plc:h7flbed7qcdvqh62j6pzyfli/app.bsky.feed.post/3l5azjbcu6i2l,at://did:plc:h7flbed7qcdvqh62j6pzyfli/app.bsky.feed.post/3l5azifmxpm2v,NA
at://did:plc:h7flbed7qcdvqh62j6pzyfli/app.bsky.feed.post/3l5aysx5i2z2z,fabionuneznovo.bsky.social,Fábio Novo,"Em 120 cidades, a tarifa zero já é uma realidade e, com o apoio dos governos estadual e federal, isso também será possível para os teresinenses. #Fábio13 #DebateA10 #Teresina #FuturoMelhor #Eleições2024",2024-09-29T01:06:16Z,2024-09-29T01:06:13Z,0,0,2,0,0,at://did:plc:h7flbed7qcdvqh62j6pzyfli/app.bsky.feed.post/3l5aysiwyqz2o,at://did:plc:h7flbed7qcdvqh62j6pzyfli/app.bsky.feed.post/3l5aysiwyqz2o,NA
at://did:plc:h7flbed7qcdvqh62j6pzyfli/app.bsky.feed.post/3l5axvqhkmm2u,fabionuneznovo.bsky.social,Fábio Novo,"Com o apoio do governador Rafael Fonteles e do presidente Lula, vamos transformar a educação de Teresina. Escola aberta para a comunidade, qualidade de ensino e oportunidades para todos, com o 1️⃣3️⃣! 

#Fábio13 #DebateA10 #Teresina #FuturoMelhor #Eleições2024",2024-09-29T00:49:53Z,2024-09-29T00:49:53Z,0,0,2,0,0,at://did:plc:h7flbed7qcdvqh62j6pzyfli/app.bsky.feed.post/3l5axvd6p4e2v,at://did:plc:h7flbed7qcdvqh62j6pzyfli/app.bsky.feed.post/3l5axvd6p4e2v,NA
at://did:plc:h7flbed7qcdvqh62j6pzyfli/app.bsky.feed.post/3l5aw5ifwn52v,fabionuneznovo.bsky.social,Fábio Novo,"Vamos dobrar o número de escolas de tempo integral, valorizando os professores. Também queremos que nossas crianças aprendam inglês e espanhol. Vamos transformar a educação de Teresina. #Fábio13 #DebateA10 #Teresina #FuturoMelhor #Eleições2024",2024-09-29T00:18:28Z,2024-09-29T00:18:26Z,0,0,2,0,0,at://did:plc:h7flbed7qcdvqh62j6pzyfli/app.bsky.feed.post/3l5aw5cbvy72d,at://did:plc:h7flbed7qcdvqh62j6pzyfli/app.bsky.feed.post/3l5aw5cbvy72d,NA
at://did:plc:tmfx73ppdmr7d7pfuneqelsc/app.bsky.feed.post/3l5aprg46v326,driufc.bsky.social,🇩 🇷 🇮 🇺 🇫 🇨,"Conheça mais candidaturas em Mato Grosso do Sul. 

#TodosPelaReformaAgrária #EleiçõesMunicipais #Eleições2024 #MSTemMatoGrossoDoSul",2024-09-28T22:24:18Z,2024-09-28T22:24:18Z,0,0,1,0,0,at://did:plc:tmfx73ppdmr7d7pfuneqelsc/app.bsky.feed.post/3l5appondwi2c,at://did:plc:tmfx73ppdmr7d7pfuneqelsc/app.bsky.feed.post/3l5apo5n6nl2c,NA
at://did:plc:hbx5vh5eakcy6l6yffdwon3s/app.bsky.feed.post/3l5ab6qtgq22i,gabrielmarquespcb.bsky.social,Gabriel Marques PCB,"Entre em nosso grupo de WhatsApp e vamos juntos(as) organizar mais locais e dias de panfletagens! 

#GabrielMarques21333 #GabrielMarquesPCB #GabrielMarquesEstáComVocês #PoderPopular #PCB102anos #ORioMereceMais #TarcísioMotta50 #TarcísioERenata50 #Eleições2024 #Partidão #Panfletagem",2024-09-28T18:03:20Z,2024-09-28T18:03:20Z,0,0,0,0,0,at://did:plc:hbx5vh5eakcy6l6yffdwon3s/app.bsky.feed.post/3l5ab6dromd2e,at://did:plc:hbx5vh5eakcy6l6yffdwon3s/app.bsky.feed.post/3l5ab6dromd2e,NA
at://did:plc:moxr5wj3u5rwf25vgcemftvp/app.bsky.feed.post/3l57v24mldt2m,mbf.net.br,Mateus BF,"[ #eleições2024 - E EU COM ISSO?]

Tá assustado/a com a ""salada ideológica"" das campanhas?
Se vc acha q tem alguma coisa com isso, mas não sabe o q fazer agora...

Que tal conferir e compartilhar a plataforma
🫴 votepeloclima.org
e virar um/a REAL INFLUENCIADOR/A?

#VotePeloClima #ActNow",2024-09-28T14:25:59Z,2024-09-28T14:25:59Z,1,1,1,0,0,at://did:plc:moxr5wj3u5rwf25vgcemftvp/app.bsky.feed.post/3l57uqkzpb225,at://did:plc:moxr5wj3u5rwf25vgcemftvp/app.bsky.feed.post/3l57lu553v32x,NA
at://did:plc:moxr5wj3u5rwf25vgcemftvp/app.bsky.feed.post/3l57uqkzpb225,mbf.net.br,Mateus BF,"[ #eleições2024 - E EU COM ISSO?]

Todos esperneando sobre as eleições em São Paulo ou Porto Alegre, mas o Brasil é maior - e mais perigoso - que isso

Nessas eleições, há 58 candidatos q se definem garimpeiros em cidades com histórico de GARIMPO ILEGAL

e vc aí preocupado com Ⓜ️ ou 🍰?

Veja + no 🧶👇",2024-09-28T14:20:38Z,2024-09-28T14:20:38Z,2,0,1,0,0,at://did:plc:moxr5wj3u5rwf25vgcemftvp/app.bsky.feed.post/3l57ubmoqz62u,at://did:plc:moxr5wj3u5rwf25vgcemftvp/app.bsky.feed.post/3l57lu553v32x,at://did:plc:moxr5wj3u5rwf25vgcemftvp/app.bsky.feed.post/3l352uad4hv26
at://did:plc:moxr5wj3u5rwf25vgcemftvp/app.bsky.feed.post/3l57ubmoqz62u,mbf.net.br,Mateus BF,"[ #eleições2024 - SALADA IDEOLÓGICA]

👀veja + exemplos

ℹ️em Nova Mutum/MT, o candidato ""de esquerda"" é o fazendeiro Diógenes Jacobsen (PSB)
  ↪️a coligação: PSB + PSD + MDB + PODE + PSDB + CIDADANIA + PT + PC do B + PV
ℹ️a ""alternativa"" é reeleger Leandro Félix (UNIÃO), q tratou assim a @apublica.org👇",2024-09-28T14:12:17Z,2024-09-28T14:12:17Z,1,0,2,0,0,at://did:plc:moxr5wj3u5rwf25vgcemftvp/app.bsky.feed.post/3l57plutda32o,at://did:plc:moxr5wj3u5rwf25vgcemftvp/app.bsky.feed.post/3l57lu553v32x,at://did:plc:cr3a2dsqaq7sol2frlkwcswd/app.bsky.feed.post/3l556btajtq2c
at://did:plc:moxr5wj3u5rwf25vgcemftvp/app.bsky.feed.post/3l57rwvt55k2n,mbf.net.br,Mateus BF,"[ #eleições2024 - SALADA IDEOLÓGICA]

ℹ️em 2020, Zé Maria foi eleito vice-prefeito de Santarém pelo PL
   ↪️o prefeito foi Nélio Aguiar, pelo DEM, q hj apoia Zé Maria, q hj está no MDB
ℹ️em 2022, o DEM se fundiu ao PSL pra formar o UNIÃO
  ↪️em 2018, o PSL elegeu  🤡Bozo presidente do🇧🇷

História mente?👇",2024-09-28T13:30:30Z,2024-09-28T13:30:30Z,0,0,1,0,0,at://did:plc:moxr5wj3u5rwf25vgcemftvp/app.bsky.feed.post/3l57qvatnxy2t,at://did:plc:moxr5wj3u5rwf25vgcemftvp/app.bsky.feed.post/3l57lu553v32x,NA
at://did:plc:moxr5wj3u5rwf25vgcemftvp/app.bsky.feed.post/3l57qvatnxy2t,mbf.net.br,Mateus BF,"[ #eleições2024 - SALADA IDEOLÓGICA]

A coligação de Zé Maria é tão grande que ocupou todos os caracteres do post

Mas tem mais ""curiosidades"":
ℹ️Carlos Martins, seu candidato a vice, é PT
ℹ️em 2020, Zé Maria foi eleito vice-prefeito de Santarém pelo PL🙃
  ↪️seu adversário atual, JK do Povão, é do PL🤔",2024-09-28T13:11:40Z,2024-09-28T13:11:40Z,1,1,2,0,0,at://did:plc:moxr5wj3u5rwf25vgcemftvp/app.bsky.feed.post/3l57plutda32o,at://did:plc:moxr5wj3u5rwf25vgcemftvp/app.bsky.feed.post/3l57lu553v32x,NA
at://did:plc:h7flbed7qcdvqh62j6pzyfli/app.bsky.feed.post/3l57qdnma6c2l,fabionuneznovo.bsky.social,Fábio Novo,"📺 O programa será transmitido ao vivo pelo canal 10.1, no YouTube e no A10mais.com (@portala10mais). Não perca a chance de acompanhar nossas propostas rumo a um melhor futuro para Teresina!

#Fábio13 #DebateAntena10 #Teresina #FuturoMelhor #Eleições2024",2024-09-28T13:01:50Z,2024-09-28T13:01:50Z,0,0,1,0,0,at://did:plc:h7flbed7qcdvqh62j6pzyfli/app.bsky.feed.post/3l57qdawpgf2u,at://did:plc:h7flbed7qcdvqh62j6pzyfli/app.bsky.feed.post/3l57qdawpgf2u,NA
at://did:plc:moxr5wj3u5rwf25vgcemftvp/app.bsky.feed.post/3l57plutda32o,mbf.net.br,Mateus BF,"[ #eleições2024 - SALADA IDEOLÓGICA]

👀veja + exemplos

ℹ️em Santarém/PA, a chapa é Zé Maria Tapajós + Carlos Martins
  ↪️a coligação: MDB + PT + PC do B + PV + UNIÃO + REPUBLICANOS + PP + PDT + PODE + PRD + PSB + DC + PSD

A expressão ""salada ideológica"" saiu na matéria do @rubensvalente.bsky.social👇",2024-09-28T12:48:32Z,2024-09-28T12:48:32Z,2,1,4,0,0,at://did:plc:moxr5wj3u5rwf25vgcemftvp/app.bsky.feed.post/3l57nvfokfc2f,at://did:plc:moxr5wj3u5rwf25vgcemftvp/app.bsky.feed.post/3l57lu553v32x,at://did:plc:6okfkqs5whr275g4aahfnboz/app.bsky.feed.post/3l55yz2x7k52l
at://did:plc:moxr5wj3u5rwf25vgcemftvp/app.bsky.feed.post/3l57nvfokfc2f,mbf.net.br,Mateus BF,"[ #eleições2024 - SALADA IDEOLÓGICA]

👀veja exemplos de ""salada ideológica"" nas eleições pra prefeituras

ℹ️em Autazes/AM, a chapa Thomé Neto + Marcley Araújo é lider
  ↪️em 2020, um era PTB, outro PSDB
  ↪️em 2024, um é PP, outro PODEMOS
  ↪️a coligação: PT + PC do B + PV + MDB + PSD + PODEMOS + PP

🧶👇",2024-09-28T12:17:59Z,2024-09-28T12:17:59Z,1,0,2,0,0,at://did:plc:moxr5wj3u5rwf25vgcemftvp/app.bsky.feed.post/3l57muayda52e,at://did:plc:moxr5wj3u5rwf25vgcemftvp/app.bsky.feed.post/3l57lu553v32x,at://did:plc:moxr5wj3u5rwf25vgcemftvp/app.bsky.feed.post/3l4zg73ent525
at://did:plc:moxr5wj3u5rwf25vgcemftvp/app.bsky.feed.post/3l57muayda52e,mbf.net.br,Mateus BF,"[ #eleições2024 - SALADA IDEOLÓGICA]

Em 2024:
ℹ️a esquerda concorre em apenas 37% das cidades com <10 mil hab. = 6% da população
  ↪️ PT recebeu 57% dos votos

ℹ️57 das 64 cidades >100mil hab. tem candidatura própria do PT
  ↪️o resto é ""salada""

prof. @jaironicolau.bsky.social comentou nesse sentido👇",2024-09-28T11:59:32Z,2024-09-28T11:59:32Z,1,1,4,0,0,at://did:plc:moxr5wj3u5rwf25vgcemftvp/app.bsky.feed.post/3l57lu553v32x,at://did:plc:moxr5wj3u5rwf25vgcemftvp/app.bsky.feed.post/3l57lu553v32x,at://did:plc:azizdfvo2c4nyljqqxpzvdm2/app.bsky.feed.post/3l3luacxyzn2x
at://did:plc:tmfx73ppdmr7d7pfuneqelsc/app.bsky.feed.post/3l567fhi3bc2f,driufc.bsky.social,🇩 🇷 🇮 🇺 🇫 🇨,"Fortaleça a luta pela Reforma Agrária!

#TodosPelaReformaAgrária #EleiçõesMunicipais #Eleições2024 #MSTnaParaíba",2024-09-27T22:25:57Z,2024-09-27T22:25:57Z,0,0,0,0,0,at://did:plc:tmfx73ppdmr7d7pfuneqelsc/app.bsky.feed.post/3l567egoch32e,at://did:plc:tmfx73ppdmr7d7pfuneqelsc/app.bsky.feed.post/3l5673reoay2c,NA
at://did:plc:moxr5wj3u5rwf25vgcemftvp/app.bsky.feed.post/3l55pmc463y2u,mbf.net.br,Mateus BF,"[ #eleições2024 - #clima em CUIABRASA]

Apesar da inversão no placar, o jogo continua de mal a pior
🔵com 33%, Eduardo Botelho (UNIÃO) nem menciona “mudança climática” nas propostas
🟠com 26%, Abílio Brunini (PL) diz q ""o grande vilão do aquecimento é não plantar árvores”
🔴Lúdio Cabral (PT) tem 20%

👇",2024-09-27T17:43:27Z,2024-09-27T17:43:27Z,1,1,7,0,0,at://did:plc:moxr5wj3u5rwf25vgcemftvp/app.bsky.feed.post/3l34zmwwsy52c,at://did:plc:moxr5wj3u5rwf25vgcemftvp/app.bsky.feed.post/3l34zmwwsy52c,at://did:plc:cr3a2dsqaq7sol2frlkwcswd/app.bsky.feed.post/3l52s3zj6sh23
at://did:plc:hbx5vh5eakcy6l6yffdwon3s/app.bsky.feed.post/3l554r7i62327,gabrielmarquespcb.bsky.social,Gabriel Marques PCB,#GabrielMarques21333 #PoderPopular #PCB102anos #PCB #TarcísioMotta50 #TarcísioERenata50 #ORioMereceMais #GabrielMarquesPCB #Eleições2024  #GabrielMarquesEstáComVocês #UnidadeClassista #Sindicalismo #Sindicato,2024-09-27T12:06:14Z,2024-09-27T12:06:11Z,0,0,0,0,0,at://did:plc:hbx5vh5eakcy6l6yffdwon3s/app.bsky.feed.post/3l554qtufol2t,at://did:plc:hbx5vh5eakcy6l6yffdwon3s/app.bsky.feed.post/3l554qtufol2t,NA
at://did:plc:e2i4sppog5yx6m6zqmmy3zfb/app.bsky.feed.post/3l54yigw5uz2o,becabonne7.bsky.social,Avisadora Perguntadora Respondedora Pleonástica,"Hj tem o candidato Amom Mandel no #JAM1
#Entrevista
#eleições2024 
#Manaus",2024-09-27T10:49:42Z,2024-09-27T10:49:42Z,0,0,0,0,0,at://did:plc:e2i4sppog5yx6m6zqmmy3zfb/app.bsky.feed.post/3l54ydhidtg2j,at://did:plc:e2i4sppog5yx6m6zqmmy3zfb/app.bsky.feed.post/3l54ydhidtg2j,NA
at://did:plc:6yag4ebdi3wc2w3clgyztthf/app.bsky.feed.post/3l53ts4yjs42c,mst.org.br,Movimento Sem Terra (MST),"A iniciativa das organizações e movimentos populares ocupou a região distribuindo materiais e dialogando com a população sobre os principais problemas de São Paulo.

📷 Confira alguns registros. Fotos: Priscila Ramos

#BoulosPrefeito50 #SPtemJeito #Eleições2024",2024-09-26T23:52:58Z,2024-09-26T23:52:58Z,0,6,32,0,0,at://did:plc:6yag4ebdi3wc2w3clgyztthf/app.bsky.feed.post/3l53tr2hdau2e,at://did:plc:6yag4ebdi3wc2w3clgyztthf/app.bsky.feed.post/3l53tr2hdau2e,NA
at://did:plc:b6xtxubgh56ze6bur4n57nw4/app.bsky.feed.post/3l53tfuoyas2i,jumacosta.bsky.social,Juma Costa,"#timedolula
#vote13
#PT
#eleicoes2024",2024-09-26T23:45:53Z,2024-09-26T23:45:53Z,0,0,0,0,0,at://did:plc:b6xtxubgh56ze6bur4n57nw4/app.bsky.feed.post/3l53tdr7oda2t,at://did:plc:3zb6cejpu3xtpvgk4q5vsvzh/app.bsky.feed.post/3l4zbbx2cu72h,NA
at://did:plc:tmfx73ppdmr7d7pfuneqelsc/app.bsky.feed.post/3l53pyhlvz52k,driufc.bsky.social,🇩 🇷 🇮 🇺 🇫 🇨,"
📲 Acompanhe nossas redes sociais para conhecer mais candidaturas do Ceará e de todo o país!

#TodosPelaReformaAgrária #EleiçõesMunicipais #Eleições2024 #MSTnoCeará",2024-09-26T22:44:55Z,2024-09-26T22:44:55Z,1,0,5,0,0,at://did:plc:tmfx73ppdmr7d7pfuneqelsc/app.bsky.feed.post/3l53pwnhob227,at://did:plc:tmfx73ppdmr7d7pfuneqelsc/app.bsky.feed.post/3l53pqoqijb2j,NA
at://did:plc:kny4xklx7bjsnntxrb7j6yqr/app.bsky.feed.post/3l537cirn7q23,votept13.bsky.social,VotePT13,"⭐️🚩#Eleições2024
⭐️🚩#TimeDeLulaEJerônimo
⭐️🚩#Salvador

Dejair Santana PT 13050

www.instagram.com/dejairsantan...",2024-09-26T17:46:19Z,2024-09-26T17:46:19Z,0,0,1,0,0,at://did:plc:fqiatejd2mv34wztyh2euto7/app.bsky.feed.post/3l536kgro4x2h,at://did:plc:fqiatejd2mv34wztyh2euto7/app.bsky.feed.post/3l536kgro4x2h,NA
at://did:plc:tmfx73ppdmr7d7pfuneqelsc/app.bsky.feed.post/3l533hqfyp32a,driufc.bsky.social,🇩 🇷 🇮 🇺 🇫 🇨,"...como saúde, cultura e lazer, para que as comunidades possam viver com qualidade.

#TodosPelaReformaAgrária #EleiçõesMunicipais #Eleições2024 #MSTnoMaranhão",2024-09-26T16:37:42Z,2024-09-26T16:37:40Z,0,0,1,0,0,at://did:plc:tmfx73ppdmr7d7pfuneqelsc/app.bsky.feed.post/3l533gvp7bc2l,at://did:plc:tmfx73ppdmr7d7pfuneqelsc/app.bsky.feed.post/3l533ejqc2l2v,NA
at://did:plc:e2i4sppog5yx6m6zqmmy3zfb/app.bsky.feed.post/3l52wmhfgh22u,becabonne7.bsky.social,Avisadora Perguntadora Respondedora Pleonástica,"Ele parece um cara do Novo falando. Viaja o bichin. Mais um despreparado pro desafio que é essa cidade
#JAM1
#entrevista
#eleições2024 
#Manaus
Nossa ,como ele grita pqp",2024-09-26T15:10:49Z,2024-09-26T15:10:49Z,0,0,0,0,0,at://did:plc:e2i4sppog5yx6m6zqmmy3zfb/app.bsky.feed.post/3l52wgittfk2u,at://did:plc:e2i4sppog5yx6m6zqmmy3zfb/app.bsky.feed.post/3l52wgittfk2u,NA
at://did:plc:e2i4sppog5yx6m6zqmmy3zfb/app.bsky.feed.post/3l52wjnlcnp2z,becabonne7.bsky.social,Avisadora Perguntadora Respondedora Pleonástica,"Que baboseira 
#JAM1
#eleições2024 
#entrevista 
#Manaus 
🤦🏽‍♀️",2024-09-26T15:09:15Z,2024-09-26T15:09:15Z,0,0,0,0,0,at://did:plc:e2i4sppog5yx6m6zqmmy3zfb/app.bsky.feed.post/3l52wgittfk2u,at://did:plc:e2i4sppog5yx6m6zqmmy3zfb/app.bsky.feed.post/3l52wgittfk2u,NA
at://did:plc:tmfx73ppdmr7d7pfuneqelsc/app.bsky.feed.post/3l52txkhc4n2k,driufc.bsky.social,🇩 🇷 🇮 🇺 🇫 🇨,"📢 É hora de ocupar todos os espaços e lutar pela Reforma Agrária Popular!

📲 Acompanhe nossas redes sociais e descubra as iniciativas das candidaturas Sem Terra em todo o Brasil.

#TodosPelaReformaAgrária #EleiçõesMunicipais #Eleições2024 #MSTnoPará",2024-09-26T14:23:22Z,2024-09-26T14:23:22Z,0,0,2,0,0,at://did:plc:tmfx73ppdmr7d7pfuneqelsc/app.bsky.feed.post/3l52twl4iy22s,at://did:plc:tmfx73ppdmr7d7pfuneqelsc/app.bsky.feed.post/3l52ttdjxiv2e,NA
at://did:plc:tmfx73ppdmr7d7pfuneqelsc/app.bsky.feed.post/3l52qt5oyiw2f,driufc.bsky.social,🇩 🇷 🇮 🇺 🇫 🇨,"
Pedro Mara (@pedromara_) da Coletiva Carioca (@coletivacarioca) PSOL | Rio De Janeiro / RJ

Rafael Noris (@rafanoris) PSOL | Pedreira / SP
Sammuel Santos (@filhodeteresina) PSOL | Teresina / PI

#Visibilidade #Bissexual #BuzzQQ #Eleições2024 #VereadoresQueQueremos #CandidaturasBissexuais",2024-09-26T13:27:13Z,2024-09-26T13:27:13Z,0,0,0,0,0,at://did:plc:tmfx73ppdmr7d7pfuneqelsc/app.bsky.feed.post/3l52qoyfanj27,at://did:plc:tmfx73ppdmr7d7pfuneqelsc/app.bsky.feed.post/3l52pt6g5oz22,NA
at://did:plc:h5nzhegen3uczb4qlm7ioqes/app.bsky.feed.post/3l4zjlk3yej2x,rsoliveiratop.bsky.social,RSOLIVEIRA,"Candidata do União Brasil sofre tentativa de assassinato no Guarujá e só sobrevive porque o carro é blindado. 
Saiba tudo nesse vídeo abaixo:
youtube.com/shorts/2RFpD...
#corrupção #atentado #eleições #guaruja #sp #saopaulo #noticia #noticias #eleições2024",2024-09-26T01:44:59Z,2024-09-26T01:44:59Z,0,0,0,0,0,at://did:plc:zcjm4xmejpyoe5jjhhnr7pdj/app.bsky.feed.post/3l4tkarwa3h2u,at://did:plc:zcjm4xmejpyoe5jjhhnr7pdj/app.bsky.feed.post/3l4tkarwa3h2u,NA
at://did:plc:h5nzhegen3uczb4qlm7ioqes/app.bsky.feed.post/3l4zjl4bgay2v,rsoliveiratop.bsky.social,RSOLIVEIRA,"Candidata do União Brasil sofre tentativa de assassinato no Guarujá e só sobrevive porque o carro é blindado. 
Saiba tudo nesse vídeo abaixo:
youtube.com/shorts/2RFpD...
#corrupção #atentado #eleições #guaruja #sp #saopaulo #noticia #noticias #eleições2024",2024-09-26T01:44:45Z,2024-09-26T01:44:45Z,0,0,0,0,0,at://did:plc:qi7sxk7abuik4phooi2y7b6c/app.bsky.feed.post/3l4nfdjwt6w2u,at://did:plc:qi7sxk7abuik4phooi2y7b6c/app.bsky.feed.post/3l4nfdjwt6w2u,NA
at://did:plc:h5nzhegen3uczb4qlm7ioqes/app.bsky.feed.post/3l4zjkhhlj52p,rsoliveiratop.bsky.social,RSOLIVEIRA,"Candidata do União Brasil sofre tentativa de assassinato no Guarujá e só sobrevive porque o carro é blindado. 
Saiba tudo nesse vídeo abaixo:
youtube.com/shorts/2RFpD...
#corrupção #atentado #eleições #guaruja #sp #saopaulo #noticia #noticias #eleições2024",2024-09-26T01:44:23Z,2024-09-26T01:44:23Z,0,0,0,0,0,at://did:plc:k6nvlkefugvcywd2yjn7doiu/app.bsky.feed.post/3l4zem2xxoe2h,at://did:plc:k6nvlkefugvcywd2yjn7doiu/app.bsky.feed.post/3l4zem2xxoe2h,NA
at://did:plc:h5nzhegen3uczb4qlm7ioqes/app.bsky.feed.post/3l4zjk3ttal2s,rsoliveiratop.bsky.social,RSOLIVEIRA,"Candidata do União Brasil sofre tentativa de assassinato no Guarujá e só sobrevive porque o carro é blindado. 
Saiba tudo nesse vídeo abaixo:
youtube.com/shorts/2RFpD...
#corrupção #atentado #eleições #guaruja #sp #saopaulo #noticia #noticias #eleições2024",2024-09-26T01:44:11Z,2024-09-26T01:44:11Z,0,0,0,0,0,at://did:plc:vd2iymbhotllpfd3t2of5e5m/app.bsky.feed.post/3l4ysjahyny2x,at://did:plc:vd2iymbhotllpfd3t2of5e5m/app.bsky.feed.post/3l4ysjahyny2x,NA
at://did:plc:h5nzhegen3uczb4qlm7ioqes/app.bsky.feed.post/3l4zjjoy7an2a,rsoliveiratop.bsky.social,RSOLIVEIRA,"Candidata do União Brasil sofre tentativa de assassinato no Guarujá e só sobrevive porque o carro é blindado. 
Saiba tudo nesse vídeo abaixo:
youtube.com/shorts/2RFpD...
#corrupção #atentado #eleições #guaruja #sp #saopaulo #noticia #noticias #eleições2024",2024-09-26T01:43:57Z,2024-09-26T01:43:57Z,0,0,0,0,0,at://did:plc:td7qskbtpo2dfrtxxye4jsom/app.bsky.feed.post/3l4uqlws6lw25,at://did:plc:qsa55hzo4qvzejl37zuvxaqb/app.bsky.feed.post/3l4uqbswkz22j,NA
at://did:plc:moxr5wj3u5rwf25vgcemftvp/app.bsky.feed.post/3l4zas2d3fm2x,mbf.net.br,Mateus BF,"[ #eleições2024 - COTAS DAS COTAS]

ℹ️em 2024, são 2.479 candidaturas indígenas, sendo 109 pra prefeituras (77♂️ + 32♀️)

💲apenas 1.248 candidaturas🏹 receberam recursos de campanha, totalizando só R$18,3 milhões (0,37%) dos R$5 Bi declarados:
R$11,4 milhões, para 741♂️🏹
R$6,8 milhões, para 507♀️🏹

fonte👇",2024-09-25T23:07:35Z,2024-09-25T23:07:35Z,1,0,1,0,0,at://did:plc:moxr5wj3u5rwf25vgcemftvp/app.bsky.feed.post/3l4tjcubtge2b,at://did:plc:moxr5wj3u5rwf25vgcemftvp/app.bsky.feed.post/3l4supd654s24,NA
at://did:plc:ndqm4sqxiroxdx5aik2dk2ig/app.bsky.feed.post/3l4z5ft2mgm26,camaradosdeputados.bsky.social,Câmara dos Deputados,"#Eleições2024 | Conhecido como Boca de Urna, o ato de pedir votos para um candidato ou partido no dia das eleições é crime. Ouça na @radiocamara.bsky.social e saiba o que não fazer no dia de votar. cd.leg.br/2ret8CpScC",2024-09-25T22:07:03Z,2024-09-25T22:07:03Z,1,0,1,0,0,at://did:plc:ndqm4sqxiroxdx5aik2dk2ig/app.bsky.feed.post/3l4ynxg2en42f,at://did:plc:ndqm4sqxiroxdx5aik2dk2ig/app.bsky.feed.post/3l4vqccczqr2q,NA
at://did:plc:2uuyobebl24s5d4kgdts2w5l/app.bsky.feed.post/3l4z4sx6li52s,ofalador.bsky.social,O Falador,"Essa é uma realidade em todas as Capitais e Grandes cidades Brasil a fora! 
Centros caindo aos pedaços e imóveis abandonados que podem/poderiam ser convertidos em habitações populares!
Serve para SP, serve para as demais 26 capitais em maior ou menor grau!
Boulos está correto nisso! #Eleicoes2024",2024-09-25T21:56:28Z,2024-09-25T21:56:28Z,0,0,2,0,0,at://did:plc:g6rjhsmma3nk2nmzn4fsrcmg/app.bsky.feed.post/3l4y4gvfqkm2e,at://did:plc:g6rjhsmma3nk2nmzn4fsrcmg/app.bsky.feed.post/3l4y4gvfqkm2e,NA
at://did:plc:tmfx73ppdmr7d7pfuneqelsc/app.bsky.feed.post/3l4yklsjuin27,driufc.bsky.social,🇩 🇷 🇮 🇺 🇫 🇨,"A mudança começa com o voto consciente!

#TodosPelaReformaAgrária #EleiçõesMunicipais #Eleições2024 #MSTnaBahia",2024-09-25T16:30:24Z,2024-09-25T16:30:24Z,0,0,0,0,0,at://did:plc:tmfx73ppdmr7d7pfuneqelsc/app.bsky.feed.post/3l4ykkwa46g2c,at://did:plc:tmfx73ppdmr7d7pfuneqelsc/app.bsky.feed.post/3l4ykd65rlt2v,NA
at://did:plc:e2i4sppog5yx6m6zqmmy3zfb/app.bsky.feed.post/3l4yh6d62h72z,becabonne7.bsky.social,Avisadora Perguntadora Respondedora Pleonástica,"A #entrevista 🫴🏽
#JAM1
#eleições2024 
#Manaus

g1.globo.com/am/amazonas/...",2024-09-25T15:29:09Z,2024-09-25T15:29:09Z,0,0,0,0,0,at://did:plc:e2i4sppog5yx6m6zqmmy3zfb/app.bsky.feed.post/3l4ygh6ii422a,at://did:plc:e2i4sppog5yx6m6zqmmy3zfb/app.bsky.feed.post/3l4yfnlinmk2w,NA
at://did:plc:e2i4sppog5yx6m6zqmmy3zfb/app.bsky.feed.post/3l4ygqkjng32q,becabonne7.bsky.social,Avisadora Perguntadora Respondedora Pleonástica,"Desfazendo de novo fake news.  Dinheiro pra creche teve pelo Governo Dilma,mas não colocaram pra frente o orçamento destinado pra isso aqui na cidade. Fomos enganados sobre a construção  de creches, povo
#JAM1
#eleições2024 
#Manaus
#entrevista",2024-09-25T15:21:27Z,2024-09-25T15:21:27Z,0,0,0,0,0,at://did:plc:e2i4sppog5yx6m6zqmmy3zfb/app.bsky.feed.post/3l4ygh6ii422a,at://did:plc:e2i4sppog5yx6m6zqmmy3zfb/app.bsky.feed.post/3l4yfnlinmk2w,NA
at://did:plc:e2i4sppog5yx6m6zqmmy3zfb/app.bsky.feed.post/3l4ygh6ii422a,becabonne7.bsky.social,Avisadora Perguntadora Respondedora Pleonástica,"Esse ponto sobre educação é cricial. Ele bem sensivel quanto à educação básica e suas demandas, como um prefeito tem que ser. 
#JAM1
#Manaus 
#eleições2024 
#entrevista",2024-09-25T15:16:13Z,2024-09-25T15:16:13Z,4,0,0,0,0,at://did:plc:e2i4sppog5yx6m6zqmmy3zfb/app.bsky.feed.post/3l4yfnlinmk2w,at://did:plc:e2i4sppog5yx6m6zqmmy3zfb/app.bsky.feed.post/3l4yfnlinmk2w,NA
at://did:plc:e2i4sppog5yx6m6zqmmy3zfb/app.bsky.feed.post/3l4yge3ptcw2o,becabonne7.bsky.social,Avisadora Perguntadora Respondedora Pleonástica,"Marcelo Ramos é muito técnico nas respostas.Tem os dados na ponta da língua. 
#JAM1
#eleições2024 
#entrevista
#Manaus",2024-09-25T15:14:29Z,2024-09-25T15:14:29Z,0,0,0,0,0,at://did:plc:e2i4sppog5yx6m6zqmmy3zfb/app.bsky.feed.post/3l4yfnlinmk2w,at://did:plc:e2i4sppog5yx6m6zqmmy3zfb/app.bsky.feed.post/3l4yfnlinmk2w,NA
at://did:plc:e2i4sppog5yx6m6zqmmy3zfb/app.bsky.feed.post/3l4yg6dqc5f2o,becabonne7.bsky.social,Avisadora Perguntadora Respondedora Pleonástica,"Garantiu construção de calçadas pra melhorar a mobilidade. Perguntado sobre o orçamento, ele disse que já existe esse orçamento. 
#JAM1
#Manaus 
#eleições2024 
#entrevista",2024-09-25T15:11:16Z,2024-09-25T15:11:16Z,0,0,0,0,0,at://did:plc:e2i4sppog5yx6m6zqmmy3zfb/app.bsky.feed.post/3l4yfnlinmk2w,at://did:plc:e2i4sppog5yx6m6zqmmy3zfb/app.bsky.feed.post/3l4yfnlinmk2w,NA
at://did:plc:e2i4sppog5yx6m6zqmmy3zfb/app.bsky.feed.post/3l4ybsyttqh24,becabonne7.bsky.social,Avisadora Perguntadora Respondedora Pleonástica,"A entrevista 🫴🏽
#JAM1 
#Manaus 
#eleições2024 
#entrevista
g1.globo.com/am/amazonas/...",2024-09-25T13:53:21Z,2024-09-25T13:53:21Z,0,0,0,0,0,at://did:plc:e2i4sppog5yx6m6zqmmy3zfb/app.bsky.feed.post/3l4vuykua7x2a,at://did:plc:e2i4sppog5yx6m6zqmmy3zfb/app.bsky.feed.post/3l4vuykua7x2a,NA
at://did:plc:e2i4sppog5yx6m6zqmmy3zfb/app.bsky.feed.post/3l4ybmpkomf2u,becabonne7.bsky.social,Avisadora Perguntadora Respondedora Pleonástica,"A entrevista 🫴🏽
#JAM1
#entrevista
#Manaus 
#eleições2024 
g1.globo.com/am/amazonas/...",2024-09-25T13:49:50Z,2024-09-25T13:49:50Z,0,0,0,0,0,at://did:plc:e2i4sppog5yx6m6zqmmy3zfb/app.bsky.feed.post/3l4y6ykf6t42z,at://did:plc:e2i4sppog5yx6m6zqmmy3zfb/app.bsky.feed.post/3l4y6ykf6t42z,NA
at://did:plc:e2i4sppog5yx6m6zqmmy3zfb/app.bsky.feed.post/3l4ybgtvx6p24,becabonne7.bsky.social,Avisadora Perguntadora Respondedora Pleonástica,"David Almeida afirmou que Wilson Lima é amigo, mas deu pino nele rs 🤭👀
#WilsonLimacaloteiro 😬
#JAM1
#entrevista 
#Manaus
#eleições2024",2024-09-25T13:46:33Z,2024-09-25T13:46:33Z,0,0,0,0,0,at://did:plc:e2i4sppog5yx6m6zqmmy3zfb/app.bsky.feed.post/3l4y6ykf6t42z,at://did:plc:e2i4sppog5yx6m6zqmmy3zfb/app.bsky.feed.post/3l4y6ykf6t42z,NA
at://did:plc:e2i4sppog5yx6m6zqmmy3zfb/app.bsky.feed.post/3l4ybbux5qd2w,becabonne7.bsky.social,Avisadora Perguntadora Respondedora Pleonástica,"De que adianta ter a maior área  verde preservada do Brasil, se nas ilhas de calor o povo tá torrando sem uma sombra de árvore,  sem abrigos nas paradas de ônibus?
#JAM1
#entrevista 
#Manaus
#eleições2024",2024-09-25T13:43:46Z,2024-09-25T13:43:46Z,0,0,0,0,0,at://did:plc:e2i4sppog5yx6m6zqmmy3zfb/app.bsky.feed.post/3l4y6ykf6t42z,at://did:plc:e2i4sppog5yx6m6zqmmy3zfb/app.bsky.feed.post/3l4y6ykf6t42z,NA
at://did:plc:e2i4sppog5yx6m6zqmmy3zfb/app.bsky.feed.post/3l4yb32k3i32v,becabonne7.bsky.social,Avisadora Perguntadora Respondedora Pleonástica,"O Transporte público em Manaus é maquiado.Nos horários de pico, o intervalo entre os ônibus é muito longo. Por quê? Já que ele melhorou, melhorou aonde efetivamente? 
#Manaus
#entrevista 
#eleições2024 
#JAM1",2024-09-25T13:39:57Z,2024-09-25T13:39:57Z,1,0,1,0,0,at://did:plc:e2i4sppog5yx6m6zqmmy3zfb/app.bsky.feed.post/3l4y6ykf6t42z,at://did:plc:e2i4sppog5yx6m6zqmmy3zfb/app.bsky.feed.post/3l4y6ykf6t42z,NA
at://did:plc:e2i4sppog5yx6m6zqmmy3zfb/app.bsky.feed.post/3l4yaolt3aq2c,becabonne7.bsky.social,Avisadora Perguntadora Respondedora Pleonástica,"O filtro , tanto pro projeto de renda e pra habitação  são muito rigorosos e os mesmos, o que mais chama a atenção é que quem tem CHN, registro no Detran, já não pode se inscrever. 
#JAM1
#Manaus
#eleições2024 
#entrevista",2024-09-25T13:32:59Z,2024-09-25T13:32:59Z,0,0,0,0,0,at://did:plc:e2i4sppog5yx6m6zqmmy3zfb/app.bsky.feed.post/3l4y6ykf6t42z,at://did:plc:e2i4sppog5yx6m6zqmmy3zfb/app.bsky.feed.post/3l4y6ykf6t42z,NA
at://did:plc:e2i4sppog5yx6m6zqmmy3zfb/app.bsky.feed.post/3l4yagg3ydj2t,becabonne7.bsky.social,Avisadora Perguntadora Respondedora Pleonástica,"Um erro esse aquário e o que pode ser um gasto extremo. O turista precisa expandir o trajeto pela área metropolitana e afins. Haverá um conflito econômico. 
#JAM1
#Manaus
#eleições2024 
#entrevista",2024-09-25T13:28:25Z,2024-09-25T13:28:25Z,0,0,0,0,0,at://did:plc:e2i4sppog5yx6m6zqmmy3zfb/app.bsky.feed.post/3l4y6ykf6t42z,at://did:plc:e2i4sppog5yx6m6zqmmy3zfb/app.bsky.feed.post/3l4y6ykf6t42z,NA
at://did:plc:e2i4sppog5yx6m6zqmmy3zfb/app.bsky.feed.post/3l4y7zynyqx2j,becabonne7.bsky.social,Avisadora Perguntadora Respondedora Pleonástica,"Tem como comprovar/ checar esse lance de ""medidas compensatórias"" quanto ao gasto extremo com tinta/ pintura, hein #JAM1 ?
#Manaus
#eleições2024 
#entrevista",2024-09-25T13:21:28Z,2024-09-25T13:21:28Z,0,0,0,0,0,at://did:plc:e2i4sppog5yx6m6zqmmy3zfb/app.bsky.feed.post/3l4y6ykf6t42z,at://did:plc:e2i4sppog5yx6m6zqmmy3zfb/app.bsky.feed.post/3l4y6ykf6t42z,NA
at://did:plc:e2i4sppog5yx6m6zqmmy3zfb/app.bsky.feed.post/3l4y7vmrrgc2o,becabonne7.bsky.social,Avisadora Perguntadora Respondedora Pleonástica,"Solução para a segurança, David Almeida 🫴🏽
Aumentar e reformar escolas nivel fundamental 1 nas Av. dos Bairros de periferia da Cidade de Manaus,o que  não foi feito nesses últimos 4 anos. Fechar escola pública e não abrir mais duas é um crime como prefeito.
#JAM1
#Manaus
#eleições2024 
#entrevista",2024-09-25T13:19:01Z,2024-09-25T13:19:01Z,0,0,0,0,0,at://did:plc:e2i4sppog5yx6m6zqmmy3zfb/app.bsky.feed.post/3l4y6ykf6t42z,at://did:plc:e2i4sppog5yx6m6zqmmy3zfb/app.bsky.feed.post/3l4y6ykf6t42z,NA
at://did:plc:e2i4sppog5yx6m6zqmmy3zfb/app.bsky.feed.post/3l4y7mnf3k32a,becabonne7.bsky.social,Avisadora Perguntadora Respondedora Pleonástica,"David Almeida tentou explicar o vínculo da cônjuge dele e da sogra (contrato de licitação) com a prefeitura. Titubeou e não  respondeu de forma lógica ao questionamento de Lane Gusmão.Sim, Lane. É tudo estranho 😬
#JAM1
#eleições2024 
#Manaus
#Entrevista",2024-09-25T13:14:00Z,2024-09-25T13:14:00Z,0,0,0,0,0,at://did:plc:e2i4sppog5yx6m6zqmmy3zfb/app.bsky.feed.post/3l4y6ykf6t42z,at://did:plc:e2i4sppog5yx6m6zqmmy3zfb/app.bsky.feed.post/3l4y6ykf6t42z,NA
at://did:plc:e2i4sppog5yx6m6zqmmy3zfb/app.bsky.feed.post/3l4y7ayfh4d2w,becabonne7.bsky.social,Avisadora Perguntadora Respondedora Pleonástica,"Ultimamente David Almeida maquiou a cidade e falo dos últimos meses. ""Inaugurando"" um ali e ""asfaltando"" outra aqui. Isso é praxe e ilusório. Se ele trabalhasse todo dia, a cidade tava um brinco. Nem a coleta de lixo funciona. Limpeza pública nota zero
#Entrevista
#eleições2024 
#Manaus
#JAM1",2024-09-25T13:07:29Z,2024-09-25T13:07:29Z,0,0,1,0,0,at://did:plc:e2i4sppog5yx6m6zqmmy3zfb/app.bsky.feed.post/3l4y6ykf6t42z,at://did:plc:e2i4sppog5yx6m6zqmmy3zfb/app.bsky.feed.post/3l4y6ykf6t42z,NA
at://did:plc:ocbkuv3qjtldssafsgaabq6d/app.bsky.feed.post/3l4wtf76iz72a,petitaout.bsky.social,robotinho,#Eleições2024,2024-09-25T00:02:26Z,2024-09-25T00:02:26Z,1,0,0,0,0,at://did:plc:ocbkuv3qjtldssafsgaabq6d/app.bsky.feed.post/3l4uhntyluj2p,at://did:plc:ocbkuv3qjtldssafsgaabq6d/app.bsky.feed.post/3l4u65a6kqz2l,NA
at://did:plc:ndqm4sqxiroxdx5aik2dk2ig/app.bsky.feed.post/3l4wr5kl5sk2v,camaradosdeputados.bsky.social,Câmara dos Deputados,"Nas eleições municipais será tomada a decisão que influencia diretamente na qualidade de vida e bem-estar de todos os cidadãos. Eleger um prefeito ou prefeita é fundamental para a gestão de recursos essenciais como saúde, educação e cultura. #eleições2024 www.youtube.com/watch?v=ydhi...",2024-09-24T23:22:22Z,2024-09-24T23:22:22Z,1,0,2,0,0,at://did:plc:ndqm4sqxiroxdx5aik2dk2ig/app.bsky.feed.post/3l4wqwqninx2b,at://did:plc:ndqm4sqxiroxdx5aik2dk2ig/app.bsky.feed.post/3l4vqccczqr2q,NA
at://did:plc:hbx5vh5eakcy6l6yffdwon3s/app.bsky.feed.post/3l4wk4f4szc2f,gabrielmarquespcb.bsky.social,Gabriel Marques PCB,"#UFRJ #Panfletagem 
#GabrielMarques21333 #HiranRoedel211 #GabrielMarquesPCB #HiranRoedelPCB  #GabrielMarquesEstáComVocês #PoderPopular #PCB102anos #ORioMereceMais #TarcísioMotta50 #TarcísioERenata50 #Eleições2024",2024-09-24T21:16:27Z,2024-09-24T21:16:27Z,0,0,0,0,0,at://did:plc:hbx5vh5eakcy6l6yffdwon3s/app.bsky.feed.post/3l4wk3vkmm52c,at://did:plc:hbx5vh5eakcy6l6yffdwon3s/app.bsky.feed.post/3l4wk3vkmm52c,NA
at://did:plc:oiytk54p7dapignhy5uopr5b/app.bsky.feed.post/3l4wtwruysn2l,edcruz.bsky.social,Edcruz,"Que vergonha absurda!
Onde vamos parar com essa política #TSE?
No soco e na cadeirada ninguém GANHA debate na brutalidade.
É Esse tipos de administração pública que deseja a Cidade?
Não basta de toda violência diária que a população vem sofrendo, com assaltos livre e soltos pelas ruas 
#eleicoes2024",2024-09-24T20:12:09Z,2024-09-24T20:12:09Z,0,0,0,0,0,at://did:plc:ut56ijevus2ct7iajvoqytha/app.bsky.feed.post/3l4ws6pzkuc23,at://did:plc:ut56ijevus2ct7iajvoqytha/app.bsky.feed.post/3l4ws6pzkuc23,NA
at://did:plc:tmfx73ppdmr7d7pfuneqelsc/app.bsky.feed.post/3l4wfggjdj22i,driufc.bsky.social,🇩 🇷 🇮 🇺 🇫 🇨,"📲 Fique de olho em nossas redes para acompanhar mais candidaturas no estado e pelo Brasil!

#TodosPelaReformaAgrária #EleiçõesMunicipais #Eleições2024 #RNPorReformaAgrária",2024-09-24T19:52:35Z,2024-09-24T19:52:35Z,0,1,1,0,0,at://did:plc:tmfx73ppdmr7d7pfuneqelsc/app.bsky.feed.post/3l4wfedyz6625,at://did:plc:tmfx73ppdmr7d7pfuneqelsc/app.bsky.feed.post/3l4wfedyz6625,NA
at://did:plc:ndqm4sqxiroxdx5aik2dk2ig/app.bsky.feed.post/3l4w34pw3p527,camaradosdeputados.bsky.social,Câmara dos Deputados,"#Eleições2024 I A chamada imunidade eleitoral já está valendo para os candidatos aos pleitos deste ano. Prevista no Código Eleitoral, ela entra em vigor 15 dias antes das votações. Casos de crimes inafiançáveis e flagrante delito ficam de fora da proibição. cd.leg.br/UBhJ7CiBRi",2024-09-24T16:48:11Z,2024-09-24T16:48:11Z,1,1,3,0,0,at://did:plc:ndqm4sqxiroxdx5aik2dk2ig/app.bsky.feed.post/3l4w2kaxjac2s,at://did:plc:ndqm4sqxiroxdx5aik2dk2ig/app.bsky.feed.post/3l4vqccczqr2q,NA
at://did:plc:upwj73tmmokpfzcd2fvji5yo/app.bsky.feed.post/3l4w2nmrlvh2s,alessandrosantos81.bsky.social,Alessandro Santos,"Ainda mais quando a maioria silenciosa - que a mídia, os institutos de pesquisa e os políticos solenemente ignoram - não se sente representada por canalhas que dizem ""representar o povo"". 

#votofacultativo #eleições2024",2024-09-24T16:39:45Z,2024-09-24T16:39:45Z,0,0,0,0,0,at://did:plc:upwj73tmmokpfzcd2fvji5yo/app.bsky.feed.post/3l4w2lyc34i2x,at://did:plc:upwj73tmmokpfzcd2fvji5yo/app.bsky.feed.post/3l4w2lyc34i2x,NA
at://did:plc:ndqm4sqxiroxdx5aik2dk2ig/app.bsky.feed.post/3l4w2do64vg26,camaradosdeputados.bsky.social,Câmara dos Deputados,"#Eleições2024 I Nessas eleições municipais, o TSE oferece uma ferramenta para reforçar o combate à desinformação. A página Fato ou Boato estimula a divulgação de notícias checadas, recomendações e conteúdos educativos. cd.leg.br/blWxMSt-IM",2024-09-24T16:34:11Z,2024-09-24T16:34:11Z,1,0,3,0,0,at://did:plc:ndqm4sqxiroxdx5aik2dk2ig/app.bsky.feed.post/3l4vvjvgrmx2q,at://did:plc:ndqm4sqxiroxdx5aik2dk2ig/app.bsky.feed.post/3l4vqccczqr2q,NA
at://did:plc:ndqm4sqxiroxdx5aik2dk2ig/app.bsky.feed.post/3l4vvjvgrmx2q,camaradosdeputados.bsky.social,Câmara dos Deputados,"#Eleições2024 I Lançado há seis anos, o e-Título é o aplicativo da Justiça Eleitoral que substitui o título de eleitor impresso no dia das eleições. Saiba mais: cd.leg.br/EmURkiVEHq",2024-09-24T15:08:11Z,2024-09-24T15:08:11Z,1,0,3,0,0,at://did:plc:ndqm4sqxiroxdx5aik2dk2ig/app.bsky.feed.post/3l4vru35gfy2b,at://did:plc:ndqm4sqxiroxdx5aik2dk2ig/app.bsky.feed.post/3l4vqccczqr2q,NA
at://did:plc:e2i4sppog5yx6m6zqmmy3zfb/app.bsky.feed.post/3l4vvhwtkfq2p,becabonne7.bsky.social,Avisadora Perguntadora Respondedora Pleonástica,"O cara simplesmente contra os radares eletrônicos. Essas medidas ou nao implantações de radares só trazem uma coisa: imprudência = mortes no trânsito 
#JAM1
#Manaus
#eleições2024",2024-09-24T15:07:05Z,2024-09-24T15:07:05Z,0,0,1,0,0,at://did:plc:e2i4sppog5yx6m6zqmmy3zfb/app.bsky.feed.post/3l4vvds4ti42l,at://did:plc:e2i4sppog5yx6m6zqmmy3zfb/app.bsky.feed.post/3l4vuykua7x2a,NA
at://did:plc:e2i4sppog5yx6m6zqmmy3zfb/app.bsky.feed.post/3l4vvds4ti42l,becabonne7.bsky.social,Avisadora Perguntadora Respondedora Pleonástica,"Perguntas de Lane Gusmão são cruciais. Perguntou até pelo vínculos da família  de Cidade, 🫴🏽família Cidade( tradicional de Manaus) com o Governo do Estado. 
#JAM1
#Manaus
#eleições2024",2024-09-24T15:04:46Z,2024-09-24T15:04:46Z,1,0,0,0,0,at://did:plc:e2i4sppog5yx6m6zqmmy3zfb/app.bsky.feed.post/3l4vv6shpfr2t,at://did:plc:e2i4sppog5yx6m6zqmmy3zfb/app.bsky.feed.post/3l4vuykua7x2a,NA
at://did:plc:e2i4sppog5yx6m6zqmmy3zfb/app.bsky.feed.post/3l4vv6shpfr2t,becabonne7.bsky.social,Avisadora Perguntadora Respondedora Pleonástica,"Ele apoia e é apoiado por Wilson Lima. Vai aeconomizar mesmo? E a tal não vaivter mais Glocal Amazônia?
#JAM1
#Manaus
#eleições2024 
 Amazônia?",2024-09-24T15:01:58Z,2024-09-24T15:01:58Z,1,0,0,0,0,at://did:plc:e2i4sppog5yx6m6zqmmy3zfb/app.bsky.feed.post/3l4vuykua7x2a,at://did:plc:e2i4sppog5yx6m6zqmmy3zfb/app.bsky.feed.post/3l4vuykua7x2a,NA
at://did:plc:ndqm4sqxiroxdx5aik2dk2ig/app.bsky.feed.post/3l4vru35gfy2b,camaradosdeputados.bsky.social,Câmara dos Deputados,"#Eleições2024 I Em 2022, o TSE autorizou o registro de candidaturas coletivas. No ano seguinte, a Câmara aprovou uma minirreforma eleitoral que prevê a modalidade, mas o texto segue pendente de análise pelo Senado. cd.leg.br/lboqGVLLcD",2024-09-24T14:02:17Z,2024-09-24T14:02:17Z,1,0,2,0,0,at://did:plc:ndqm4sqxiroxdx5aik2dk2ig/app.bsky.feed.post/3l4vqvvi7dm25,at://did:plc:ndqm4sqxiroxdx5aik2dk2ig/app.bsky.feed.post/3l4vqccczqr2q,NA
at://did:plc:ndqm4sqxiroxdx5aik2dk2ig/app.bsky.feed.post/3l4vqvvi7dm25,camaradosdeputados.bsky.social,Câmara dos Deputados,"#Eleições2024 I o primeiro turno das eleições deste ano já vai ser no próximo dia seis. Você sabe o que pode e o que não pode fazer? Acesse o link e saiba tudo o que é proibido, como, por exemplo, a chamada boca de urna. cd.leg.br/yukyKLOaEw",2024-09-24T13:45:25Z,2024-09-24T13:45:25Z,1,0,2,0,0,at://did:plc:ndqm4sqxiroxdx5aik2dk2ig/app.bsky.feed.post/3l4vqih2fha26,at://did:plc:ndqm4sqxiroxdx5aik2dk2ig/app.bsky.feed.post/3l4vqccczqr2q,NA
at://did:plc:ndqm4sqxiroxdx5aik2dk2ig/app.bsky.feed.post/3l4vqih2fha26,camaradosdeputados.bsky.social,Câmara dos Deputados,"#Eleições2024 I As eleições municipais deste ano, previstas para 6 de outubro, serão realizadas com algumas mudanças importantes nas regras, especialmente no que diz respeito a notícias e candidaturas falsas. cd.leg.br/ZNMqLwsVg9 #combateasfakenews",2024-09-24T13:37:54Z,2024-09-24T13:37:54Z,1,0,2,0,0,at://did:plc:ndqm4sqxiroxdx5aik2dk2ig/app.bsky.feed.post/3l4vqeibce22a,at://did:plc:ndqm4sqxiroxdx5aik2dk2ig/app.bsky.feed.post/3l4vqccczqr2q,NA
at://did:plc:gpunjjgvlyb4racypz3yfiq4/app.bsky.feed.post/3l4vnxfhz332u,jnascim.info,Jeff Nascimento,Succession + #Eleições2024,2024-09-24T12:52:34Z,2024-09-24T12:52:34Z,0,1,1,0,0,at://did:plc:dyi5brationymifwjbsk3tqa/app.bsky.feed.post/3l4vnh5dx662m,at://did:plc:dyi5brationymifwjbsk3tqa/app.bsky.feed.post/3l4vnh5dx662m,NA
at://did:plc:uhod5ihu3aa56qbbmzzfk6yr/app.bsky.feed.post/3l4uubixvjb2u,cassiusgoncalves.bsky.social,Cassius Gonçalves,"Penso como Tabata. Marçal está ‘zuando o barraco’ para abafar a ela e ao Boulos, por possuírem, em tese, um discurso qualificado. ‘Atrapalha’ ajudando o Nunes. E nessa, que vença o melhor entre eles. #eleições2024",2024-09-24T05:12:56Z,2024-09-24T05:12:56Z,0,0,1,0,0,at://did:plc:w6ac63ezw6cly47lblsb5jif/app.bsky.feed.post/3l4ultotnj42l,at://did:plc:w6ac63ezw6cly47lblsb5jif/app.bsky.feed.post/3l4ultotnj42l,NA
at://did:plc:unpn6bf7kvkkobx2c5caqlx2/app.bsky.feed.post/3l4ubkvglib22,wandsferreira.bsky.social,Wandeson Ferreira,"Sofro que o Marçal vai mesmo pro segundo turno em SP. Resta saber com quem.

#Eleições2024
#OVotoNaRecord
#JornalDaRecord",2024-09-23T23:38:11Z,2024-09-23T23:38:11Z,0,0,2,0,0,at://did:plc:unpn6bf7kvkkobx2c5caqlx2/app.bsky.feed.post/3l4ubehntne2k,at://did:plc:unpn6bf7kvkkobx2c5caqlx2/app.bsky.feed.post/3l4ubehntne2k,NA
at://did:plc:moxr5wj3u5rwf25vgcemftvp/app.bsky.feed.post/3l4tye2axup2b,mbf.net.br,Mateus BF,"[ #eleições2024 - NÚMEROS E VALORES]

🤑""Follow the money!""

ℹ️candidaturas ♂️ concentram 72,96% dos recursos destinados ao financiamento de campanhas

↪️até 20/09/2024, não se atingiu os 30% dos recursos nem pra candidaturas negras, nem de mulheres
Conclusão:♀️✊🏿 recebem MENOS e DEPOIS

Veja sua capital👇",2024-09-23T20:53:17Z,2024-09-23T20:53:17Z,0,0,0,0,0,at://did:plc:moxr5wj3u5rwf25vgcemftvp/app.bsky.feed.post/3l42rqvmq262n,at://did:plc:moxr5wj3u5rwf25vgcemftvp/app.bsky.feed.post/3l42kuhxcvt2g,NA
at://did:plc:moxr5wj3u5rwf25vgcemftvp/app.bsky.feed.post/3l4txjipzb32t,mbf.net.br,Mateus BF,"[ #eleições2024 - GÊNERO: FEMININO?]

ℹ️em 2024, são 171🤭 candidaturas à prefeitura nas capitais, mas só 36 (21%) são♀️

ℹ️em 2024, 8 capitais não têm NENHUMA candidata♀️à prefeitura:
Floripa-SC
Teresina-PI
Fortaleza-CE
João Pessoa-PB
Cuiabá-MT
Manaus-AM
Rio Branco-AC
🫴 atendadascandidatas.org

fonte👇",2024-09-23T20:38:26Z,2024-09-23T20:38:26Z,1,0,2,0,0,at://did:plc:moxr5wj3u5rwf25vgcemftvp/app.bsky.feed.post/3l4svddakff2g,at://did:plc:moxr5wj3u5rwf25vgcemftvp/app.bsky.feed.post/3l4supd654s24,NA
at://did:plc:2uuyobebl24s5d4kgdts2w5l/app.bsky.feed.post/3l4tk3so4h42c,ofalador.bsky.social,O Falador,"""Sou eleitor do Lamaçal""
 = 
""Sou um Idi0ta desmiolado""
#Eleicoes2024",2024-09-23T16:38:06Z,2024-09-23T16:38:06Z,0,0,4,0,0,at://did:plc:aduoxavv4nlceto54tgu3fjr/app.bsky.feed.post/3l4tjxrzqwq2i,at://did:plc:aduoxavv4nlceto54tgu3fjr/app.bsky.feed.post/3l4tjxrzqwq2i,NA
at://did:plc:m7kgen6ulzaxhccyuyhvcetb/app.bsky.feed.post/3l4th4stiyu2y,kleberrosa.bsky.social,Kleber Rosa,"Estou convencido de que posso mostrar aos empresários que a tarifa zero é vantajosa para eles. Eles receberão os recursos de maneira segura, sem depender dos passageiros. No fim, isso será melhor para o setor empresarial, para a população e para a cidade como um todo. #VenhaComORasta #Eleições2024",2024-09-23T15:45:00Z,2024-09-23T15:45:00Z,1,0,0,0,0,at://did:plc:m7kgen6ulzaxhccyuyhvcetb/app.bsky.feed.post/3l4th3lafl32l,at://did:plc:m7kgen6ulzaxhccyuyhvcetb/app.bsky.feed.post/3l4th24u3nh2e,NA
at://did:plc:moxr5wj3u5rwf25vgcemftvp/app.bsky.feed.post/3l4svddakff2g,mbf.net.br,Mateus BF,"[ #eleições2024 - GÊNERO: FEMININO?]

🇧🇷 é dos países com menor proporção de mulheres eleitas:
⬇️penúltima posição na América Latina
🌐132ª no mundo

ℹ️em 2020, mulheres foram eleitas pra 12% das prefeituras e 16% das cadeiras nas Câmaras de Vereadores
♀️eram 51,5% da população = 6 Milhões a mais do q ♂️",2024-09-23T10:26:32Z,2024-09-23T10:26:32Z,2,0,2,0,0,at://did:plc:moxr5wj3u5rwf25vgcemftvp/app.bsky.feed.post/3l4supd654s24,at://did:plc:moxr5wj3u5rwf25vgcemftvp/app.bsky.feed.post/3l4supd654s24,NA
at://did:plc:hbx5vh5eakcy6l6yffdwon3s/app.bsky.feed.post/3l4reauraf626,gabrielmarquespcb.bsky.social,Gabriel Marques PCB,#PCB102anos #ORioMereceMais #TarcísioMotta50 #TarcísioERenata50 #Eleições2024 #Partidão #Méier #Panfletagem #Cachambi,2024-09-22T19:48:16Z,2024-09-22T19:48:16Z,0,0,0,0,0,at://did:plc:hbx5vh5eakcy6l6yffdwon3s/app.bsky.feed.post/3l4reamsjw72d,at://did:plc:hbx5vh5eakcy6l6yffdwon3s/app.bsky.feed.post/3l4re73ad4x2d,NA
at://did:plc:moxr5wj3u5rwf25vgcemftvp/app.bsky.feed.post/3l4qwf4a2nm2b,mbf.net.br,Mateus BF,"[ #eleições2024: + ou - DEMOCRACIA?]

ℹ️em 214 municípios há apenas 1 candidatura ao cargo de prefeito - na prática, só precisa de 1 voto pra ser eleito
E esse número dobrou em relação a 2020, conforme a CNM👇

72% das candidaturas únicas são reeleição: sinal de bom trabalho ou de des-democratização?",2024-09-22T15:40:06Z,2024-09-22T15:40:06Z,0,1,1,1,0,at://did:plc:moxr5wj3u5rwf25vgcemftvp/app.bsky.feed.post/3l42rqvmq262n,at://did:plc:moxr5wj3u5rwf25vgcemftvp/app.bsky.feed.post/3l42kuhxcvt2g,NA
at://did:plc:fjvdt6gecpsvuwu24zfjwhhk/app.bsky.feed.post/3l4qk44lpe22j,valdeirpsr.bsky.social,Valdeir Psr,"Quem não conseguir acessar por estar fora do ar ($$$$), tem um demonstrativo. Qualquer coisa, posso disponibilizar o projeto no Github posteriormente.

Pretendo também adicionar novos charts

photos.app.goo.gl/Yvs9Ghb1PfXL...",2024-09-22T12:00:30Z,2024-09-22T12:00:20Z,0,0,0,0,0,at://did:plc:fjvdt6gecpsvuwu24zfjwhhk/app.bsky.feed.post/3l4qjz3dvas2g,at://did:plc:gpunjjgvlyb4racypz3yfiq4/app.bsky.feed.post/3l4qe6twpty27,NA
at://did:plc:7mso3m7w45x4jv44opya2s5w/app.bsky.feed.post/3l4ohphvi6o2f,botafogoneles.bsky.social,Botafogo,Aparentemente estão fazendo cera pra passar ao menos o primeiro turno das #eleiçoes2024,2024-09-21T16:12:08Z,2024-09-21T16:12:08Z,1,0,1,0,0,at://did:plc:w6u3urhz2wz5fje5vlvtj3qi/app.bsky.feed.post/3l4ohecrc772c,at://did:plc:w6u3urhz2wz5fje5vlvtj3qi/app.bsky.feed.post/3l4ohecrc772c,NA
at://did:plc:bp7larrugg25s36l47b2ajyr/app.bsky.feed.post/3l4ofsnvhel27,franthesco.bsky.social,Francisco Borges,"#Eleições2024: Sábado passado o entrevistado foi Ednei Amorim.

www.youtube.com/live/MC_rlyV...",2024-09-21T15:38:06Z,2024-09-21T15:38:06Z,0,0,0,0,0,at://did:plc:bp7larrugg25s36l47b2ajyr/app.bsky.feed.post/3l4ofkjjm2d2e,at://did:plc:bp7larrugg25s36l47b2ajyr/app.bsky.feed.post/3l4ofkjjm2d2e,NA
at://did:plc:wes7vrwxkprzg4g2sz27zg2z/app.bsky.feed.post/3l4o3rbrpjb2f,jrzep79.bsky.social,Arnaldo junior,"Vdd o bozó vem caindo (graças a Deus)
Mas ainda tem força por exemplo aqui em sp onde o PL que apoia o atual prefeito não pede votos pra ele e sim que votem nos deputados do partido pro Bolsonaro voltar pra presidência
Bizarro demais.
#Eleições2024",2024-09-21T12:38:23Z,2024-09-21T12:38:23Z,0,0,0,0,0,at://did:plc:ikv3qchivpeziax5uz727u2e/app.bsky.feed.post/3l4o27fal2v2w,at://did:plc:bvdczzyaip2klzg5lcxqnxms/app.bsky.feed.post/3l4miajdqz72z,NA
at://did:plc:ummmqekx2ond2dsqfkvpmcda/app.bsky.feed.post/3l4mtraan7l2e,hypolito.bsky.social,HYPOLITO MARTINEZ JR,"Nosso dinheiro (#impostos #taxas etc.) mau utilizado, como sempre! #eleição2024 #Brasil #política #eleições2024",2024-09-21T00:42:31Z,2024-09-21T00:42:31Z,0,0,0,0,0,at://did:plc:a5o5pa6imrd52s627zq63zgz/app.bsky.feed.post/3l4lnxjkd522h,at://did:plc:a5o5pa6imrd52s627zq63zgz/app.bsky.feed.post/3l4lnxjkd522h,NA
at://did:plc:25vahvfq4fk5y4f6b7nf6ruv/app.bsky.feed.post/3l4lykor3mc2e,brasilfato.bsky.social,Brasil de Fato,"As equipes responsáveis por encaminhar velórios e enterros tentam, por meio de ameaças, empurrar serviços desnecessários.
#BdF #eleições2024",2024-09-20T16:35:43Z,2024-09-20T16:35:42Z,0,2,5,0,0,at://did:plc:25vahvfq4fk5y4f6b7nf6ruv/app.bsky.feed.post/3l4lykhdpwp2e,at://did:plc:25vahvfq4fk5y4f6b7nf6ruv/app.bsky.feed.post/3l4lyawhufs2t,NA
at://did:plc:ijovjshshhuvntxaopoe7jut/app.bsky.feed.post/3l4luktjvkc23,artierfox.bsky.social,NA,"Pra cima Marçal Ⓜ️2️⃣8️⃣
#pablomarcal #eleicoes2024 #marçal #pablomarçal",2024-09-20T15:24:11Z,2024-09-20T15:24:11Z,0,0,1,0,0,at://did:plc:5wikwlqfn2vbqxjeh2rlukld/app.bsky.feed.post/3l4lujdcgwc24,at://did:plc:5wikwlqfn2vbqxjeh2rlukld/app.bsky.feed.post/3l4lujdcgwc24,NA
at://did:plc:25vahvfq4fk5y4f6b7nf6ruv/app.bsky.feed.post/3l4lugimwc22t,brasilfato.bsky.social,Brasil de Fato,"Além de Boulos e Nunes, Pablo Marçal (PRTB), Tabata Amaral (PSB), José Luiz Datena (PSDB) e Marina Helena (Novo) participam do debate.

Acompanhe a cobertura das #eleições2024 no #BrasildeFato",2024-09-20T15:21:46Z,2024-09-20T15:21:46Z,0,1,3,0,0,at://did:plc:25vahvfq4fk5y4f6b7nf6ruv/app.bsky.feed.post/3l4lufzbwes2q,at://did:plc:25vahvfq4fk5y4f6b7nf6ruv/app.bsky.feed.post/3l4lue7aa3k2y,NA
at://did:plc:hbx5vh5eakcy6l6yffdwon3s/app.bsky.feed.post/3l4lqbcrnl22u,gabrielmarquespcb.bsky.social,Gabriel Marques PCB,"Ajude a nossa divulgação, convidando amigas(os) para nos seguirem: @gabrielmarquespcb 

Os links das redes sociais podem ser acessados pelo linktr.ee/grdmarques 

#GabrielMarques21333 #TarcísioMotta50 
#PoderPopular #PCB102anos #Partidão #GabrielMarquesPCB #PCB #Eleições2024 
#TarcísioERenata50",2024-09-20T14:07:18Z,2024-09-20T14:07:17Z,0,0,0,0,0,at://did:plc:hbx5vh5eakcy6l6yffdwon3s/app.bsky.feed.post/3l4lqai3aqs2o,at://did:plc:hbx5vh5eakcy6l6yffdwon3s/app.bsky.feed.post/3l4lqai3aqs2o,NA
at://did:plc:ijovjshshhuvntxaopoe7jut/app.bsky.feed.post/3l4kcwofpns2n,artierfox.bsky.social,NA,"Pra cima Marçal Ⓜ️2️⃣8️⃣
#pablomarcal #eleicoes2024 #marçal #pablomarçal",2024-09-20T00:36:01Z,2024-09-20T00:36:01Z,0,0,0,0,0,at://did:plc:tb6vfobwpenbjmh2uomnfjip/app.bsky.feed.post/3l4jepbmbt72h,at://did:plc:hbjpnnftw7ns4m674fadkxwa/app.bsky.feed.post/3l4hwwezscv2o,NA
at://did:plc:ijovjshshhuvntxaopoe7jut/app.bsky.feed.post/3l4kcw7x5vk22,artierfox.bsky.social,NA,"Pra cima Marçal Ⓜ️2️⃣8️⃣
#pablomarcal #eleicoes2024 #marçal #pablomarçal",2024-09-20T00:35:46Z,2024-09-20T00:35:46Z,0,0,0,0,0,at://did:plc:hbjpnnftw7ns4m674fadkxwa/app.bsky.feed.post/3l4hwwezscv2o,at://did:plc:hbjpnnftw7ns4m674fadkxwa/app.bsky.feed.post/3l4hwwezscv2o,NA
at://did:plc:tkepxleykbak6gfewwsnm6lf/app.bsky.feed.post/3l4jv2pwavz2g,pesquisasbr2.bsky.social,Pesquisas Brasil 🇧🇷,"Pesquisa: Eleição Municipal São Paulo (Últimos dias) 🇧🇷

🟩 Nunes (MDB)
🟨 Boulos (PSOL)
🟫 Marçal (PRTB)
🟦 Datena (PSDB)
🟥 Amaral (PSB)
🟧 Helena (NOVO)
⬜️ Outros

Vote neste link: pollie.app/nuks9

#SãoPaulo #Eleições2024",2024-09-19T20:26:45Z,2024-09-19T20:26:45Z,0,1,0,0,0,at://did:plc:tuj6ftlrhvk75sztq6rhnm6y/app.bsky.feed.post/3l4jtzidky42j,at://did:plc:tuj6ftlrhvk75sztq6rhnm6y/app.bsky.feed.post/3l4jtzidky42j,NA
at://did:plc:tkepxleykbak6gfewwsnm6lf/app.bsky.feed.post/3l4jv2f7sls2c,pesquisasbr2.bsky.social,Pesquisas Brasil 🇧🇷,"Pesquisa: Eleição Municipal São Paulo (Últimos dias) 🇧🇷

🟩 Nunes (MDB)
🟨 Boulos (PSOL)
🟫 Marçal (PRTB)
🟦 Datena (PSDB)
🟥 Amaral (PSB)
🟧 Helena (NOVO)
⬜️ Outros

Vote neste link: pollie.app/nuks9

#SãoPaulo #Eleições2024",2024-09-19T20:26:34Z,2024-09-19T20:26:34Z,0,1,1,0,0,at://did:plc:tuj6ftlrhvk75sztq6rhnm6y/app.bsky.feed.post/3l4jtttimee2j,at://did:plc:tuj6ftlrhvk75sztq6rhnm6y/app.bsky.feed.post/3l4jtttimee2j,NA
at://did:plc:tkepxleykbak6gfewwsnm6lf/app.bsky.feed.post/3l4juzwr3rg2n,pesquisasbr2.bsky.social,Pesquisas Brasil 🇧🇷,"Pesquisa: Eleição Municipal São Paulo (Últimos dias) 🇧🇷

🟩 Nunes (MDB)
🟨 Boulos (PSOL)
🟫 Marçal (PRTB)
🟦 Datena (PSDB)
🟥 Amaral (PSB)
🟧 Helena (NOVO)
⬜️ Outros

Vote neste link: pollie.app/nuks9

#SãoPaulo #Eleições2024",2024-09-19T20:26:18Z,2024-09-19T20:26:18Z,0,1,0,0,0,at://did:plc:tuj6ftlrhvk75sztq6rhnm6y/app.bsky.feed.post/3l4jtndtgca2j,at://did:plc:tuj6ftlrhvk75sztq6rhnm6y/app.bsky.feed.post/3l4jtndtgca2j,NA
at://did:plc:tkepxleykbak6gfewwsnm6lf/app.bsky.feed.post/3l4juzdr5bw2n,pesquisasbr2.bsky.social,Pesquisas Brasil 🇧🇷,"Pesquisa: Eleição Municipal São Paulo (Últimos dias) 🇧🇷

🟩 Nunes (MDB)
🟨 Boulos (PSOL)
🟫 Marçal (PRTB)
🟦 Datena (PSDB)
🟥 Amaral (PSB)
🟧 Helena (NOVO)
⬜️ Outros

Vote neste link: pollie.app/nuks9

#SãoPaulo #Eleições2024",2024-09-19T20:25:59Z,2024-09-19T20:25:59Z,0,1,1,0,0,at://did:plc:tuj6ftlrhvk75sztq6rhnm6y/app.bsky.feed.post/3l4jtdowlw22x,at://did:plc:tuj6ftlrhvk75sztq6rhnm6y/app.bsky.feed.post/3l4jtdowlw22x,NA
at://did:plc:6dwgeywrdrxezm2llnzjnjge/app.bsky.feed.post/3l4jdrh7l7i2a,basedosdados.bsky.social,Base dos Dados,"E mais. Tem descontão de lançamento. É só usar o cupom ELEICOES2024 para garantir 20% de desconto na matrícula. Aproveite já que é por tempo limitado!

➡️ Já se inscreva: info.basedosdados.org/bd-edu-eleic...",2024-09-19T15:18:19Z,2024-09-19T15:18:19Z,1,0,2,0,0,at://did:plc:6dwgeywrdrxezm2llnzjnjge/app.bsky.feed.post/3l4jdptjuwu2d,at://did:plc:6dwgeywrdrxezm2llnzjnjge/app.bsky.feed.post/3l4jdptjuwu2d,NA
at://did:plc:hbx5vh5eakcy6l6yffdwon3s/app.bsky.feed.post/3l4j5kdqbxy2c,gabrielmarquespcb.bsky.social,Gabriel Marques PCB,"21/09, 8:30: panfletagem na Praça Agripino Grieco (Méier)

21/09, 10h: ato contra o capacitismo e pelo direito à cidade - Uruguaiana 

21/09, 16h: comício doméstico - Pechincha - Jacarepaguá

#GabrielMarques21333 #PoderPopular #PCB102anos #ORioMereceMais #GabrielMarquesPCB #Eleições2024 #GlauberFica",2024-09-19T13:27:03Z,2024-09-19T13:27:00Z,0,0,0,0,0,at://did:plc:hbx5vh5eakcy6l6yffdwon3s/app.bsky.feed.post/3l4j5hsguyk2n,at://did:plc:hbx5vh5eakcy6l6yffdwon3s/app.bsky.feed.post/3l4j5hsguyk2n,NA
at://did:plc:szfiiugat6f5lullortura5i/app.bsky.feed.post/3l4i27sf5zb2x,gnewsblog.bsky.social,G News Blog,"#Eleições2024: No pleito municipal deste ano, o Amazonas vai eleger 206 prefeitos e 7.691 vereadores. Conheça os candidatos à prefeitura da capital, Manaus, aqui👇e de todos os cargos acessando divulgacandcontas.tse.jus.br/divulga/#/ca...",2024-09-19T02:54:46Z,2024-09-19T02:54:45Z,0,0,0,0,0,at://did:plc:szfiiugat6f5lullortura5i/app.bsky.feed.post/3l4i26srebk23,at://did:plc:szfiiugat6f5lullortura5i/app.bsky.feed.post/3l4i26srebk23,NA
at://did:plc:565ale4sobh4ev4x5z6ijgu6/app.bsky.feed.post/3l4gdu5azro2a,flaviodu.bsky.social,Prof. Flavio,#eleicoes2024#vote50789#vereadoresrj#psolrj,2024-09-18T10:41:51Z,2024-09-18T10:41:51Z,0,0,0,0,0,at://did:plc:565ale4sobh4ev4x5z6ijgu6/app.bsky.feed.post/3l4gdqi33pk2w,at://did:plc:565ale4sobh4ev4x5z6ijgu6/app.bsky.feed.post/3l4gdqi33pk2w,NA
at://did:plc:sn7b23h46p4l3hkhm6mwpwzm/app.bsky.feed.post/3l4f4yjhvho2q,carlosgeovane.bsky.social,‏️#ϾG 🦋 ‏️»,#RBSnotícias #Eleições2024,2024-09-17T23:06:51Z,2024-09-17T23:06:24Z,0,0,0,0,0,at://did:plc:sn7b23h46p4l3hkhm6mwpwzm/app.bsky.feed.post/3l4f4wshxa22r,at://did:plc:sn7b23h46p4l3hkhm6mwpwzm/app.bsky.feed.post/3l4f4rxlwin24,NA
at://did:plc:sn7b23h46p4l3hkhm6mwpwzm/app.bsky.feed.post/3l4f4wshxa22r,carlosgeovane.bsky.social,‏️#ϾG 🦋 ‏️»,#RBSnotícias #Eleições2024,2024-09-17T23:05:54Z,2024-09-17T23:05:26Z,1,0,0,0,0,at://did:plc:sn7b23h46p4l3hkhm6mwpwzm/app.bsky.feed.post/3l4f4rxlwin24,at://did:plc:sn7b23h46p4l3hkhm6mwpwzm/app.bsky.feed.post/3l4f4rxlwin24,NA
at://did:plc:tkepxleykbak6gfewwsnm6lf/app.bsky.feed.post/3l4f2son5cy2g,pesquisasbr2.bsky.social,Pesquisas Brasil 🇧🇷,"Pesquisa: Eleição Municipal São Paulo 🇧🇷

🟩 Nunes (MDB)
🟨 Boulos (PSOL)
🟫 Marçal (PRTB)
🟦 Datena (PSDB)
🟥 Amaral (PSB)
🟧 Helena (NOVO)
⬜️ Outros

Vote neste link: pollie.app/nuks9

#SãoPaulo #Eleições2024",2024-09-17T22:26:17Z,2024-09-17T22:26:17Z,0,0,1,0,0,at://did:plc:tuj6ftlrhvk75sztq6rhnm6y/app.bsky.feed.post/3l4f2ct6z3f2s,at://did:plc:tuj6ftlrhvk75sztq6rhnm6y/app.bsky.feed.post/3l4f2ct6z3f2s,NA
at://did:plc:kny4xklx7bjsnntxrb7j6yqr/app.bsky.feed.post/3l4ex6fpgxw2m,votept13.bsky.social,VotePT13,"⭐️🚩 #Eleições2024
⭐️🚩 #TimeDeLulaEJerônimo
⭐️🚩 #Salvador

bsky.app/profile/vote...",2024-09-17T21:22:17Z,2024-09-17T21:22:17Z,0,0,1,0,0,at://did:plc:kny4xklx7bjsnntxrb7j6yqr/app.bsky.feed.post/3l4ewkze7l52r,at://did:plc:kny4xklx7bjsnntxrb7j6yqr/app.bsky.feed.post/3l4ewkze7l52r,at://did:plc:kny4xklx7bjsnntxrb7j6yqr/app.bsky.feed.post/3l3nq2dluc52k
at://did:plc:kny4xklx7bjsnntxrb7j6yqr/app.bsky.feed.post/3l4ex3wfxnz2w,votept13.bsky.social,VotePT13,"⭐️🚩 #Eleições2024
⭐️🚩 #TimeDeLulaEJerônimo
⭐️🚩 #Salvador

bsky.app/profile/vote...",2024-09-17T21:20:53Z,2024-09-17T21:20:53Z,0,0,1,0,0,at://did:plc:kny4xklx7bjsnntxrb7j6yqr/app.bsky.feed.post/3l4ewkze7l52r,at://did:plc:kny4xklx7bjsnntxrb7j6yqr/app.bsky.feed.post/3l4ewkze7l52r,at://did:plc:kny4xklx7bjsnntxrb7j6yqr/app.bsky.feed.post/3l3ma7tfn4h2a
at://did:plc:kny4xklx7bjsnntxrb7j6yqr/app.bsky.feed.post/3l4ewzbbk2n2w,votept13.bsky.social,VotePT13,"⭐️🚩 #Eleições2024
⭐️🚩 #TimeDeLulaEJerônimo
⭐️🚩 #Salvador

bsky.app/profile/vote...",2024-09-17T21:19:24Z,2024-09-17T21:19:24Z,0,0,1,0,0,at://did:plc:kny4xklx7bjsnntxrb7j6yqr/app.bsky.feed.post/3l4ewkze7l52r,at://did:plc:kny4xklx7bjsnntxrb7j6yqr/app.bsky.feed.post/3l4ewkze7l52r,at://did:plc:kny4xklx7bjsnntxrb7j6yqr/app.bsky.feed.post/3l3iwyh4kxm2q
at://did:plc:kny4xklx7bjsnntxrb7j6yqr/app.bsky.feed.post/3l4ewx6xlsr2k,votept13.bsky.social,VotePT13,"⭐️🚩 #Eleições2024
⭐️🚩 #TimeDeLulaEJerônimo
⭐️🚩 #Salvador

bsky.app/profile/vote...",2024-09-17T21:18:15Z,2024-09-17T21:18:15Z,0,0,1,0,0,at://did:plc:kny4xklx7bjsnntxrb7j6yqr/app.bsky.feed.post/3l4ewkze7l52r,at://did:plc:kny4xklx7bjsnntxrb7j6yqr/app.bsky.feed.post/3l4ewkze7l52r,at://did:plc:kny4xklx7bjsnntxrb7j6yqr/app.bsky.feed.post/3l3guiyytmo2w
at://did:plc:kny4xklx7bjsnntxrb7j6yqr/app.bsky.feed.post/3l4ewugbyza2x,votept13.bsky.social,VotePT13,"⭐️🚩 #Eleições2024
⭐️🚩 #TimeDeLulaEJerônimo
⭐️🚩 #Salvador

bsky.app/profile/vote...",2024-09-17T21:16:42Z,2024-09-17T21:16:42Z,0,0,1,0,0,at://did:plc:kny4xklx7bjsnntxrb7j6yqr/app.bsky.feed.post/3l4ewkze7l52r,at://did:plc:kny4xklx7bjsnntxrb7j6yqr/app.bsky.feed.post/3l4ewkze7l52r,at://did:plc:kny4xklx7bjsnntxrb7j6yqr/app.bsky.feed.post/3l3guacpmz72k
at://did:plc:kny4xklx7bjsnntxrb7j6yqr/app.bsky.feed.post/3l4ewryhkkn2r,votept13.bsky.social,VotePT13,"⭐️🚩 #Eleições2024
⭐️🚩 #TimeDeLulaEJerônimo
⭐️🚩 #Salvador

bsky.app/profile/vote...",2024-09-17T21:15:20Z,2024-09-17T21:15:20Z,0,0,1,0,0,at://did:plc:kny4xklx7bjsnntxrb7j6yqr/app.bsky.feed.post/3l4ewkze7l52r,at://did:plc:kny4xklx7bjsnntxrb7j6yqr/app.bsky.feed.post/3l4ewkze7l52r,at://did:plc:kny4xklx7bjsnntxrb7j6yqr/app.bsky.feed.post/3l3sorcqtce2o
at://did:plc:kny4xklx7bjsnntxrb7j6yqr/app.bsky.feed.post/3l4ewprabzv2r,votept13.bsky.social,VotePT13,"⭐️🚩 #Eleições2024
⭐️🚩 #TimeDeLulaEJerônimo
⭐️🚩 #Salvador

bsky.app/profile/vote...",2024-09-17T21:14:05Z,2024-09-17T21:14:05Z,0,0,1,0,0,at://did:plc:kny4xklx7bjsnntxrb7j6yqr/app.bsky.feed.post/3l4ewkze7l52r,at://did:plc:kny4xklx7bjsnntxrb7j6yqr/app.bsky.feed.post/3l4ewkze7l52r,at://did:plc:kny4xklx7bjsnntxrb7j6yqr/app.bsky.feed.post/3l3qrehpp2j2t
at://did:plc:4ccrr6waovbguyq3klkhehuh/app.bsky.feed.post/3l4ettgtv422v,bandnewsfmrio.bsky.social,BandNews FM - Rio de Janeiro,Acompanhe a sabatina na íntegra: youtube.com/live/yFLei-s... #Eleições2024 #Sabatina #BandNewsFM,2024-09-17T20:22:28Z,2024-09-17T20:22:28Z,0,0,0,0,0,at://did:plc:4ccrr6waovbguyq3klkhehuh/app.bsky.feed.post/3l4etsyikg724,at://did:plc:4ccrr6waovbguyq3klkhehuh/app.bsky.feed.post/3l4etsyikg724,NA
at://did:plc:4ccrr6waovbguyq3klkhehuh/app.bsky.feed.post/3l4erwjbamv2z,bandnewsfmrio.bsky.social,BandNews FM - Rio de Janeiro,Pantoja afirmou que é contra ao armamento dos agentes e que a proposta é que órgão atue de forma cidadã e não de uma maneira militarizada. Acompanhe a sabatina na íntegra: youtube.com/live/yFLei-s... #Eleições2024 #Sabatina #BandNewsFM,2024-09-17T19:48:00Z,2024-09-17T19:48:00Z,0,0,0,0,0,at://did:plc:4ccrr6waovbguyq3klkhehuh/app.bsky.feed.post/3l4erw5d5yu2t,at://did:plc:4ccrr6waovbguyq3klkhehuh/app.bsky.feed.post/3l4erw5d5yu2t,NA
at://did:plc:4ccrr6waovbguyq3klkhehuh/app.bsky.feed.post/3l4ertgyouw2z,bandnewsfmrio.bsky.social,BandNews FM - Rio de Janeiro,Acompanhe a sabatina na íntegra: youtube.com/live/yFLei-s... #Eleições2024 #Sabatina #BandNewsFM,2024-09-17T19:46:17Z,2024-09-17T19:46:17Z,2,0,0,0,0,at://did:plc:4ccrr6waovbguyq3klkhehuh/app.bsky.feed.post/3l4ersn7rav23,at://did:plc:4ccrr6waovbguyq3klkhehuh/app.bsky.feed.post/3l4ersn7rav23,NA
at://did:plc:4ccrr6waovbguyq3klkhehuh/app.bsky.feed.post/3l4erjl3jvk26,bandnewsfmrio.bsky.social,BandNews FM - Rio de Janeiro,Pantoja afirmou que é contra ao armamento dos agentes e que a proposta é que órgão atue de forma cidadã e não de uma maneira militarizada. Acompanhe a sabatina na íntegra: youtube.com/live/yFLei-s... #Eleições2024 #Sabatina #BandNewsFM,2024-09-17T19:40:46Z,2024-09-17T19:40:46Z,0,0,0,0,0,at://did:plc:4ccrr6waovbguyq3klkhehuh/app.bsky.feed.post/3l4erj5vbrc27,at://did:plc:4ccrr6waovbguyq3klkhehuh/app.bsky.feed.post/3l4erj5vbrc27,NA
at://did:plc:4ccrr6waovbguyq3klkhehuh/app.bsky.feed.post/3l4erbi4o2y2d,bandnewsfmrio.bsky.social,BandNews FM - Rio de Janeiro,"Em resposta, a candidata afirmou que para resolver o problema é necessário investimento mais adequado no local e um programa de políticas públicas de habitação mais adequadas. Acompanhe a sabatina na íntegra: youtube.com/live/yFLei-s... #Eleições2024 #Sabatina #BandNewsFM",2024-09-17T19:36:14Z,2024-09-17T19:36:14Z,0,0,0,0,0,at://did:plc:4ccrr6waovbguyq3klkhehuh/app.bsky.feed.post/3l4erax5aga2d,at://did:plc:4ccrr6waovbguyq3klkhehuh/app.bsky.feed.post/3l4erax5aga2d,NA
at://did:plc:4ccrr6waovbguyq3klkhehuh/app.bsky.feed.post/3l4eq35v3jn2t,bandnewsfmrio.bsky.social,BandNews FM - Rio de Janeiro,A candidata acrescentou que uma das principais medidas é acabar com as parcerias público-privadas na saúde e romper os contratos do município com as organizações sociais. Acompanhe a sabatina na íntegra: youtube.com/live/yFLei-s... #Eleições2024 #Sabatina #BandNewsFM,2024-09-17T19:14:49Z,2024-09-17T19:14:49Z,0,0,0,0,0,at://did:plc:4ccrr6waovbguyq3klkhehuh/app.bsky.feed.post/3l4eq2qgrgn2z,at://did:plc:4ccrr6waovbguyq3klkhehuh/app.bsky.feed.post/3l4eq2qgrgn2z,NA
at://did:plc:tkepxleykbak6gfewwsnm6lf/app.bsky.feed.post/3l4epuvypcf2j,pesquisasbr2.bsky.social,Pesquisas Brasil 🇧🇷,"Pesquisa: Eleição Municipal São Paulo 🇧🇷

🟩 Nunes (MDB)
🟨 Boulos (PSOL)
🟫 Marçal (PRTB)
🟦 Datena (PSDB)
🟥 Amaral (PSB)
🟧 Helena (NOVO)
⬜️ Outros

Vote neste link: pollie.app/nuks9

#SãoPaulo #Eleições2024",2024-09-17T19:10:41Z,2024-09-17T19:10:41Z,0,0,2,0,0,at://did:plc:a5o5pa6imrd52s627zq63zgz/app.bsky.feed.post/3l4epek5apu2n,at://did:plc:a5o5pa6imrd52s627zq63zgz/app.bsky.feed.post/3l4epek5apu2n,NA
at://did:plc:tkepxleykbak6gfewwsnm6lf/app.bsky.feed.post/3l4emfelwv62g,pesquisasbr2.bsky.social,Pesquisas Brasil 🇧🇷,"Pesquisa: Eleição Municipal São Paulo 🇧🇷

🟩 Nunes (MDB)
🟨 Boulos (PSOL)
🟫 Marçal (PRTB)
🟦 Datena (PSDB)
🟥 Amaral (PSB)
🟧 Helena (NOVO)
⬜️ Outros

Vote neste link: pollie.app/nuks9

#SãoPaulo #Eleições2024",2024-09-17T18:08:18Z,2024-09-17T18:08:18Z,0,0,1,0,0,at://did:plc:tuj6ftlrhvk75sztq6rhnm6y/app.bsky.feed.post/3l4eirlqmn32h,at://did:plc:tuj6ftlrhvk75sztq6rhnm6y/app.bsky.feed.post/3l4eirlqmn32h,NA
at://did:plc:iouuenazhkcwdj2ojxvnypud/app.bsky.feed.post/3l4eff3rtgc2v,lucianoamorim.bsky.social,Luciano Amorim,"Uma coisa é certa: 
ELEIÇÃO É COISA (MUITO MAIS QUE) SÉRIA! 
Apenas isso. 
#Eleicoes2024",2024-09-17T16:03:53Z,2024-09-17T16:03:53Z,0,0,0,0,0,at://did:plc:iouuenazhkcwdj2ojxvnypud/app.bsky.feed.post/3l4efdau6dk2a,at://did:plc:iouuenazhkcwdj2ojxvnypud/app.bsky.feed.post/3l4efdau6dk2a,NA
at://did:plc:tkyj6bmmxzsfw23yxedjcghu/app.bsky.feed.post/3l4eeit4tuf2m,delcueto.bsky.social,Valéria del Cueto,"A estrela do debate da RedeTV/UOL foi a mediadora Amanda Klein que conseguiu resgatar a condução dos trabalhos após a descambada do primeiro bloco.  
Parabéns à jornalista. 
#eleições2024",2024-09-17T15:48:05Z,2024-09-17T15:48:05Z,0,0,0,0,0,at://did:plc:tkyj6bmmxzsfw23yxedjcghu/app.bsky.feed.post/3l4eebtdzdw2i,at://did:plc:tkyj6bmmxzsfw23yxedjcghu/app.bsky.feed.post/3l4ebzx3plz2v,NA
at://did:plc:hbx5vh5eakcy6l6yffdwon3s/app.bsky.feed.post/3l4e7zitmsl2h,gabrielmarquespcb.bsky.social,Gabriel Marques PCB,"Obrigado pela confiança e pelo apoio. Lutaremos juntos(as) pela melhoria das condições de vida da população trabalhadora carioca.  

#PoderPopular #PCB102anos #GabrielMarques21333 #GabrielMarquesPCB #GabrielMarquesEstáComVocês #TarcísioMotta50 #TarcísioERenata50 #Partidão #Eleições2024",2024-09-17T14:27:57Z,2024-09-17T14:27:57Z,0,0,0,0,0,at://did:plc:hbx5vh5eakcy6l6yffdwon3s/app.bsky.feed.post/3l4e7vhn5f32w,at://did:plc:hbx5vh5eakcy6l6yffdwon3s/app.bsky.feed.post/3l4e7vhn5f32w,NA
at://did:plc:tkyj6bmmxzsfw23yxedjcghu/app.bsky.feed.post/3l4e4wjqj4l22,delcueto.bsky.social,Valéria del Cueto,"O candidato que se recusou a beber a água da emissora está precisando de água de melissa. Nervoso, já interferiu na participação do jornalista e  não cumprimentou os adversários. Coisa feia.
#eleições2024",2024-09-17T13:32:35Z,2024-09-17T13:32:35Z,1,0,0,0,0,at://did:plc:tkyj6bmmxzsfw23yxedjcghu/app.bsky.feed.post/3l4e3zdsbir2e,at://did:plc:tkyj6bmmxzsfw23yxedjcghu/app.bsky.feed.post/3l4e3zdsbir2e,NA
at://did:plc:moxr5wj3u5rwf25vgcemftvp/app.bsky.feed.post/3l4e223jijv2x,mbf.net.br,Mateus BF,"[ #clima de #eleições2024 ]

🗳️Tá chegando o dia 06/10!
Se vc ainda não sabe o q fazer pra ELEGER as pautas climáticas...

Além de verificar as dicas👆 no🧶 e o site votepeloclima.org

Q tal entender o q prefeito e vereadores da sua cidade podem E DEVEM fazer pelo clima? 

@infoamazonia.org explica👇",2024-09-17T12:40:54Z,2024-09-17T12:40:54Z,0,0,2,0,0,at://did:plc:moxr5wj3u5rwf25vgcemftvp/app.bsky.feed.post/3l3h2ipdyrq27,at://did:plc:moxr5wj3u5rwf25vgcemftvp/app.bsky.feed.post/3l34zmwwsy52c,NA
at://did:plc:tkepxleykbak6gfewwsnm6lf/app.bsky.feed.post/3l4damgp46v2s,pesquisasbr2.bsky.social,Pesquisas Brasil 🇧🇷,"Pesquisa: Eleição Municipal São Paulo 🇧🇷

🟩 Nunes (MDB)
🟨 Boulos (PSOL)
🟫 Marçal (PRTB)
🟦 Datena (PSDB)
🟥 Amaral (PSB)
🟧 Helena (NOVO)
⬜️ Outros

Vote neste link: pollie.app/nuks9

#SãoPaulo #Eleições2024",2024-09-17T05:04:50Z,2024-09-17T05:04:50Z,0,0,1,0,0,at://did:plc:tuj6ftlrhvk75sztq6rhnm6y/app.bsky.feed.post/3l4cxhaoopc2n,at://did:plc:tuj6ftlrhvk75sztq6rhnm6y/app.bsky.feed.post/3l4cxhaoopc2n,NA
at://did:plc:tkepxleykbak6gfewwsnm6lf/app.bsky.feed.post/3l4dam3g7wj2j,pesquisasbr2.bsky.social,Pesquisas Brasil 🇧🇷,"Pesquisa: Eleição Municipal São Paulo 🇧🇷

🟩 Nunes (MDB)
🟨 Boulos (PSOL)
🟫 Marçal (PRTB)
🟦 Datena (PSDB)
🟥 Amaral (PSB)
🟧 Helena (NOVO)
⬜️ Outros

Vote neste link: pollie.app/nuks9

#SãoPaulo #Eleições2024",2024-09-17T05:04:38Z,2024-09-17T05:04:38Z,0,0,1,0,0,at://did:plc:tuj6ftlrhvk75sztq6rhnm6y/app.bsky.feed.post/3l4cwzll7bv2j,at://did:plc:tuj6ftlrhvk75sztq6rhnm6y/app.bsky.feed.post/3l4cwzll7bv2j,NA
at://did:plc:tkepxleykbak6gfewwsnm6lf/app.bsky.feed.post/3l4dalkwttt2j,pesquisasbr2.bsky.social,Pesquisas Brasil 🇧🇷,"Pesquisa: Eleição Municipal São Paulo 🇧🇷

🟩 Nunes (MDB)
🟨 Boulos (PSOL)
🟫 Marçal (PRTB)
🟦 Datena (PSDB)
🟥 Amaral (PSB)
🟧 Helena (NOVO)
⬜️ Outros

Vote neste link: pollie.app/nuks9

#SãoPaulo #Eleições2024",2024-09-17T05:04:21Z,2024-09-17T05:04:21Z,0,0,1,0,0,at://did:plc:tuj6ftlrhvk75sztq6rhnm6y/app.bsky.feed.post/3l4cwr7v7qe2z,at://did:plc:tuj6ftlrhvk75sztq6rhnm6y/app.bsky.feed.post/3l4cwr7v7qe2z,NA
at://did:plc:tkepxleykbak6gfewwsnm6lf/app.bsky.feed.post/3l4dakwbrr42e,pesquisasbr2.bsky.social,Pesquisas Brasil 🇧🇷,"Pesquisa: Eleição Municipal São Paulo 🇧🇷

🟩 Nunes (MDB)
🟨 Boulos (PSOL)
🟫 Marçal (PRTB)
🟦 Datena (PSDB)
🟥 Amaral (PSB)
🟧 Helena (NOVO)
⬜️ Outros

Vote neste link: pollie.app/nuks9

#SãoPaulo #Eleições2024",2024-09-17T05:03:59Z,2024-09-17T05:03:59Z,0,0,1,0,0,at://did:plc:tuj6ftlrhvk75sztq6rhnm6y/app.bsky.feed.post/3l4cwjxj3gn2s,at://did:plc:tuj6ftlrhvk75sztq6rhnm6y/app.bsky.feed.post/3l4cwjxj3gn2s,NA
at://did:plc:tkepxleykbak6gfewwsnm6lf/app.bsky.feed.post/3l4dak4g3gb2n,pesquisasbr2.bsky.social,Pesquisas Brasil 🇧🇷,"Pesquisa: Eleição Municipal São Paulo 🇧🇷

🟩 Nunes (MDB)
🟨 Boulos (PSOL)
🟫 Marçal (PRTB)
🟦 Datena (PSDB)
🟥 Amaral (PSB)
🟧 Helena (NOVO)
⬜️ Outros

Vote neste link: pollie.app/nuks9

#SãoPaulo #Eleições2024",2024-09-17T05:03:32Z,2024-09-17T05:03:32Z,0,0,1,0,0,at://did:plc:tuj6ftlrhvk75sztq6rhnm6y/app.bsky.feed.post/3l4cwae66yg2h,at://did:plc:tuj6ftlrhvk75sztq6rhnm6y/app.bsky.feed.post/3l4cwae66yg2h,NA
at://did:plc:tkepxleykbak6gfewwsnm6lf/app.bsky.feed.post/3l4dajnovhg2t,pesquisasbr2.bsky.social,Pesquisas Brasil 🇧🇷,"Pesquisa: Eleição Municipal São Paulo 🇧🇷

🟩 Nunes (MDB)
🟨 Boulos (PSOL)
🟫 Marçal (PRTB)
🟦 Datena (PSDB)
🟥 Amaral (PSB)
🟧 Helena (NOVO)
⬜️ Outros

Vote neste link: pollie.app/nuks9

#SãoPaulo #Eleições2024",2024-09-17T05:03:17Z,2024-09-17T05:03:17Z,0,0,1,0,0,at://did:plc:tuj6ftlrhvk75sztq6rhnm6y/app.bsky.feed.post/3l4cw25acvs2v,at://did:plc:tuj6ftlrhvk75sztq6rhnm6y/app.bsky.feed.post/3l4cw25acvs2v,NA
at://did:plc:tkepxleykbak6gfewwsnm6lf/app.bsky.feed.post/3l4daitjsaz2g,pesquisasbr2.bsky.social,Pesquisas Brasil 🇧🇷,"Pesquisa: Eleição Municipal São Paulo 🇧🇷

🟩 Nunes (MDB)
🟨 Boulos (PSOL)
🟫 Marçal (PRTB)
🟦 Datena (PSDB)
🟥 Amaral (PSB)
🟧 Helena (NOVO)
⬜️ Outros

Vote neste link: pollie.app/nuks9

#SãoPaulo #Eleições2024",2024-09-17T05:02:49Z,2024-09-17T05:02:49Z,0,0,1,0,0,at://did:plc:tuj6ftlrhvk75sztq6rhnm6y/app.bsky.feed.post/3l4cvumqjv62u,at://did:plc:tuj6ftlrhvk75sztq6rhnm6y/app.bsky.feed.post/3l4cvumqjv62u,NA
at://did:plc:6yixbkhizd4h7byzv7vizdcd/app.bsky.feed.post/3l4d4ukgp3h2x,acervo-multi.bsky.social,Acervo Multimídia,"Mas, eu NUNCA vou esquecer a postura do Datena durante a pandemia, quem o Datena apoiou, da minha parte, SEM CHANCE de ""estamos com o Datena"" ....

#Eleições2024

noticiasdatv.uol.com.br/noticia/tele...",2024-09-17T04:01:56Z,2024-09-17T03:58:51Z,1,0,1,0,0,at://did:plc:cpafsfq3bwvpmob73bn74yur/app.bsky.feed.post/3l4d2t6c55l2x,at://did:plc:cpafsfq3bwvpmob73bn74yur/app.bsky.feed.post/3l4d2t6c55l2x,NA
at://did:plc:6yixbkhizd4h7byzv7vizdcd/app.bsky.feed.post/3l4cuksy42i27,acervo-multi.bsky.social,Acervo Multimídia,"PENA o povo brasileiro não se cansar desses políticos EGOCÊNTRICOS, INSUPORTÁVEIS, MARRENTOS, BRIGUENTOS (TUDO É P#RR@D@), encaramos uma pandemia q não tá 100% resolvida, estamos CHEIOS DE PROBLEMAS, esses FDP's tinham q PERDER #Eleições2024, já q ficarão IMPUNES.

O 🚮🇧🇷 BRASIL 🇧🇷🚮 É UM LIXO🗑🗑🗑🗑🗑!!!!",2024-09-17T01:33:19Z,2024-09-17T01:30:14Z,0,0,0,0,0,at://did:plc:ss7zmsfvuw5wwxefvz5flgbb/app.bsky.feed.post/3l4befhysd62e,at://did:plc:ss7zmsfvuw5wwxefvz5flgbb/app.bsky.feed.post/3l4befhysd62e,NA
at://did:plc:6yixbkhizd4h7byzv7vizdcd/app.bsky.feed.post/3l4ctwyib5n2x,acervo-multi.bsky.social,Acervo Multimídia,"PENA o povo brasileiro não se cansar desses políticos EGOCÊNTRICOS, INSUPORTÁVEIS, MARRENTOS, BRIGUENTOS (TUDO É P#RR@D@), encaramos uma pandemia q não tá 100% resolvida, estamos CHEIOS DE PROBLEMAS, esses FDP's tinham q PERDER #Eleições2024, já q ficarão IMPUNES.

O 🚮🇧🇷 BRASIL 🇧🇷🚮 É UM LIXO🗑🗑🗑🗑🗑!!!!",2024-09-17T01:22:13Z,2024-09-17T01:19:08Z,0,0,0,0,0,at://did:plc:ssvr5qfezxu2qbxspqkfy22i/app.bsky.feed.post/3l4chcbmall2u,at://did:plc:ssvr5qfezxu2qbxspqkfy22i/app.bsky.feed.post/3l4chcbmall2u,NA
at://did:plc:b6xtxubgh56ze6bur4n57nw4/app.bsky.feed.post/3l4cp6adbzw2v,jumacosta.bsky.social,Juma Costa,"#deolhonosruralistas
#eleicoes2024
#queimadas
#emergenciasclimaticas
#saudepublica
#SaoPaulo
#brasilia
#amazonia
#povosoriginarios
#povosdafloresta",2024-09-16T23:53:22Z,2024-09-16T23:53:22Z,1,0,0,0,0,at://did:plc:b6xtxubgh56ze6bur4n57nw4/app.bsky.feed.post/3l4cori4ktp2v,at://did:plc:b6xtxubgh56ze6bur4n57nw4/app.bsky.feed.post/3l4cori4ktp2v,NA
at://did:plc:25vahvfq4fk5y4f6b7nf6ruv/app.bsky.feed.post/3l4cn7hh3xa2i,brasilfato.bsky.social,Brasil de Fato,Acompanhe as #eleições2024 no #BrasildeFato 📲 bdf.onl/b/CfSV,2024-09-16T23:18:35Z,2024-09-16T23:18:35Z,0,0,4,0,0,at://did:plc:25vahvfq4fk5y4f6b7nf6ruv/app.bsky.feed.post/3l4cn7bbdwf2w,at://did:plc:25vahvfq4fk5y4f6b7nf6ruv/app.bsky.feed.post/3l4cn4w33oo2l,NA
at://did:plc:tkepxleykbak6gfewwsnm6lf/app.bsky.feed.post/3l4cbbeb25z2d,pesquisasbr2.bsky.social,Pesquisas Brasil 🇧🇷,"Pesquisa: Eleição Municipal São Paulo 🇧🇷

🟩 Nunes (MDB)
🟨 Boulos (PSOL)
🟫 Marçal (PRTB)
🟦 Datena (PSDB)
🟥 Amaral (PSB)
🟧 Helena (NOVO)
⬜️ Outros

Vote neste link: pollie.app/nuks9

#SãoPaulo #Eleições2024",2024-09-16T19:43:52Z,2024-09-16T19:43:52Z,0,0,1,0,0,at://did:plc:tuj6ftlrhvk75sztq6rhnm6y/app.bsky.feed.post/3l4ca3rijei23,at://did:plc:tuj6ftlrhvk75sztq6rhnm6y/app.bsky.feed.post/3l4ca3rijei23,NA
at://did:plc:oiytk54p7dapignhy5uopr5b/app.bsky.feed.post/3l4comslj5o2m,edcruz.bsky.social,Edcruz,"Rapaz! Após cadeirada do Datena no ladrão de bancos, Guilherme Boulos, Tabata Amaral e Ricardo Nunes mandaram mensagens de solidariedade para a …….. CADEIRA.

Certíssimo!🤣

#eleicoes2024 #brasil",2024-09-16T19:43:50Z,2024-09-16T19:43:50Z,0,0,4,0,0,at://did:plc:ut56ijevus2ct7iajvoqytha/app.bsky.feed.post/3l4cohf7xtb2x,at://did:plc:ut56ijevus2ct7iajvoqytha/app.bsky.feed.post/3l4cohf7xtb2x,NA
at://did:plc:tkepxleykbak6gfewwsnm6lf/app.bsky.feed.post/3l4cbauzyuu2g,pesquisasbr2.bsky.social,Pesquisas Brasil 🇧🇷,"Pesquisa: Eleição Municipal São Paulo 🇧🇷

🟩 Nunes (MDB)
🟨 Boulos (PSOL)
🟫 Marçal (PRTB)
🟦 Datena (PSDB)
🟥 Amaral (PSB)
🟧 Helena (NOVO)
⬜️ Outros

Vote neste link: pollie.app/nuks9

#SãoPaulo #Eleições2024",2024-09-16T19:43:36Z,2024-09-16T19:43:36Z,0,0,1,0,0,at://did:plc:tuj6ftlrhvk75sztq6rhnm6y/app.bsky.feed.post/3l4c7m7r4ft2t,at://did:plc:tuj6ftlrhvk75sztq6rhnm6y/app.bsky.feed.post/3l4c7m7r4ft2t,NA
at://did:plc:tkepxleykbak6gfewwsnm6lf/app.bsky.feed.post/3l4cbag2v5b2d,pesquisasbr2.bsky.social,Pesquisas Brasil 🇧🇷,"Pesquisa: Eleição Municipal São Paulo 🇧🇷

🟩 Nunes (MDB)
🟨 Boulos (PSOL)
🟫 Marçal (PRTB)
🟦 Datena (PSDB)
🟥 Amaral (PSB)
🟧 Helena (NOVO)
⬜️ Outros

Vote neste link: pollie.app/nuks9

#SãoPaulo #Eleições2024",2024-09-16T19:43:21Z,2024-09-16T19:43:21Z,1,0,1,0,0,at://did:plc:tuj6ftlrhvk75sztq6rhnm6y/app.bsky.feed.post/3l4c7f5hpbk2x,at://did:plc:tuj6ftlrhvk75sztq6rhnm6y/app.bsky.feed.post/3l4c7f5hpbk2x,NA
at://did:plc:tkepxleykbak6gfewwsnm6lf/app.bsky.feed.post/3l4c7g2pfqo2j,pesquisasbr2.bsky.social,Pesquisas Brasil 🇧🇷,"Pesquisa: Eleição Municipal São Paulo 🇧🇷

🟩 Nunes (MDB)
🟨 Boulos (PSOL)
🟫 Marçal (PRTB)
🟦 Datena (PSDB)
🟥 Amaral (PSB)
🟧 Helena (NOVO)
⬜️ Outros

Vote neste link: pollie.app/nuks9

#SãoPaulo #Eleições2024",2024-09-16T19:10:43Z,2024-09-16T19:10:43Z,0,0,0,0,0,at://did:plc:tuj6ftlrhvk75sztq6rhnm6y/app.bsky.feed.post/3l4c6uvy4hc27,at://did:plc:tuj6ftlrhvk75sztq6rhnm6y/app.bsky.feed.post/3l4c6uvy4hc27,NA
at://did:plc:tkepxleykbak6gfewwsnm6lf/app.bsky.feed.post/3l4c7fmsnmm2g,pesquisasbr2.bsky.social,Pesquisas Brasil 🇧🇷,"Pesquisa: Eleição Municipal São Paulo 🇧🇷

🟩 Nunes (MDB)
🟨 Boulos (PSOL)
🟫 Marçal (PRTB)
🟦 Datena (PSDB)
🟥 Amaral (PSB)
🟧 Helena (NOVO)
⬜️ Outros

Vote neste link: pollie.app/nuks9

#SãoPaulo #Eleições2024",2024-09-16T19:10:28Z,2024-09-16T19:10:28Z,0,0,0,0,0,at://did:plc:tuj6ftlrhvk75sztq6rhnm6y/app.bsky.feed.post/3l4c6kbpzr32b,at://did:plc:tuj6ftlrhvk75sztq6rhnm6y/app.bsky.feed.post/3l4c6kbpzr32b,NA
at://did:plc:gypy72mtxjne37ry762ba6gz/app.bsky.feed.post/3l4c3rrqbcd2x,sallusantos.bsky.social,Sallu santos,"Agora o político que promete e entrega mais do que prometeu, tá errado. #eleiçoes2024",2024-09-16T18:06:42Z,2024-09-16T18:06:42Z,0,0,0,0,0,at://did:plc:gq6qqftzxve3tveptjapt2yr/app.bsky.feed.post/3l4btqndks72p,at://did:plc:gq6qqftzxve3tveptjapt2yr/app.bsky.feed.post/3l4btqndks72p,NA
at://did:plc:lwmlcxhouqyexc2v5ez7pwh7/app.bsky.feed.post/3l4bzrll6to2i,geraldopost.bsky.social,Geraldo Jr,"Nova pesquisa institutos Datafolha e Quaest 

Nunes 24%
Boçal 23
Boulos 21%
Datena 8%
Tabata 8%

#eleições2024  #eleições #eleiçõessp",2024-09-16T17:30:49Z,2024-09-16T17:30:49Z,0,0,0,0,0,at://did:plc:lwmlcxhouqyexc2v5ez7pwh7/app.bsky.feed.post/3l4bzlvznc32d,at://did:plc:lwmlcxhouqyexc2v5ez7pwh7/app.bsky.feed.post/3l4bzdmiqrm2w,NA
at://did:plc:lwmlcxhouqyexc2v5ez7pwh7/app.bsky.feed.post/3l4bzlvznc32d,geraldopost.bsky.social,Geraldo Jr,O boçal brigando com Datena que está em quarto lugar? Não acham que tem algo estranho aí? #eleições2024 #eleiçõesSP #eleições,2024-09-16T17:27:39Z,2024-09-16T17:27:39Z,1,0,0,0,0,at://did:plc:lwmlcxhouqyexc2v5ez7pwh7/app.bsky.feed.post/3l4bzdmiqrm2w,at://did:plc:lwmlcxhouqyexc2v5ez7pwh7/app.bsky.feed.post/3l4bzdmiqrm2w,NA
at://did:plc:25vahvfq4fk5y4f6b7nf6ruv/app.bsky.feed.post/3l4bzfmeotc2t,brasilfato.bsky.social,Brasil de Fato,Acompanhe as #eleições2024 no #BrasildeFato 📲 bdf.onl/f/iTHv,2024-09-16T17:24:10Z,2024-09-16T17:24:09Z,0,0,9,0,0,at://did:plc:25vahvfq4fk5y4f6b7nf6ruv/app.bsky.feed.post/3l4bzewum5q2j,at://did:plc:25vahvfq4fk5y4f6b7nf6ruv/app.bsky.feed.post/3l4byzc3a5g26,NA
at://did:plc:66d4myypwtzbuvibzvhskqcj/app.bsky.feed.post/3l4bsrg3d6a27,beto1berto.bsky.social,Beto,"Não defendo violência gratuita, mas contra o fascismo não há diálogo e o Datena mostrou isso. Lembrem-se das eleições aqui e de Trump nos EUA, e agora surge o LaMarçal em SP.
#Democracia #Eleições2024 #TchuTchucaDoPCC #LaMarçal #MarçalMentiroso #MarçalMimizento #Mimizento #Flopou #Cadeira #Cadeirada",2024-09-16T15:25:23Z,2024-09-16T15:25:23Z,1,0,1,0,0,at://did:plc:h2tsorgucthlixkpiolp73qp/app.bsky.feed.post/3l4bmf7qlmp2f,at://did:plc:h2tsorgucthlixkpiolp73qp/app.bsky.feed.post/3l4bmf7qlmp2f,NA
at://did:plc:66d4myypwtzbuvibzvhskqcj/app.bsky.feed.post/3l4bsqf62ox2h,beto1berto.bsky.social,Beto,"Não defendo violência gratuita, mas contra o fascismo não há diálogo e o Datena mostrou isso. Lembrem-se das eleições aqui e de Trump nos EUA, e agora surge o LaMarçal em SP.
#Democracia #Eleições2024 #TchuTchucaDoPCC #LaMarçal #MarçalMentiroso #MarçalMimizento #Mimizento #Flopou #Cadeira #Cadeirada",2024-09-16T15:24:49Z,2024-09-16T15:24:49Z,0,0,2,0,0,at://did:plc:bvxzvzsqc6724mqq7kisfsts/app.bsky.feed.post/3l4bob5pjni26,at://did:plc:bvxzvzsqc6724mqq7kisfsts/app.bsky.feed.post/3l4bob5pjni26,NA
at://did:plc:66d4myypwtzbuvibzvhskqcj/app.bsky.feed.post/3l4bspivtxj26,beto1berto.bsky.social,Beto,"Não defendo violência gratuita, mas contra o fascismo não há diálogo e o Datena mostrou isso. Lembrem-se das eleições aqui e de Trump nos EUA, e agora surge o LaMarçal em SP.
#Democracia #Eleições2024 #TchuTchucaDoPCC #LaMarçal #MarçalMentiroso #MarçalMimizento #Mimizento #Flopou #Cadeira #Cadeirada",2024-09-16T15:24:19Z,2024-09-16T15:24:19Z,0,0,1,0,0,at://did:plc:77y7ubrpv4u5mfcdw2jt6iej/app.bsky.feed.post/3l4bjhvmj2t2u,at://did:plc:77y7ubrpv4u5mfcdw2jt6iej/app.bsky.feed.post/3l4bjhvmj2t2u,NA
at://did:plc:66d4myypwtzbuvibzvhskqcj/app.bsky.feed.post/3l4bsox2asa2e,beto1berto.bsky.social,Beto,"Não defendo violência gratuita, mas contra o fascismo não há diálogo e o Datena mostrou isso. Lembrem-se das eleições aqui e de Trump nos EUA, e agora surge o LaMarçal em SP.
#Democracia #Eleições2024 #TchuTchucaDoPCC #LaMarçal #MarçalMentiroso #MarçalMimizento #Mimizento #Flopou #Cadeira #Cadeirada",2024-09-16T15:24:00Z,2024-09-16T15:24:00Z,1,0,2,0,0,at://did:plc:5kftanmfdc6hrpkittln7wlu/app.bsky.feed.post/3l4bsmoqpi62t,at://did:plc:5kftanmfdc6hrpkittln7wlu/app.bsky.feed.post/3l4bsmoqpi62t,NA
at://did:plc:hbx5vh5eakcy6l6yffdwon3s/app.bsky.feed.post/3l4bmqv6eaq2y,gabrielmarquespcb.bsky.social,Gabriel Marques PCB,"mais locais e dias de panfletagens! 

#Madureira #ZonaNorte 
#GabrielMarques21333 #DéboraBuonocore21212  #GabrielMarquesEstáComVocês #PoderPopular #PCB102anos #ORioMereceMais #TarcísioMotta50 #TarcísioERenata50 #Eleições2024",2024-09-16T13:37:49Z,2024-09-16T13:37:47Z,0,0,0,0,0,at://did:plc:hbx5vh5eakcy6l6yffdwon3s/app.bsky.feed.post/3l4bmpsggq52i,at://did:plc:hbx5vh5eakcy6l6yffdwon3s/app.bsky.feed.post/3l4bmpsggq52i,NA
at://did:plc:oiytk54p7dapignhy5uopr5b/app.bsky.feed.post/3l4bwrgejvm2y,edcruz.bsky.social,Edcruz,"Aqui se faz, aqui se paga: 
Sujeito dá golpe em banco e recebe golpe com banco!
Sorte que foi uma cadeira,se fosse um banco lamaçal roubava 🤣🤣🤣

#memedodia #Eleições2024 #brasil",2024-09-16T12:36:55Z,2024-09-16T12:36:55Z,10,107,1485,3,0,at://did:plc:sakbixt6zv7eylziieml23pr/app.bsky.feed.post/3l4bt6ygeht24,at://did:plc:sakbixt6zv7eylziieml23pr/app.bsky.feed.post/3l4bt6ygeht24,NA
at://did:plc:o7sjfokj4e4td6ved6zh4bkv/app.bsky.feed.post/3l4bjazl2s423,reidaf1eotilapia.bsky.social,Lelex,"7/7 Dado seu passado e as recentes controvérsias, é crucial que ele seja avaliado cuidadosamente pelos eleitores antes de qualquer decisão nas urnas. #Eleições2024 #SãoPaulo #Política",2024-09-16T12:35:14Z,2024-09-16T12:35:14Z,0,0,0,0,0,at://did:plc:o7sjfokj4e4td6ved6zh4bkv/app.bsky.feed.post/3l4bjalcheo2r,at://did:plc:o7sjfokj4e4td6ved6zh4bkv/app.bsky.feed.post/3l4biuhnoby2m,NA
at://did:plc:66d4myypwtzbuvibzvhskqcj/app.bsky.feed.post/3l4bivm65vq2x,beto1berto.bsky.social,Beto,"Com toda a vênia, já vi pessoas levarem paulada, q nada sofreram. Mimimi p/ o marketing de sua ação contra o Datena e p/ se vitimizar perante o público. Não defendo violência gratuita, mas contra o fascismo não há diálogo e o Datena mostrou isso.
#Democracia #Eleições2024 #LaMarçal #TchuTchucaDoPCC",2024-09-16T12:28:46Z,2024-09-16T12:28:46Z,0,0,2,0,0,at://did:plc:w6ac63ezw6cly47lblsb5jif/app.bsky.feed.post/3l4albhbr462n,at://did:plc:w6ac63ezw6cly47lblsb5jif/app.bsky.feed.post/3l4albhbr462n,NA
at://did:plc:66d4myypwtzbuvibzvhskqcj/app.bsky.feed.post/3l4bivdjv3i2x,beto1berto.bsky.social,Beto,"Com toda a vênia, já vi pessoas levarem paulada, q nada sofreram. Mimimi p/ o marketing de sua ação contra o Datena e p/ se vitimizar perante o público. Não defendo violência gratuita, mas contra o fascismo não há diálogo e o Datena mostrou isso.
#Democracia #Eleições2024 #LaMarçal #TchuTchucaDoPCC",2024-09-16T12:28:37Z,2024-09-16T12:28:37Z,0,0,1,0,0,at://did:plc:6u36j63vlaxr56mpctcbpwmk/app.bsky.feed.post/3l4biuhsamz2r,at://did:plc:is4ft3yhz55ilkrs56q4nwdp/app.bsky.feed.post/3l4bil36m642j,NA
at://did:plc:66d4myypwtzbuvibzvhskqcj/app.bsky.feed.post/3l4biv26wa726,beto1berto.bsky.social,Beto,"Com toda a vênia, já vi pessoas levarem paulada, q nada sofreram. Mimimi p/ o marketing de sua ação contra o Datena e p/ se vitimizar perante o público. Não defendo violência gratuita, mas contra o fascismo não há diálogo e o Datena mostrou isso.
#Democracia #Eleições2024 #LaMarçal #TchuTchucaDoPCC",2024-09-16T12:28:27Z,2024-09-16T12:28:27Z,0,0,2,0,0,at://did:plc:pxbptk7tzl3szbgaxxg36rru/app.bsky.feed.post/3l4ajbz3exp2d,at://did:plc:pxbptk7tzl3szbgaxxg36rru/app.bsky.feed.post/3l4ajbz3exp2d,NA
at://did:plc:66d4myypwtzbuvibzvhskqcj/app.bsky.feed.post/3l4biuarx6y27,beto1berto.bsky.social,Beto,"Com toda a vênia, já vi pessoas levarem paulada, q nada sofreram. Mimimi p/ o marketing de sua ação contra o Datena e p/ se vitimizar perante o público. Não defendo violência gratuita, mas contra o fascismo não há diálogo e o Datena mostrou isso.
#Democracia #Eleições2024 #LaMarçal #TchuTchucaDoPCC",2024-09-16T12:28:00Z,2024-09-16T12:28:00Z,0,0,2,0,0,at://did:plc:dk644jtqur3mvxphdwuawi25/app.bsky.feed.post/3l4agkp76be2p,at://did:plc:dk644jtqur3mvxphdwuawi25/app.bsky.feed.post/3l4agkp76be2p,NA
at://did:plc:nhpqbusdj3634vutkdsfgaxp/app.bsky.feed.post/3l4bfxr6bnp2r,camilavaladaopsol.bsky.social,Camila Valadão,"👉🏾 Quer saber mais sobre nosso plano de governo? Siga o nosso novo perfil @prefeitacamila50 no Instagram e fique por dentro de todo programa de governo!

#CamilaValadãoPrefeita #Eleições2024 #OrçamentoParticipativo #Vote50",2024-09-16T11:36:21Z,2024-09-16T11:36:21Z,0,0,1,0,0,at://did:plc:nhpqbusdj3634vutkdsfgaxp/app.bsky.feed.post/3l4bfvfqsz52m,at://did:plc:nhpqbusdj3634vutkdsfgaxp/app.bsky.feed.post/3l4bfvfqsz52m,NA
at://did:plc:jbsmrbhqbmh342tcldnbqkkh/app.bsky.feed.post/3l4bfjeqd2x25,tarcisosouza.bsky.social,Tarciso Souza,#notasdedomingo #politica #eleições2024 #eleições #blumenau,2024-09-16T11:28:19Z,2024-09-16T11:28:19Z,0,0,0,0,0,at://did:plc:jbsmrbhqbmh342tcldnbqkkh/app.bsky.feed.post/3l4bfj2r7z42y,at://did:plc:jbsmrbhqbmh342tcldnbqkkh/app.bsky.feed.post/3l4bfhfit3d26,NA
at://did:plc:kywhfsbqnonjzyuacrjjgpz2/app.bsky.feed.post/3l4am3emauq2l,ujc-br.bsky.social,União da Juventude Comunista (UJC),"Nas eleições municipais, vote 21! ✌️☝️🚩

🗣️ Pelo Poder Popular rumo ao socialismo! ✊🏾

🌐 Conheça a Plataforma Comunista e os 21 pontos pelo Poder Popular em pcb.org.br

#Eleições #Eleições2024 #PCB #UJC #PartidoComunistaBrasileiro #UniãodaJuventudeComunista",2024-09-16T03:53:06Z,2024-09-16T03:53:06Z,0,0,5,0,0,at://did:plc:kywhfsbqnonjzyuacrjjgpz2/app.bsky.feed.post/3l4alzpakes2a,at://did:plc:kywhfsbqnonjzyuacrjjgpz2/app.bsky.feed.post/3l4akzeh5m42l,NA
at://did:plc:vj3yo5xmkmg65gvpb764lj5h/app.bsky.feed.post/3l4alepl7xs2i,excentricko.bsky.social,Luiz Ricardo,"A CADEIRADA DO DATENA
SE ESTIVESSE NA FAZENDA!

#Eleições2024 #DebateNaCultura",2024-09-16T03:40:25Z,2024-09-16T03:40:25Z,1,1,1,0,0,at://did:plc:6lsyq25ms6iffclh6m2zjgwe/app.bsky.feed.post/3l4al6gvb652g,at://did:plc:6lsyq25ms6iffclh6m2zjgwe/app.bsky.feed.post/3l4ak2ny2ds2u,NA
at://did:plc:tzbh22tdlmrfdmsd4ochfdex/app.bsky.feed.post/3l47xov6nf32c,veronicatendai.bsky.social,Aqualtune,"⭐️🚩 #Eleições2024
⭐️🚩 #TimeDeLulaEJerônimo
⭐️🚩 #Salvador

Tiago Ferreira PT 13400

www.instagram.com/tiagoferreir...",2024-09-15T21:48:13Z,2024-09-15T21:48:13Z,0,1,1,0,0,at://did:plc:tzbh22tdlmrfdmsd4ochfdex/app.bsky.feed.post/3l3xus37jpc2p,at://did:plc:tzbh22tdlmrfdmsd4ochfdex/app.bsky.feed.post/3l3xus37jpc2p,NA
at://did:plc:tzbh22tdlmrfdmsd4ochfdex/app.bsky.feed.post/3l47xmwls252h,veronicatendai.bsky.social,Aqualtune,"⭐️🚩 #Eleições2024
⭐️🚩 #TimeDeLulaEJerônimo
⭐️🚩 #Salvador

Pinheiro do Sindicato PT 13700

www.instagram.com/pinheirodosi...",2024-09-15T21:47:07Z,2024-09-15T21:47:07Z,0,0,0,0,0,at://did:plc:tzbh22tdlmrfdmsd4ochfdex/app.bsky.feed.post/3l3xus37jpc2p,at://did:plc:tzbh22tdlmrfdmsd4ochfdex/app.bsky.feed.post/3l3xus37jpc2p,NA
at://did:plc:hbx5vh5eakcy6l6yffdwon3s/app.bsky.feed.post/3l474uh2uou2c,gabrielmarquespcb.bsky.social,Gabriel Marques PCB,"responsáveis pelo deslocamento da população carioca.

#GabrielMarques21333 #GabrielMarquesPCB #GabrielMarquesEstáComVocês #PoderPopular #PCB102anos #ORioMereceMais #TarcísioMotta50 #TarcísioERenata50 #Eleições2024 #Transporte #TarifaZero #Estatização 

Edição: @lg_m26",2024-09-15T13:48:07Z,2024-09-15T13:48:07Z,0,0,1,0,0,at://did:plc:hbx5vh5eakcy6l6yffdwon3s/app.bsky.feed.post/3l474tx3wnm27,at://did:plc:hbx5vh5eakcy6l6yffdwon3s/app.bsky.feed.post/3l474lq7gyn2u,NA
at://did:plc:biox6523ejo3hgae6zxqsyw5/app.bsky.feed.post/3l45jts47lc2g,castrogabryel.bsky.social,Gabryel de Castro 🦩💋,Leandro Oliveira e Guilherme Peixoto narraram a agenda dos candidatos a prefeito do Rio de Janeiro. #Eleições2024 #RJ2 #RJTV,2024-09-14T22:35:04Z,2024-09-14T22:35:04Z,1,0,0,0,0,at://did:plc:biox6523ejo3hgae6zxqsyw5/app.bsky.feed.post/3l45jkjf6zu26,at://did:plc:biox6523ejo3hgae6zxqsyw5/app.bsky.feed.post/3l45iwnx7fa25,NA
at://did:plc:tzbh22tdlmrfdmsd4ochfdex/app.bsky.feed.post/3l44uhl4n4g2h,veronicatendai.bsky.social,Aqualtune,"⭐️🚩 #Eleições2024
⭐️🚩 #TimeDeLulaEJerônimo
⭐️🚩 #Salvador

Nelson Costa PT 13133

www.instagram.com/nelsinhocost...",2024-09-14T16:12:26Z,2024-09-14T16:12:26Z,0,0,0,0,0,at://did:plc:tzbh22tdlmrfdmsd4ochfdex/app.bsky.feed.post/3l3xus37jpc2p,at://did:plc:tzbh22tdlmrfdmsd4ochfdex/app.bsky.feed.post/3l3xus37jpc2p,NA
at://did:plc:tzbh22tdlmrfdmsd4ochfdex/app.bsky.feed.post/3l44ufvff5x2x,veronicatendai.bsky.social,Aqualtune,"⭐️🚩 #Eleições2024
⭐️🚩 #TimeDeLulaEJerônimo
⭐️🚩 #Salvador

Mianga Gavião PT 13321

www.instagram.com/mianga.gavia...",2024-09-14T16:11:30Z,2024-09-14T16:11:30Z,0,0,0,0,0,at://did:plc:tzbh22tdlmrfdmsd4ochfdex/app.bsky.feed.post/3l3xus37jpc2p,at://did:plc:tzbh22tdlmrfdmsd4ochfdex/app.bsky.feed.post/3l3xus37jpc2p,NA
at://did:plc:bp7larrugg25s36l47b2ajyr/app.bsky.feed.post/3l44slgvmhs2m,franthesco.bsky.social,Francisco Borges,"#Eleições2024: E na rádio Vale do Piauí está entrevista Dr. Alexandre, candidado da oposição.

#SãoJoãodoPiauí 

www.youtube.com/live/f2gYh1g...",2024-09-14T15:38:48Z,2024-09-14T15:38:48Z,0,0,1,0,0,at://did:plc:bp7larrugg25s36l47b2ajyr/app.bsky.feed.post/3l44sfy7thl2t,at://did:plc:bp7larrugg25s36l47b2ajyr/app.bsky.feed.post/3l44sfy7thl2t,NA
at://did:plc:4ccrr6waovbguyq3klkhehuh/app.bsky.feed.post/3l44s2vjhqn2z,bandnewsfmrio.bsky.social,BandNews FM - Rio de Janeiro,"O candidato pontuou que a prioridade deve ser melhorar a estrutura da corporação para que os agentes passem a ter um plano de carreira e melhores condições de trabalho. 

Acompanhe a sabatina na íntegra: youtube.com/live/cZ9pqAt...

#Eleições2024 #Sabatina #BandNewsFM",2024-09-14T15:29:33Z,2024-09-14T15:29:33Z,0,0,0,0,0,at://did:plc:4ccrr6waovbguyq3klkhehuh/app.bsky.feed.post/3l44s2cjmbr2c,at://did:plc:4ccrr6waovbguyq3klkhehuh/app.bsky.feed.post/3l44s2cjmbr2c,NA
at://did:plc:4ccrr6waovbguyq3klkhehuh/app.bsky.feed.post/3l44rjlizwf2z,bandnewsfmrio.bsky.social,BandNews FM - Rio de Janeiro,"Queiroz afirmou que defende um conceito moderno de cidade que é o trabalho mais próximo da casa da população. 

Acompanhe a sabatina na íntegra: youtube.com/live/cZ9pqAt...

#Eleições2024 #Sabatina #BandNewsFM",2024-09-14T15:19:52Z,2024-09-14T15:19:52Z,0,0,1,0,0,at://did:plc:4ccrr6waovbguyq3klkhehuh/app.bsky.feed.post/3l44rja2rbn2j,at://did:plc:4ccrr6waovbguyq3klkhehuh/app.bsky.feed.post/3l44rja2rbn2j,NA
at://did:plc:4ccrr6waovbguyq3klkhehuh/app.bsky.feed.post/3l44qyosbnb27,bandnewsfmrio.bsky.social,BandNews FM - Rio de Janeiro,"O candidato criticou ainda a transferência do licenciamento ambiental para a Secretaria de Desenvolvimento Econômico Inovação e Simplificação do município. 

Acompanhe a sabatina na íntegra: youtube.com/live/cZ9pqAt...

#Eleições2024 #Sabatina #BandNewsFM",2024-09-14T15:10:25Z,2024-09-14T15:10:25Z,0,0,0,0,0,at://did:plc:4ccrr6waovbguyq3klkhehuh/app.bsky.feed.post/3l44qy6p45c2v,at://did:plc:4ccrr6waovbguyq3klkhehuh/app.bsky.feed.post/3l44qy6p45c2v,NA
at://did:plc:4ccrr6waovbguyq3klkhehuh/app.bsky.feed.post/3l44qksmmbq2v,bandnewsfmrio.bsky.social,BandNews FM - Rio de Janeiro,"Para o candidato, o resultado do Índice de Desenvolvimento da Educação Básica (IDEB) se deve a aprovação automática no município. 

Acompanhe a sabatina na íntegra: youtube.com/live/cZ9pqAt...

#Eleições2024 #Sabatina #BandNewsFM",2024-09-14T15:02:39Z,2024-09-14T15:02:39Z,0,0,0,0,0,at://did:plc:4ccrr6waovbguyq3klkhehuh/app.bsky.feed.post/3l44qkerk4q2m,at://did:plc:4ccrr6waovbguyq3klkhehuh/app.bsky.feed.post/3l44qkerk4q2m,NA
at://did:plc:moxr5wj3u5rwf25vgcemftvp/app.bsky.feed.post/3l44kr5tuv32l,mbf.net.br,Mateus BF,"[ #eleições2024 - E EU COM ISSO?]

Tá assustado/a com as campanhas e (falta de) propostas?
Se vc acha q tem alguma coisa com isso, mas não sabe o q fazer agora...
✅Compartilhe a campanha
votepeloclima.org

✅Convoque as boas candidaturas e bora acender a chama🔥 para o q IMPORTA
#VotePeloClima #ActNow",2024-09-14T13:18:50Z,2024-09-14T13:18:50Z,0,0,2,0,0,at://did:plc:moxr5wj3u5rwf25vgcemftvp/app.bsky.feed.post/3l44k27pezb2v,at://did:plc:moxr5wj3u5rwf25vgcemftvp/app.bsky.feed.post/3l44iidgluf2e,NA
at://did:plc:moxr5wj3u5rwf25vgcemftvp/app.bsky.feed.post/3l44k27pezb2v,mbf.net.br,Mateus BF,"[ #eleições2024 - TÁ FOGO!]

🥇Colniza (MT) é a cidade com maior emissão de CO² per capita do 🇧🇷
= 19,2M tCO²eq
= cada 1 dos 25.766 hab. com uma frota de 300 carros rodando 20km/dia durante 1 ano!

Saiba mais sobre a cidade, o fogo e seus políticos no 🧶 do @obrunofonseca.bsky.social da @apublica.org 👇",2024-09-14T13:06:01Z,2024-09-14T13:06:01Z,2,2,4,0,0,at://did:plc:moxr5wj3u5rwf25vgcemftvp/app.bsky.feed.post/3l44jee2zb22j,at://did:plc:moxr5wj3u5rwf25vgcemftvp/app.bsky.feed.post/3l44iidgluf2e,at://did:plc:7edvdgheaqfxrikhprwfibnn/app.bsky.feed.post/3l3xqkrpx5k2h
at://did:plc:moxr5wj3u5rwf25vgcemftvp/app.bsky.feed.post/3l44jee2zb22j,mbf.net.br,Mateus BF,"[ #eleições2024 - TÁ FOGO!]

ℹ️Colniza é 1 das 2.748 cidades onde a eleição pra prefeitura será entre apenas 2 candidaturas
✖️Miltinho (UNIÃO): reeleição
✖️Walzinho (PL)

Nenhum tem propostas de combate ao fogo ou ao desmatamento pra cidade: 6ª maior emissora de CO² do país

Ali, o fogo já ganhou!🔥

🧶👇",2024-09-14T12:53:47Z,2024-09-14T12:53:47Z,1,0,6,0,0,at://did:plc:moxr5wj3u5rwf25vgcemftvp/app.bsky.feed.post/3l44iidgluf2e,at://did:plc:moxr5wj3u5rwf25vgcemftvp/app.bsky.feed.post/3l44iidgluf2e,NA
at://did:plc:tkepxleykbak6gfewwsnm6lf/app.bsky.feed.post/3l43ivuqdjz2l,pesquisasbr2.bsky.social,Pesquisas Brasil 🇧🇷,"Pesquisa: Eleição Municipal São Paulo 🇧🇷

🟩 Nunes (MDB)
🟨 Boulos (PSOL)
🟫 Marçal (PRTB)
🟦 Datena (PSDB)
🟥 Amaral (PSB)
🟧 Helena (NOVO)
⬜️ Outros

Vote neste link: pollie.app/nuks9

#SãoPaulo #Eleições2024",2024-09-14T03:11:57Z,2024-09-14T03:11:57Z,0,0,0,0,0,at://did:plc:tuj6ftlrhvk75sztq6rhnm6y/app.bsky.feed.post/3l42ajm2w3o2s,at://did:plc:tuj6ftlrhvk75sztq6rhnm6y/app.bsky.feed.post/3l42ajm2w3o2s,NA
at://did:plc:xow4t34dhhmsi63vv5tgx7ct/app.bsky.feed.post/3l43d52anz42g,amigo954599.bsky.social,Democracia em Decomposição Retirante do X,"Carreata com dois carros e algumas motos.
Queda nas pesquisas e frustração total.
Massal sendo metralhado nas redes sociais.
E ainda teve gente que acreditou que ele ia ganhar a eleição! 🤦‍♂️
#CarreataFail #VergonhaAlheia #PolíticaComédia #PabloMarçal #Eleições2024",2024-09-14T01:29:39Z,2024-09-14T01:29:39Z,0,0,2,0,0,at://did:plc:xow4t34dhhmsi63vv5tgx7ct/app.bsky.feed.post/3l43d3buoeb2o,at://did:plc:xow4t34dhhmsi63vv5tgx7ct/app.bsky.feed.post/3l43d3buoeb2o,NA
at://did:plc:ux76f75y6a5uina24v34rs6f/app.bsky.feed.post/3l42sigzft32s,opovo.com.br,O POVO,"É a terceira pesquisa Datafolha sobre a eleição de Fortaleza em 2024. Confira os números. #Eleições2024opovo #Eleições2024

LEIA AQUI: encurtador.com.br/8gUHa",2024-09-13T20:31:48Z,2024-09-13T20:31:48Z,0,1,2,0,0,at://did:plc:ux76f75y6a5uina24v34rs6f/app.bsky.feed.post/3l42shv4alp26,at://did:plc:ux76f75y6a5uina24v34rs6f/app.bsky.feed.post/3l42scwxjt424,NA
at://did:plc:moxr5wj3u5rwf25vgcemftvp/app.bsky.feed.post/3l42rqvmq262n,mbf.net.br,Mateus BF,"[ #ELEIÇÕES2024 - NÚMEROS E VALORES]

""Follow the money!""

muita proveitosa essa parceria entre @congressoemfoco.com.br e 72horas, para rastrear e publicizar os R$ 6 bi que devem ser gastos pelas campanhas à prefeituras e vereanças

Acompanhe aqui 👇",2024-09-13T20:18:39Z,2024-09-13T20:18:38Z,2,1,1,0,0,at://did:plc:moxr5wj3u5rwf25vgcemftvp/app.bsky.feed.post/3l42ncmddxb2j,at://did:plc:moxr5wj3u5rwf25vgcemftvp/app.bsky.feed.post/3l42kuhxcvt2g,at://did:plc:5flbgzjflbjp4pii5x2eryaf/app.bsky.feed.post/3l42eziykjl2v
at://did:plc:moxr5wj3u5rwf25vgcemftvp/app.bsky.feed.post/3l42ncmddxb2j,mbf.net.br,Mateus BF,"[ #ELEIÇÕES2024 - NÚMEROS]

ℹ️em 2024, foram registradas ~456 mil candidaturas a vereança e prefeitura, sendo até agora:

♂️301 mil homens (66%), concentrando 71,5% dos recursos de campanha (R$ 2,4 bilhões)

♀️155 mil mulheres (34%), com apenas 28,5% dos recursos de campanha (R$ 972 milhões)

fonte 👇",2024-09-13T18:59:04Z,2024-09-13T18:59:04Z,1,0,0,0,0,at://did:plc:moxr5wj3u5rwf25vgcemftvp/app.bsky.feed.post/3l42n2f2xwv2c,at://did:plc:moxr5wj3u5rwf25vgcemftvp/app.bsky.feed.post/3l42kuhxcvt2g,NA
at://did:plc:moxr5wj3u5rwf25vgcemftvp/app.bsky.feed.post/3l42n2f2xwv2c,mbf.net.br,Mateus BF,"[ #ELEIÇÕES2024 - NÚMEROS]

ℹ️em 2020, foram eleitas mulheres para:
♀️12% (651) das prefeituras
♀️16% (9.196) das cadeiras de vereança, sendo 6,3% delas ocupadas por vereadoras negras

ℹ️em 2020, foram eleitos homens para:
♂️88% (4.750) das prefeituras
♂️84% (48.265) das cadeiras de vereança

fonte 👇",2024-09-13T18:54:28Z,2024-09-13T18:54:28Z,1,0,1,0,0,at://did:plc:moxr5wj3u5rwf25vgcemftvp/app.bsky.feed.post/3l42lompusb2j,at://did:plc:moxr5wj3u5rwf25vgcemftvp/app.bsky.feed.post/3l42kuhxcvt2g,NA
at://did:plc:moxr5wj3u5rwf25vgcemftvp/app.bsky.feed.post/3l42lompusb2j,mbf.net.br,Mateus BF,"[ #ELEIÇÕES2024 - NÚMEROS]

ℹ️destes municípios com apenas 2 candidaturas pra prefeitura, em 433 cidades os embates mais comuns são entre 4 partidos:
MDB x PP em 168 municípios
MDB x PSD em 154 municípios
MDB x PL em 111 municípios

E dá-lhe CENTRÃO!

Como fazer partidos progressistas chegarem ali?",2024-09-13T18:30:00Z,2024-09-13T18:30:00Z,2,0,1,0,0,at://did:plc:moxr5wj3u5rwf25vgcemftvp/app.bsky.feed.post/3l42ldzjqiz2s,at://did:plc:moxr5wj3u5rwf25vgcemftvp/app.bsky.feed.post/3l42kuhxcvt2g,NA
at://did:plc:tzbh22tdlmrfdmsd4ochfdex/app.bsky.feed.post/3l42lfbqbuc22,veronicatendai.bsky.social,Aqualtune,"⭐️🚩 #Eleições2024
⭐️🚩 #TimeDeLulaEJerônimo
⭐️🚩 #Salvador

Marta Rodrigues PT 13456

www.instagram.com/martamerepre...",2024-09-13T18:24:47Z,2024-09-13T18:24:47Z,0,0,0,0,0,at://did:plc:tzbh22tdlmrfdmsd4ochfdex/app.bsky.feed.post/3l3xus37jpc2p,at://did:plc:tzbh22tdlmrfdmsd4ochfdex/app.bsky.feed.post/3l3xus37jpc2p,NA
at://did:plc:moxr5wj3u5rwf25vgcemftvp/app.bsky.feed.post/3l42ldzjqiz2s,mbf.net.br,Mateus BF,"[ #ELEIÇÕES2024 - NÚMEROS]

ℹ️em 77 municípios (3% do total) as 2 candidaturas são de pessoas pretas ou pardas

ℹ️nestas cidades com apenas 2 candidaturas pra prefeitura, temos 5 partidos disputando 59% do total (ou 3.256 candidaturas):
MDB (900)
PSD (753)
PP (646)
UNIÃO (523)
REPUBLICANOS (434)",2024-09-13T18:24:04Z,2024-09-13T18:24:04Z,1,0,0,1,0,at://did:plc:moxr5wj3u5rwf25vgcemftvp/app.bsky.feed.post/3l42kuhxcvt2g,at://did:plc:moxr5wj3u5rwf25vgcemftvp/app.bsky.feed.post/3l42kuhxcvt2g,NA
at://did:plc:tzbh22tdlmrfdmsd4ochfdex/app.bsky.feed.post/3l42ldlukb22z,veronicatendai.bsky.social,Aqualtune,"⭐️🚩 #Eleições2024
⭐️🚩 #TimeDeLulaEJerônimo
⭐️🚩 #Salvador

Gilmar Santiago PT 13610

www.instagram.com/gilmarsantia...",2024-09-13T18:23:51Z,2024-09-13T18:23:50Z,0,0,0,0,0,at://did:plc:tzbh22tdlmrfdmsd4ochfdex/app.bsky.feed.post/3l3xus37jpc2p,at://did:plc:tzbh22tdlmrfdmsd4ochfdex/app.bsky.feed.post/3l3xus37jpc2p,NA
at://did:plc:hbx5vh5eakcy6l6yffdwon3s/app.bsky.feed.post/3l4245gnqpl2n,gabrielmarquespcb.bsky.social,Gabriel Marques PCB,#GabrielMarques21333 #GabrielMarquesPCB #GabrielMarquesEstáComVocês #PoderPopular #PCB102anos #ORioMereceMais #TarcísioMotta50 #TarcísioERenata50 #Eleições2024 #Partidão #Freguesia #Panfletagem #Jacarepaguá,2024-09-13T13:51:57Z,2024-09-13T13:51:57Z,0,0,0,0,0,at://did:plc:hbx5vh5eakcy6l6yffdwon3s/app.bsky.feed.post/3l4244sccgx2s,at://did:plc:hbx5vh5eakcy6l6yffdwon3s/app.bsky.feed.post/3l4244sccgx2s,NA
at://did:plc:eg2emsypgmasedvw3xu5weak/app.bsky.feed.post/3l423u2hhdg2j,westrips.bsky.social,Westrips | Quadrinhos e tirinhas de Wes Samp,"Promessa de campanha

#tirinhas #humor #politica #eleicoes2024",2024-09-13T13:46:41Z,2024-09-13T13:46:41Z,0,3,3,0,0,at://did:plc:eg2emsypgmasedvw3xu5weak/app.bsky.feed.post/3l423sykojh2s,at://did:plc:eg2emsypgmasedvw3xu5weak/app.bsky.feed.post/3l423sykojh2s,NA
at://did:plc:tkepxleykbak6gfewwsnm6lf/app.bsky.feed.post/3l3yhubieee2h,pesquisasbr2.bsky.social,Pesquisas Brasil 🇧🇷,"Pesquisa: Eleição Municipal São Paulo 🇧🇷

🟩 Nunes (MDB)
🟨 Boulos (PSOL)
🟫 Marçal (PRTB)
🟦 Datena (PSDB)
🟥 Amaral (PSB)
🟧 Helena (NOVO)
⬜️ Outros

Vote neste link: pollie.app/nuks9

#SãoPaulo #Eleições2024",2024-09-12T22:15:10Z,2024-09-12T22:15:10Z,0,0,0,0,0,at://did:plc:tuj6ftlrhvk75sztq6rhnm6y/app.bsky.feed.post/3l3xwehr2on2f,at://did:plc:tuj6ftlrhvk75sztq6rhnm6y/app.bsky.feed.post/3l3xwehr2on2f,NA
at://did:plc:tkepxleykbak6gfewwsnm6lf/app.bsky.feed.post/3l3yhtgqkna2d,pesquisasbr2.bsky.social,Pesquisas Brasil 🇧🇷,"Pesquisa: Eleição Municipal São Paulo 🇧🇷

🟩 Nunes (MDB)
🟨 Boulos (PSOL)
🟫 Marçal (PRTB)
🟦 Datena (PSDB)
🟥 Amaral (PSB)
🟧 Helena (NOVO)
⬜️ Outros

Vote neste link: pollie.app/nuks9

#SãoPaulo #Eleições2024",2024-09-12T22:14:42Z,2024-09-12T22:14:42Z,0,0,0,0,0,at://did:plc:tuj6ftlrhvk75sztq6rhnm6y/app.bsky.feed.post/3l3y5hs65d22z,at://did:plc:tuj6ftlrhvk75sztq6rhnm6y/app.bsky.feed.post/3l3y5hs65d22z,NA
at://did:plc:25vahvfq4fk5y4f6b7nf6ruv/app.bsky.feed.post/3l3yhb5xtug2j,brasilfato.bsky.social,Brasil de Fato,"Brancos e nulos somam 7%, contra 8% do levantamento anterior, e indecisos, 4% – mesmo índice da semana passada. 1.204 eleitores foram ouvidos entre terça-feira (10) e ontem (11).

Acompanhe as #eleições2024 no #BrasildeFato 📲 bdf.onl/b/M4F8",2024-09-12T22:05:34Z,2024-09-12T22:05:34Z,0,0,5,0,0,at://did:plc:25vahvfq4fk5y4f6b7nf6ruv/app.bsky.feed.post/3l3yhat6k4s26,at://did:plc:25vahvfq4fk5y4f6b7nf6ruv/app.bsky.feed.post/3l3yh7wxriz2o,NA
at://did:plc:tzbh22tdlmrfdmsd4ochfdex/app.bsky.feed.post/3l3xutwwxlh2z,veronicatendai.bsky.social,Aqualtune,"⭐️🚩#Eleições2024
⭐️🚩#TimeDeLulaEJerônimo
⭐️🚩#Salvador

Dejair Santana PT 13050

www.instagram.com/dejairsantan...",2024-09-12T16:36:03Z,2024-09-12T16:36:03Z,0,0,0,0,0,at://did:plc:tzbh22tdlmrfdmsd4ochfdex/app.bsky.feed.post/3l3xus37jpc2p,at://did:plc:tzbh22tdlmrfdmsd4ochfdex/app.bsky.feed.post/3l3xus37jpc2p,NA
at://did:plc:6yag4ebdi3wc2w3clgyztthf/app.bsky.feed.post/3l3vue6s3zt2e,mst.org.br,Movimento Sem Terra (MST),"⏩ Confira alguns trechos e leia a entrevista completa na Página do MST: mst.org.br/2024/09/11/e... 

#MSTnasEleições #TodosPelaReformaAgrária #EleiçõesMunicipais #Eleições2024",2024-09-11T21:21:54Z,2024-09-11T21:21:54Z,0,1,13,0,0,at://did:plc:6yag4ebdi3wc2w3clgyztthf/app.bsky.feed.post/3l3vudtkuxi2t,at://did:plc:6yag4ebdi3wc2w3clgyztthf/app.bsky.feed.post/3l3vuccz56w2g,NA
at://did:plc:tkepxleykbak6gfewwsnm6lf/app.bsky.feed.post/3l3vrryju2x2x,pesquisasbr2.bsky.social,Pesquisas Brasil 🇧🇷,"Pesquisa: Eleição Municipal São Paulo 🇧🇷

🟩 Nunes (MDB)
🟨 Boulos (PSOL)
🟫 Marçal (PRTB)
🟦 Datena (PSDB)
🟥 Amaral (PSB)
🟧 Helena (NOVO)
⬜️ Outros

Vote neste link: pollie.app/nuks9

#SãoPaulo #Eleições2024",2024-09-11T20:34:50Z,2024-09-11T20:34:50Z,0,0,0,0,0,at://did:plc:tuj6ftlrhvk75sztq6rhnm6y/app.bsky.feed.post/3l3vohtpawz2p,at://did:plc:tuj6ftlrhvk75sztq6rhnm6y/app.bsky.feed.post/3l3vohtpawz2p,NA
at://did:plc:tkepxleykbak6gfewwsnm6lf/app.bsky.feed.post/3l3vnmsfp6h2p,pesquisasbr2.bsky.social,Pesquisas Brasil 🇧🇷,"Pesquisa: Eleição Municipal São Paulo 🇧🇷

🟩 Nunes (MDB)
🟨 Boulos (PSOL)
🟫 Marçal (PRTB)
🟦 Datena (PSDB)
🟥 Amaral (PSB)
🟧 Helena (NOVO)
⬜️ Outros

Vote neste link: pollie.app/nuks9

#SãoPaulo #Eleições2024",2024-09-11T19:20:21Z,2024-09-11T19:20:21Z,0,0,0,0,0,at://did:plc:tuj6ftlrhvk75sztq6rhnm6y/app.bsky.feed.post/3l3vn5i3n5o2t,at://did:plc:tuj6ftlrhvk75sztq6rhnm6y/app.bsky.feed.post/3l3vn5i3n5o2t,NA
at://did:plc:tkepxleykbak6gfewwsnm6lf/app.bsky.feed.post/3l3vnlqus3g22,pesquisasbr2.bsky.social,Pesquisas Brasil 🇧🇷,"Pesquisa: Eleição Municipal São Paulo 🇧🇷

🟩 Nunes (MDB)
🟨 Boulos (PSOL)
🟫 Marçal (PRTB)
🟦 Datena (PSDB)
🟥 Amaral (PSB)
🟧 Helena (NOVO)
⬜️ Outros

Vote neste link: pollie.app/nuks9

#SãoPaulo #Eleições2024",2024-09-11T19:19:46Z,2024-09-11T19:19:46Z,0,0,1,0,0,at://did:plc:tuj6ftlrhvk75sztq6rhnm6y/app.bsky.feed.post/3l3vl3psawx2v,at://did:plc:tuj6ftlrhvk75sztq6rhnm6y/app.bsky.feed.post/3l3vl3psawx2v,NA
at://did:plc:tkepxleykbak6gfewwsnm6lf/app.bsky.feed.post/3l3vnkxs5le2w,pesquisasbr2.bsky.social,Pesquisas Brasil 🇧🇷,"Pesquisa: Eleição Municipal São Paulo 🇧🇷

🟩 Nunes (MDB)
🟨 Boulos (PSOL)
🟫 Marçal (PRTB)
🟦 Datena (PSDB)
🟥 Amaral (PSB)
🟧 Helena (NOVO)
⬜️ Outros

Vote neste link: pollie.app/nuks9

#SãoPaulo #Eleições2024",2024-09-11T19:19:20Z,2024-09-11T19:19:20Z,0,0,0,0,0,at://did:plc:tuj6ftlrhvk75sztq6rhnm6y/app.bsky.feed.post/3l3vlqspt7x2r,at://did:plc:tuj6ftlrhvk75sztq6rhnm6y/app.bsky.feed.post/3l3vlqspt7x2r,NA
at://did:plc:6yag4ebdi3wc2w3clgyztthf/app.bsky.feed.post/3l3v5zgot5c2x,mst.org.br,Movimento Sem Terra (MST),"✊🏿 As candidaturas refletem estas bandeiras históricas do MST, e devem dar suporte a uma política que priorize estas questões populares.

⏩ Saiba mais: mst.org.br/2024/09/10/m...

2-2

#TodosPelaReformaAgrária #EleiçõesMunicipais #Eleições2024",2024-09-11T14:42:11Z,2024-09-11T14:42:11Z,0,3,22,1,0,at://did:plc:6yag4ebdi3wc2w3clgyztthf/app.bsky.feed.post/3l3v5wshhg327,at://did:plc:6yag4ebdi3wc2w3clgyztthf/app.bsky.feed.post/3l3v5wshhg327,NA
at://did:plc:kwxf3l73mxx5zpgjwswzbj7i/app.bsky.feed.post/3l3tjva2n2l2m,agencialume.bsky.social,Agência Lume,Confira a resposta completa da candidata sobre o tema no nosso Instagram: www.instagram.com/p/C_wSOe_M3u2/,2024-09-10T23:09:15Z,2024-09-10T23:09:15Z,0,1,1,0,0,at://did:plc:kwxf3l73mxx5zpgjwswzbj7i/app.bsky.feed.post/3l3tiobcm2i2z,at://did:plc:kwxf3l73mxx5zpgjwswzbj7i/app.bsky.feed.post/3l3tiobcm2i2z,NA
at://did:plc:4ccrr6waovbguyq3klkhehuh/app.bsky.feed.post/3l3tf732zzp2k,bandnewsfmrio.bsky.social,BandNews FM - Rio de Janeiro,Acompanhe a sabatina na íntegra: youtube.com/live/T-yYibU... #Eleições2024 #Sabatina #BandNewsFM,2024-09-10T21:45:00Z,2024-09-10T21:45:00Z,0,0,0,0,0,at://did:plc:4ccrr6waovbguyq3klkhehuh/app.bsky.feed.post/3l3tf6o6pm725,at://did:plc:4ccrr6waovbguyq3klkhehuh/app.bsky.feed.post/3l3tf6o6pm725,NA
at://did:plc:4ccrr6waovbguyq3klkhehuh/app.bsky.feed.post/3l3tdtmic352n,bandnewsfmrio.bsky.social,BandNews FM - Rio de Janeiro,"Botafoguense, o candidato afirmou que a pista de atletismo do Estádio Nilton Santos deve ser retirada e construída em outro local. Acompanhe a sabatina na íntegra: youtube.com/live/T-yYibU... #Eleições2024 #Sabatina #BandNewsFM",2024-09-10T21:20:42Z,2024-09-10T21:20:42Z,0,0,1,0,0,at://did:plc:4ccrr6waovbguyq3klkhehuh/app.bsky.feed.post/3l3tdruru552f,at://did:plc:4ccrr6waovbguyq3klkhehuh/app.bsky.feed.post/3l3tdruru552f,NA
at://did:plc:tkepxleykbak6gfewwsnm6lf/app.bsky.feed.post/3l3td65pwqu2d,pesquisasbr2.bsky.social,Pesquisas Brasil 🇧🇷,"Pesquisa: Eleição Municipal São Paulo 🇧🇷

🟩 Nunes (MDB)
🟨 Boulos (PSOL)
🟫 Marçal (PRTB)
🟦 Datena (PSDB)
🟥 Amaral (PSB)
🟧 Helena (NOVO)
⬜️ Outros

Vote neste link: pollie.app/nuks9

#SãoPaulo #Eleições2024",2024-09-10T21:07:52Z,2024-09-10T21:07:52Z,0,0,1,0,0,at://did:plc:tuj6ftlrhvk75sztq6rhnm6y/app.bsky.feed.post/3l3stubpv7e2o,at://did:plc:tuj6ftlrhvk75sztq6rhnm6y/app.bsky.feed.post/3l3stubpv7e2o,NA
at://did:plc:tkepxleykbak6gfewwsnm6lf/app.bsky.feed.post/3l3td5k7lee2n,pesquisasbr2.bsky.social,Pesquisas Brasil 🇧🇷,"Pesquisa: Eleição Municipal São Paulo 🇧🇷

🟩 Nunes (MDB)
🟨 Boulos (PSOL)
🟫 Marçal (PRTB)
🟦 Datena (PSDB)
🟥 Amaral (PSB)
🟧 Helena (NOVO)
⬜️ Outros

Vote neste link: pollie.app/nuks9

#SãoPaulo #Eleições2024",2024-09-10T21:07:32Z,2024-09-10T21:07:32Z,0,0,0,0,0,at://did:plc:tuj6ftlrhvk75sztq6rhnm6y/app.bsky.feed.post/3l3rdupru2b2p,at://did:plc:tuj6ftlrhvk75sztq6rhnm6y/app.bsky.feed.post/3l3rdupru2b2p,NA
at://did:plc:4ccrr6waovbguyq3klkhehuh/app.bsky.feed.post/3l3t6wo35rg27,bandnewsfmrio.bsky.social,BandNews FM - Rio de Janeiro,"Para o candidato, é necessária a implementação de um metrô que chegue de fato na Zona Oeste e também atenda toda a região da Zona Norte com investimentos através de uma parceria com o Governo do Estado. Acompanhe a sabatina na íntegra: youtube.com/live/T-yYibU... #Eleições2024 #Sabatina #BandNewsFM",2024-09-10T19:52:56Z,2024-09-10T19:52:56Z,0,0,1,0,0,at://did:plc:4ccrr6waovbguyq3klkhehuh/app.bsky.feed.post/3l3t6wbebft2t,at://did:plc:4ccrr6waovbguyq3klkhehuh/app.bsky.feed.post/3l3t6wbebft2t,NA
at://did:plc:4ccrr6waovbguyq3klkhehuh/app.bsky.feed.post/3l3t4fkj2k32t,bandnewsfmrio.bsky.social,BandNews FM - Rio de Janeiro,Acompanhe a sabatina na íntegra: youtube.com/live/T-yYibU... #Eleições2024 #Sabatina #BandNewsFM,2024-09-10T19:07:34Z,2024-09-10T19:07:34Z,0,0,0,0,0,at://did:plc:4ccrr6waovbguyq3klkhehuh/app.bsky.feed.post/3l3t4b2ln5z2m,at://did:plc:4ccrr6waovbguyq3klkhehuh/app.bsky.feed.post/3l3t4b2ln5z2m,NA
at://did:plc:4ccrr6waovbguyq3klkhehuh/app.bsky.feed.post/3l3t46jd7nu2f,bandnewsfmrio.bsky.social,BandNews FM - Rio de Janeiro,Acompanhe a sabatina na íntegra: youtube.com/live/T-yYibU... #Eleições2024 #Sabatina #BandNewsFM,2024-09-10T19:03:38Z,2024-09-10T19:03:38Z,0,0,0,0,0,at://did:plc:4ccrr6waovbguyq3klkhehuh/app.bsky.feed.post/3l3t465hupj2a,at://did:plc:4ccrr6waovbguyq3klkhehuh/app.bsky.feed.post/3l3t456olme2t,NA
at://did:plc:4ccrr6waovbguyq3klkhehuh/app.bsky.feed.post/3l3swvtc5j72p,bandnewsfmrio.bsky.social,BandNews FM - Rio de Janeiro,"Sobre censura, ele alega que o seu partido é o único efetivamente de esquerda que não reconhece a decisão do STF de suspender o X. #Eleições2024 #Sabatina #BandNewsFM www.band.uol.com.br/bandnews-fm/...",2024-09-10T17:29:18Z,2024-09-10T17:29:18Z,0,0,0,0,0,at://did:plc:4ccrr6waovbguyq3klkhehuh/app.bsky.feed.post/3l3swsoc5pc2k,at://did:plc:4ccrr6waovbguyq3klkhehuh/app.bsky.feed.post/3l3swsoc5pc2k,NA
at://did:plc:hbx5vh5eakcy6l6yffdwon3s/app.bsky.feed.post/3l3sjj37ian2j,gabrielmarquespcb.bsky.social,Gabriel Marques PCB,"Ajude-nos a alcançar a meta de R$3.000,00.

www.queroapoiar.com.br/gabrielmarqu... 

#GabrielMarques21333 #Partidão 
#PoderPopular #PCB102anos #GabrielMarquesPCB #PCB #TarcísioMotta50 #Eleições2024 #TarcísioERenata50 #GabrielMarquesEstáComVocês",2024-09-10T13:29:48Z,2024-09-10T13:29:48Z,0,0,0,0,0,at://did:plc:hbx5vh5eakcy6l6yffdwon3s/app.bsky.feed.post/3l3sjir7ku72q,at://did:plc:hbx5vh5eakcy6l6yffdwon3s/app.bsky.feed.post/3l3sjfnaip52e,NA
at://did:plc:tkyj6bmmxzsfw23yxedjcghu/app.bsky.feed.post/3l3seu5wosv2n,delcueto.bsky.social,Valéria del Cueto,"Só falta o marqueteiro criar a peça eleitoral que vale milhões: ""Quer apostar que fulano é o melhor candidato? Passa na BET e corre pra urna no dia da eleição. Fulano é  pule 10! Faça sua ""fézinha"", eleja seu representante e ainda ganhe $$$.
É voto na urna e dindin no bol$o!""
#eleicoes2024",2024-09-10T12:06:31Z,2024-09-10T12:06:31Z,0,0,0,0,0,at://did:plc:tkyj6bmmxzsfw23yxedjcghu/app.bsky.feed.post/3l3sebilzr523,at://did:plc:tkyj6bmmxzsfw23yxedjcghu/app.bsky.feed.post/3l3sebilzr523,NA
at://did:plc:tkepxleykbak6gfewwsnm6lf/app.bsky.feed.post/3l3rayacrxe2f,pesquisasbr2.bsky.social,Pesquisas Brasil 🇧🇷,"Pesquisa: Eleição Municipal São Paulo 🇧🇷

🟩 Nunes (MDB)
🟨 Boulos (PSOL)
🟫 Marçal (PRTB)
🟦 Datena (PSDB)
🟥 Amaral (PSB)
🟧 Helena (NOVO)
⬜️ Outros

Vote neste link: pollie.app/nuks9

#SãoPaulo #Eleições2024",2024-09-10T01:23:26Z,2024-09-10T01:23:26Z,0,0,1,0,0,at://did:plc:tuj6ftlrhvk75sztq6rhnm6y/app.bsky.feed.post/3l3qdwklli42e,at://did:plc:tuj6ftlrhvk75sztq6rhnm6y/app.bsky.feed.post/3l3qdwklli42e,NA
at://did:plc:tkepxleykbak6gfewwsnm6lf/app.bsky.feed.post/3l3raxs5suj22,pesquisasbr2.bsky.social,Pesquisas Brasil 🇧🇷,"Pesquisa: Eleição Municipal São Paulo 🇧🇷

🟩 Nunes (MDB)
🟨 Boulos (PSOL)
🟫 Marçal (PRTB)
🟦 Datena (PSDB)
🟥 Amaral (PSB)
🟧 Helena (NOVO)
⬜️ Outros

Vote neste link: pollie.app/nuks9

#SãoPaulo #Eleições2024",2024-09-10T01:23:11Z,2024-09-10T01:23:11Z,0,0,1,0,0,at://did:plc:tuj6ftlrhvk75sztq6rhnm6y/app.bsky.feed.post/3l3qnsfgkhx2u,at://did:plc:tuj6ftlrhvk75sztq6rhnm6y/app.bsky.feed.post/3l3qnsfgkhx2u,NA
at://did:plc:hbx5vh5eakcy6l6yffdwon3s/app.bsky.feed.post/3l3qx4pfyhm24,gabrielmarquespcb.bsky.social,Gabriel Marques PCB,#GabrielMarques21333 #GabrielMarquesPCB #GabrielMarquesEstáComVocês #PoderPopular #PCB102anos #ORioMereceMais #TarcísioMotta50 #TarcísioERenata50 #Eleições2024 #Partidão,2024-09-09T22:28:05Z,2024-09-09T22:28:05Z,0,0,1,0,0,at://did:plc:hbx5vh5eakcy6l6yffdwon3s/app.bsky.feed.post/3l3qx3zopgb2c,at://did:plc:hbx5vh5eakcy6l6yffdwon3s/app.bsky.feed.post/3l3qx3zopgb2c,NA
at://did:plc:hbx5vh5eakcy6l6yffdwon3s/app.bsky.feed.post/3l3qmvbrsmk2m,gabrielmarquespcb.bsky.social,Gabriel Marques PCB,"E vamos levar Tarcísio e Renata ao segundo turno! 

#GabrielMarques21333 #PoderPopular #PCB102anos #GabrielMarquesEstáComVocês 
#TarcísioMotta50 #TarcísioERenata50 #Partidão #GabrielMarquesPCB #Eleições2024 

Edição: @lg_m26",2024-09-09T19:24:58Z,2024-09-09T19:24:58Z,0,0,0,0,0,at://did:plc:hbx5vh5eakcy6l6yffdwon3s/app.bsky.feed.post/3l3qmuapldk2i,at://did:plc:hbx5vh5eakcy6l6yffdwon3s/app.bsky.feed.post/3l3qmuapldk2i,NA
at://did:plc:4zit3f6wk54mu3max5gt5a4y/app.bsky.feed.post/3l3qcff6ub22r,varellaaudrei.bsky.social,Audrei Varella,"Prefeito bolsonarista de Porto Alegre deixou o povo na lama por falta de manutenção no sistema anti anchente. Ruas e praças seguem abandonadas e as pessoas ainda estao sem casas.
Agora utiliza um chapeu de palha pra enganar que é do povo, fazendo um cospobre ridículo.
#eleições2024
#mariadorosario13",2024-09-09T16:20:36Z,2024-09-09T16:17:09Z,0,2,3,0,0,at://did:plc:34sugtlnpuxx2e2asq7vmq53/app.bsky.feed.post/3l3oegbzcrh2b,at://did:plc:34sugtlnpuxx2e2asq7vmq53/app.bsky.feed.post/3l3oegbzcrh2b,NA
at://did:plc:v2356pfeo63pnluzc62cxi4x/app.bsky.feed.post/3l3qagxq3yb2o,andre.linha10.com.br,André Limart,6/6 🔍 Trump está criando um espetáculo com suas promessas e polêmicas. A eleição promete ser um grande show! 🎬🔥 Fique atento para ver como tudo vai se desenrolar. #Eleições2024 #Política,2024-09-09T15:42:13Z,2024-09-09T15:42:13Z,1,0,3,0,0,at://did:plc:v2356pfeo63pnluzc62cxi4x/app.bsky.feed.post/3l3qafmwipp27,at://did:plc:v2356pfeo63pnluzc62cxi4x/app.bsky.feed.post/3l3qa76ambm23,NA
at://did:plc:jmlvveq3ze7xcolt52p567l4/app.bsky.feed.post/3l3psi5j5xf24,angelabacic.bsky.social,Ângela com acento,"Pois é, né?! É isso que o Boulos sempre disse e pelo quê vem lutando, mas a Folha, Estadão, Jovem Pan, Revista Oeste, Jovem Pan etc sempre mentiram chamando ele de invasor 
 Ninguém conhece uma familia q tenha tido sua casa invadida por ele
#Boulos50
#Eleições2024 
#PrefeituraSP",2024-09-09T11:32:21Z,2024-09-09T11:32:21Z,0,0,14,0,0,at://did:plc:aduoxavv4nlceto54tgu3fjr/app.bsky.feed.post/3l3prwn5gis2o,at://did:plc:aduoxavv4nlceto54tgu3fjr/app.bsky.feed.post/3l3prwn5gis2o,NA
at://did:plc:qgur4tug4y2lb4vjp7kxx5qw/app.bsky.feed.post/3l3omcee7af2i,aquitemhistoria.bsky.social,Tarco Fonseca,"Eleições de 1989, O Seu Voto Vale?
Depois de 29 anos o povo brasileiro volta escolher seu presidente, porém o pleito e marcado por manipulações e notícias falsas, para saber mais veja o vídeo.
youtu.be/fSgoMhfrW2M",2024-09-09T00:09:04Z,2024-09-09T00:09:04Z,0,0,0,0,0,at://did:plc:ss7zmsfvuw5wwxefvz5flgbb/app.bsky.feed.post/3l3ojeghc7m2s,at://did:plc:ss7zmsfvuw5wwxefvz5flgbb/app.bsky.feed.post/3l3ojeghc7m2s,NA
at://did:plc:qgur4tug4y2lb4vjp7kxx5qw/app.bsky.feed.post/3l3ombfu2fl2x,aquitemhistoria.bsky.social,Tarco Fonseca,"Eleições de 1989, O Seu Voto Vale?
Depois de 29 anos o povo brasileiro volta escolher seu presidente, porém o pleito e marcado por manipulações e notícias falsas, para saber mais veja o vídeo.
youtu.be/fSgoMhfrW2M",2024-09-09T00:08:32Z,2024-09-09T00:08:32Z,0,0,0,0,0,at://did:plc:7vqgcuzof5itcpfc73njbstf/app.bsky.feed.post/3l3ol2klbkf2h,at://did:plc:7vqgcuzof5itcpfc73njbstf/app.bsky.feed.post/3l3ol2klbkf2h,NA
at://did:plc:qgur4tug4y2lb4vjp7kxx5qw/app.bsky.feed.post/3l3olzxfjwc25,aquitemhistoria.bsky.social,Tarco Fonseca,"Eleições de 1989, O Seu Voto Vale?
Depois de 29 anos o povo brasileiro volta escolher seu presidente, porém o pleito e marcado por manipulações e notícias falsas, para saber mais veja o vídeo.
youtu.be/fSgoMhfrW2M",2024-09-09T00:04:22Z,2024-09-09T00:04:22Z,0,0,0,0,0,at://did:plc:ss7zmsfvuw5wwxefvz5flgbb/app.bsky.feed.post/3l3okvef2nh27,at://did:plc:ss7zmsfvuw5wwxefvz5flgbb/app.bsky.feed.post/3l3okvef2nh27,NA
at://did:plc:qgur4tug4y2lb4vjp7kxx5qw/app.bsky.feed.post/3l3olzjfdhm24,aquitemhistoria.bsky.social,Tarco Fonseca,"Eleições de 1989, O Seu Voto Vale?
Depois de 29 anos o povo brasileiro volta escolher seu presidente, porém o pleito e marcado por manipulações e notícias falsas, para saber mais veja o vídeo.
youtu.be/fSgoMhfrW2M",2024-09-09T00:04:08Z,2024-09-09T00:04:08Z,0,0,0,0,0,at://did:plc:jt72xztklu3d2chvll2hizr6/app.bsky.feed.post/3l3olkbbezq27,at://did:plc:jt72xztklu3d2chvll2hizr6/app.bsky.feed.post/3l3olkbbezq27,NA
at://did:plc:qgur4tug4y2lb4vjp7kxx5qw/app.bsky.feed.post/3l3olz6djkk2n,aquitemhistoria.bsky.social,Tarco Fonseca,"Eleições de 1989, O Seu Voto Vale?
Depois de 29 anos o povo brasileiro volta escolher seu presidente, porém o pleito e marcado por manipulações e notícias falsas, para saber mais veja o vídeo.
youtu.be/fSgoMhfrW2M",2024-09-09T00:03:56Z,2024-09-09T00:03:56Z,0,0,0,0,0,at://did:plc:ss7zmsfvuw5wwxefvz5flgbb/app.bsky.feed.post/3l3olp6p4xl25,at://did:plc:ss7zmsfvuw5wwxefvz5flgbb/app.bsky.feed.post/3l3olp6p4xl25,NA
at://did:plc:hbx5vh5eakcy6l6yffdwon3s/app.bsky.feed.post/3l3ofsrelkf2w,gabrielmarquespcb.bsky.social,Gabriel Marques PCB,"Peça para preparar seu card declarando voto na nossa candidatura pelo e-mail gabrielmarquespcb@gmail.com 

#PoderPopular #PCB102anos #Partidão #GabrielMarques21333 #GabrielMarquesPCB #GabrielMarquesEstáComVocês #TarcísioMotta50 #TarcísioERenata50 #Eleições2024
 
Edição: @lg_m26",2024-09-08T22:13:01Z,2024-09-08T22:12:59Z,0,0,0,0,0,at://did:plc:hbx5vh5eakcy6l6yffdwon3s/app.bsky.feed.post/3l3ofrgo3p32e,at://did:plc:hbx5vh5eakcy6l6yffdwon3s/app.bsky.feed.post/3l3ofrgo3p32e,NA
at://did:plc:hbx5vh5eakcy6l6yffdwon3s/app.bsky.feed.post/3l3ni2ckfru2z,gabrielmarquespcb.bsky.social,Gabriel Marques PCB,"#TarcísioERenata50 #ORioMereceMais #GabrielMarquesPCB #Eleições2024 #Panfletagem #GabrielMarquesEstáComVocês

Edição: @lg_m26",2024-09-08T13:20:22Z,2024-09-08T13:20:20Z,0,0,0,0,0,at://did:plc:hbx5vh5eakcy6l6yffdwon3s/app.bsky.feed.post/3l3nhzxsnjk25,at://did:plc:hbx5vh5eakcy6l6yffdwon3s/app.bsky.feed.post/3l3nhze5lln2m,NA
at://did:plc:hbx5vh5eakcy6l6yffdwon3s/app.bsky.feed.post/3l3jg4czapp2m,gabrielmarquespcb.bsky.social,Gabriel Marques PCB,"Nossa candidatura estará comprometida com as pautas das mulheres.

#GabrielMarques21333 #GabrielMarquesPCB #GabrielMarquesEstáComVocês #PoderPopular #PCB102anos #ORioMereceMais #TarcísioMotta50 #TarcísioERenata50 #Eleições2024 #Arborização #Sustentabilidade #EducaçãoAmbiental 

Edição: @lg_m26",2024-09-06T22:35:01Z,2024-09-06T22:35:01Z,0,0,1,0,0,at://did:plc:hbx5vh5eakcy6l6yffdwon3s/app.bsky.feed.post/3l3jg3lt5k42g,at://did:plc:hbx5vh5eakcy6l6yffdwon3s/app.bsky.feed.post/3l3jg3lt5k42g,NA
at://did:plc:moxr5wj3u5rwf25vgcemftvp/app.bsky.feed.post/3l3jc5mrf4s27,mbf.net.br,Mateus BF,"📌

Excelente, professora!
Marcando aqui pra acompanhar o fio

Sabe se vão tratar dos candidatos às prefeituras desses 100 municípios nas #eleições2024?
bsky.app/profile/deol...

tô interessado em acompanhar as pesquisas de intenção de voto, em particular, e ver o que podemos esperar nessas cidades",2024-09-06T21:24:08Z,2024-09-06T21:24:08Z,0,0,1,0,0,at://did:plc:2y4s27tvlr4evc3wrsefnl2o/app.bsky.feed.post/3l3j7umw4e223,at://did:plc:2y4s27tvlr4evc3wrsefnl2o/app.bsky.feed.post/3l3j72madxi2n,at://did:plc:6iwfq5klg5sc2hywfaimfk3r/app.bsky.feed.post/3l3gubwczfv2v
at://did:plc:xl4m3rtgz4adzza7vvevgcou/app.bsky.feed.post/3l3j3tdsx5s2z,renatopellizzari.bsky.social,Renato Pellizari,"Eu to pronto pra ser esse cara! 🤩

Agora que você já sabe o que eu posso fazer por você, vem comigo no dia 06/10? 📚

#Pelli40004 #PelliVereador #Eleicoes2024",2024-09-06T19:31:02Z,2024-09-06T19:31:02Z,0,0,0,0,0,at://did:plc:xl4m3rtgz4adzza7vvevgcou/app.bsky.feed.post/3l3j3nntjoz2i,at://did:plc:xl4m3rtgz4adzza7vvevgcou/app.bsky.feed.post/3l3j3lcb6ct24,NA
at://did:plc:ykbn3vvx4r3tglds63zuxk2p/app.bsky.feed.post/3l3iqupvnem2h,gablicosta.bsky.social,Gabriel Costa,"Ou é uma estratágia de colar a ideia de ""candidata da/para periferia"", ou é simples desleixo. Mesmo com menos de 1min, ela não deveria desperdiçar esse espaço.
#Eleições2024 #SP",2024-09-06T16:15:18Z,2024-09-06T16:14:58Z,0,0,0,0,0,at://did:plc:ykbn3vvx4r3tglds63zuxk2p/app.bsky.feed.post/3l3iqtpniti2f,at://did:plc:ykbn3vvx4r3tglds63zuxk2p/app.bsky.feed.post/3l3iqtpniti2f,NA
at://did:plc:tlm3bpbfpwmx3uj5um2kfm47/app.bsky.feed.post/3l3iee35fbt23,abraji.bsky.social,Associação Brasileira de Jornalismo Investigativo,"Vamos juntos combater a desinformação! Cheque antes de compartilhar, visse?!

#CombateÀDesinformação #Eleições2024

#PraTodosVerem | #PraCegoVer | #Acessibilidade - Essa publicação possui descrição acessível",2024-09-06T12:30:54Z,2024-09-06T12:30:54Z,0,0,1,0,0,at://did:plc:tlm3bpbfpwmx3uj5um2kfm47/app.bsky.feed.post/3l3iebwgx7t2w,at://did:plc:tlm3bpbfpwmx3uj5um2kfm47/app.bsky.feed.post/3l3ie4c22qs2m,NA
at://did:plc:moxr5wj3u5rwf25vgcemftvp/app.bsky.feed.post/3l3idydwdgb2t,mbf.net.br,Mateus BF,"[ #ELEIÇÕES2024: SÃO PAULO]

Aproveitei q ontem só teve 1 escândalo de assédio sexual em Brasília pra finalmente me aventurar na entrevista do Ⓜ️ no #RodaViva...

#polêmica
ele me convenceu (a mim, q não votarei nele JAMAIS, e aos eleitores dele): vai ganhar. Parabéns pelo novo prefeito😈, paulistada!",2024-09-06T12:24:19Z,2024-09-06T12:24:19Z,3,0,4,0,0,at://did:plc:moxr5wj3u5rwf25vgcemftvp/app.bsky.feed.post/3l364e74e3b2d,at://did:plc:moxr5wj3u5rwf25vgcemftvp/app.bsky.feed.post/3l364e74e3b2d,NA
at://did:plc:moxr5wj3u5rwf25vgcemftvp/app.bsky.feed.post/3l3h36tokyi2g,mbf.net.br,Mateus BF,"Isso ficou GENIAL!!
edição excelente (e assustadora)

vão tratar dos candidatos às prefeituras desses 100 municípios nas #eleições2024?
tô interessado em acompanhar as pesquisas de intenção de voto, em particular

aqui têm saído algumas @olheiro26.bsky.social (sonhei com uma parceria entre vcs...)",2024-09-06T00:14:14Z,2024-09-06T00:14:14Z,0,0,1,0,0,at://did:plc:6iwfq5klg5sc2hywfaimfk3r/app.bsky.feed.post/3l3gubwczfv2v,at://did:plc:6iwfq5klg5sc2hywfaimfk3r/app.bsky.feed.post/3l3gubwczfv2v,NA
at://did:plc:moxr5wj3u5rwf25vgcemftvp/app.bsky.feed.post/3l3h2ipdyrq27,mbf.net.br,Mateus BF,"[ #ELEIÇÕES2024 - E EU COM ISSO?]

Tá assustado/a com as campanhas e (falta de) propostas?
Se vc ainda não sabe o q fazer agora..

Que tal entender algo da política nos 100 MAIORES municípios do 🇧🇷?
👥4 milhões de pessoas
🏹411 mil indígenas

@deolhonoagro.bsky.social explica
👇
bsky.app/profile/deol...",2024-09-06T00:01:51Z,2024-09-06T00:01:51Z,1,1,4,0,0,at://did:plc:moxr5wj3u5rwf25vgcemftvp/app.bsky.feed.post/3l34zmwwsy52c,at://did:plc:moxr5wj3u5rwf25vgcemftvp/app.bsky.feed.post/3l34zmwwsy52c,at://did:plc:6iwfq5klg5sc2hywfaimfk3r/app.bsky.feed.post/3l3gubwczfv2v
at://did:plc:7hfqooqidnqpygmsoziu4a6n/app.bsky.feed.post/3l3gjagvb2o2n,kurytibametropole.bsky.social,Kurytiba Metropole,"🗳️ Vote consciente! A mudança começa com escolhas informadas que busquem um futuro mais justo para todas e todos. 🌱✨ 

#Desigualdades #JustiçaSocial #Curitiba #Eleições2024 #MapaDasDesigualdades",2024-09-05T18:53:01Z,2024-09-05T18:53:01Z,0,0,0,0,0,at://did:plc:7hfqooqidnqpygmsoziu4a6n/app.bsky.feed.post/3l3gja4shxv26,at://did:plc:7hfqooqidnqpygmsoziu4a6n/app.bsky.feed.post/3l3gj73mltf2s,NA
at://did:plc:moxr5wj3u5rwf25vgcemftvp/app.bsky.feed.post/3l3fyexyddh2q,mbf.net.br,Mateus BF,"[ #ELEIÇÕES2024: RS ESTÁ SUBMERGINDO]

Se esse problema👆 acontece numa cidade com OPÇÕES, imagine onde não há nem CANDIDATOS...

Em 2024, são (somente?) 214 cidades com candidaturas únicas no Brasil (= 5.565 cidades). 43 delas (20%) estão no RS.

democracia pra que(m), né?
👇
bsky.app/profile/olhe...",2024-09-05T13:51:19Z,2024-09-05T13:51:19Z,0,0,2,0,0,at://did:plc:moxr5wj3u5rwf25vgcemftvp/app.bsky.feed.post/3l3fxhzuikr2e,at://did:plc:moxr5wj3u5rwf25vgcemftvp/app.bsky.feed.post/3l3fxhzuikr2e,at://did:plc:a6iys74gdjxbokpivumdzo3c/app.bsky.feed.post/3l3f2zx7hie2o
at://did:plc:moxr5wj3u5rwf25vgcemftvp/app.bsky.feed.post/3l3fxn7o2xh2f,mbf.net.br,Mateus BF,"[ #ELEIÇÕES2024 - E EU COM ISSO?]

Tá assustado/a com as campanhas e (falta de) propostas?
Se vc acha q tem alguma coisa com isso, mas não sabe o q fazer agora...

Que tal compartilhar a campanha
votepeloclima.org
e virar um/a REAL INFLUENCIADOR/A?
#VotePeloClima #ActNow

bsky.app/profile/luca...",2024-09-05T13:38:01Z,2024-09-05T13:38:01Z,1,2,6,1,0,at://did:plc:moxr5wj3u5rwf25vgcemftvp/app.bsky.feed.post/3l3fxhzuikr2e,at://did:plc:moxr5wj3u5rwf25vgcemftvp/app.bsky.feed.post/3l3fxhzuikr2e,NA
at://did:plc:hiccnkd4o44skeh6nqm5bpm2/app.bsky.feed.post/3l3fslan7ro2d,patitaoli.bsky.social,Patrícia Taoli,"Nunca vou compreender, ou talvez a clareza esteja nas pessoas se identifarem com todo esse ódio e somente usarem a religião como disfarce! 
#eleicoes #eleicoes2024 #politica #religiao",2024-09-05T12:07:28Z,2024-09-05T12:07:28Z,0,0,0,0,0,at://did:plc:hiccnkd4o44skeh6nqm5bpm2/app.bsky.feed.post/3l3fsf3moe62z,at://did:plc:hiccnkd4o44skeh6nqm5bpm2/app.bsky.feed.post/3l3fsf3moe62z,NA
at://did:plc:hiccnkd4o44skeh6nqm5bpm2/app.bsky.feed.post/3l3fskaszzm2n,patitaoli.bsky.social,Patrícia Taoli,"A regra das pessoas religiosas deveria ser: eu conseguiria ver Jesus agindo dessa forma?Falando essas coisas?Se a resposta for não, NÃO FAÇA!
Independente de crença, não faz sentido se você acredita fazer o contrário! 

#eleicoes #eleicoes2024 #politica #religiao",2024-09-05T12:06:54Z,2024-09-05T12:06:54Z,0,0,0,0,0,at://did:plc:hiccnkd4o44skeh6nqm5bpm2/app.bsky.feed.post/3l3fsf3moe62z,at://did:plc:hiccnkd4o44skeh6nqm5bpm2/app.bsky.feed.post/3l3fsf3moe62z,NA
at://did:plc:hiccnkd4o44skeh6nqm5bpm2/app.bsky.feed.post/3l3fsjgfyos2m,patitaoli.bsky.social,Patrícia Taoli,"Jesus disse: Amai-vos uns aos outros, assim como eu vos amei! Ele não disse amai somente os semelhantes e odeiem o resto! 
Acho que vale olharem pra dentro de si mesmos e fazer uma auto-reflexão! 
#religiao #eleicoes #eleicoes2024 #politica",2024-09-05T12:06:27Z,2024-09-05T12:06:27Z,0,0,0,0,0,at://did:plc:hiccnkd4o44skeh6nqm5bpm2/app.bsky.feed.post/3l3fsf3moe62z,at://did:plc:hiccnkd4o44skeh6nqm5bpm2/app.bsky.feed.post/3l3fsf3moe62z,NA
at://did:plc:hiccnkd4o44skeh6nqm5bpm2/app.bsky.feed.post/3l3fsi3pt3j2r,patitaoli.bsky.social,Patrícia Taoli,"Esses personagens não amam ao próximo como a si mesmos,elas pregam o ódio aos que não pensam ou agem como elas!Mentem e enganam usando seu nome,se enfiando em igrejas às vésperas da eleição! Não me parece que o amor os une,e sim o ódio! 
#eleicoes #eleicoes2024 #politica #religiao",2024-09-05T12:05:42Z,2024-09-05T12:05:42Z,0,0,0,0,0,at://did:plc:hiccnkd4o44skeh6nqm5bpm2/app.bsky.feed.post/3l3fsf3moe62z,at://did:plc:hiccnkd4o44skeh6nqm5bpm2/app.bsky.feed.post/3l3fsf3moe62z,NA
at://did:plc:hiccnkd4o44skeh6nqm5bpm2/app.bsky.feed.post/3l3fsgulsed2p,patitaoli.bsky.social,Patrícia Taoli,"
Como voce acredita na Bíblia,e acha que Jesus estaria na plateia aplaudindo toda essa bossalidade! E olha que nem estou mencionando os crimes que eles cometem! 
Eu sempre bugo tentando entendê-los!🤯 #eleicoes #eleicoes2024 #politica #religiao",2024-09-05T12:05:01Z,2024-09-05T12:05:01Z,0,0,0,0,0,at://did:plc:hiccnkd4o44skeh6nqm5bpm2/app.bsky.feed.post/3l3fsf3moe62z,at://did:plc:hiccnkd4o44skeh6nqm5bpm2/app.bsky.feed.post/3l3fsf3moe62z,NA
at://did:plc:moxr5wj3u5rwf25vgcemftvp/app.bsky.feed.post/3l3fqdip7zg2i,mbf.net.br,Mateus BF,"[ #ELEIÇÕES2024 - MAS PARECE 1989]

é RIDÍCULO a campanha do 🍰 não ter um estagiário pra explicar como funciona a publicação de vídeos, pra antever o uso da ""capa"", pra exigir data e horário de publicação - qualquer anunciante de bar faria isso

@guilhermeboulos.bsky.social vou ajudar o estagiário",2024-09-05T11:27:19Z,2024-09-05T11:27:19Z,0,0,2,1,0,at://did:plc:moxr5wj3u5rwf25vgcemftvp/app.bsky.feed.post/3l3fpatxclw2i,at://did:plc:moxr5wj3u5rwf25vgcemftvp/app.bsky.feed.post/3l3fpatxclw2i,NA
at://did:plc:smefwyko6n6lbawxr7wekhwk/app.bsky.feed.post/3l3enhktagp22,dyyi.bsky.social,dyyi,Aquele que deu aulas de depilação? Candidato a prefeito de Fortaleza? Os fortalezenses não merecem isso... 🤦‍♂️ #Política #Fortaleza #Eleições2024,2024-09-05T01:03:16Z,2024-09-05T01:03:16Z,0,0,1,0,0,at://did:plc:sztqy26j6k6gplgpzssj3etl/app.bsky.feed.post/3l3e5qcvhl52d,at://did:plc:sztqy26j6k6gplgpzssj3etl/app.bsky.feed.post/3l3e5qcvhl52d,NA
at://did:plc:moxr5wj3u5rwf25vgcemftvp/app.bsky.feed.post/3l3dqqsbdx22c,mbf.net.br,Mateus BF,"[ #ELEIÇÕES2024 - E EU COM ISSO?]

Tá assustado/a com as campanhas e (falta de) propostas?
Se vc acha q tem alguma coisa com isso, mas não sabe o q fazer agora...

Que tal compartilhar a campanha
votepeloclima.org
e virar um/a REAL INFLUENCIADOR/A?

#VotePeloClima #ActNow

bsky.app/profile/luca...",2024-09-04T16:29:26Z,2024-09-04T16:29:26Z,1,3,7,1,0,at://did:plc:moxr5wj3u5rwf25vgcemftvp/app.bsky.feed.post/3l34zmwwsy52c,at://did:plc:moxr5wj3u5rwf25vgcemftvp/app.bsky.feed.post/3l34zmwwsy52c,NA
at://did:plc:4ccrr6waovbguyq3klkhehuh/app.bsky.feed.post/3l3bncarlh32u,bandnewsfmrio.bsky.social,BandNews FM - Rio de Janeiro,Acompanhe a sabatina na íntegra: youtube.com/live/fGv4SQg... #Eleições2024 #Sabatina #BandNewsFM,2024-09-03T20:22:18Z,2024-09-03T20:22:18Z,0,0,0,0,0,at://did:plc:4ccrr6waovbguyq3klkhehuh/app.bsky.feed.post/3l3bixp6t5i2g,at://did:plc:4ccrr6waovbguyq3klkhehuh/app.bsky.feed.post/3l3bixp6t5i2g,NA
at://did:plc:4ccrr6waovbguyq3klkhehuh/app.bsky.feed.post/3l3bnaynuix2j,bandnewsfmrio.bsky.social,BandNews FM - Rio de Janeiro,"Motta afirmou que é necessário uma política de habitação eficiente com aumento do Aluguel Social, além de obras de drenagem na região. Acompanhe a sabatina na íntegra: youtube.com/live/fGv4SQg... #Eleições2024 #Sabatina #BandNewsFM",2024-09-03T20:21:36Z,2024-09-03T20:21:36Z,0,0,0,0,0,at://did:plc:4ccrr6waovbguyq3klkhehuh/app.bsky.feed.post/3l3bn3fer7c2z,at://did:plc:4ccrr6waovbguyq3klkhehuh/app.bsky.feed.post/3l3bn3fer7c2z,NA
at://did:plc:4ccrr6waovbguyq3klkhehuh/app.bsky.feed.post/3l3bk5cl2tu2g,bandnewsfmrio.bsky.social,BandNews FM - Rio de Janeiro,"Para o candidato, também é necessário um estudo de impacto na vizinhança e no trânsito para que o espaço seja implementado da maneira correta. Acompanhe a sabatina na íntegra: youtube.com/live/fGv4SQg...
#Eleições2024 #Sabatina #BandNewsFM",2024-09-03T19:25:23Z,2024-09-03T19:25:23Z,0,0,0,0,0,at://did:plc:4ccrr6waovbguyq3klkhehuh/app.bsky.feed.post/3l3bk3zfhyv2x,at://did:plc:4ccrr6waovbguyq3klkhehuh/app.bsky.feed.post/3l3bk3zfhyv2x,NA
at://did:plc:4ccrr6waovbguyq3klkhehuh/app.bsky.feed.post/3l3bivckune22,bandnewsfmrio.bsky.social,BandNews FM - Rio de Janeiro,Acompanhe a sabatina na íntegra: youtube.com/live/fGv4SQg... #Eleições2024 #Sabatina #BandNewsFM,2024-09-03T19:03:01Z,2024-09-03T19:03:01Z,0,0,0,0,0,at://did:plc:4ccrr6waovbguyq3klkhehuh/app.bsky.feed.post/3l3biu6xm222c,at://did:plc:4ccrr6waovbguyq3klkhehuh/app.bsky.feed.post/3l3biu6xm222c,NA
at://did:plc:4ccrr6waovbguyq3klkhehuh/app.bsky.feed.post/3l3bbg4b7ym2z,bandnewsfmrio.bsky.social,BandNews FM - Rio de Janeiro,"O candidato afirmou que a implementação de trilhos está correta nos corredores da Transcarioca e Transoeste, mas o modal é um paliativo. Acompanhe a sabatina na íntegra: youtube.com/live/fGv4SQg... #Eleições2024 #Sabatina #BandNewsFM",2024-09-03T16:49:15Z,2024-09-03T16:49:15Z,0,0,0,0,0,at://did:plc:4ccrr6waovbguyq3klkhehuh/app.bsky.feed.post/3l3bb3exypm2u,at://did:plc:4ccrr6waovbguyq3klkhehuh/app.bsky.feed.post/3l3bb3exypm2u,NA
at://did:plc:2yg45t3pbwdirqbsgm4bi4le/app.bsky.feed.post/3l36tttrgms25,last-romantic70.bsky.social,_THE_BRAZIL_IS_OF_THE_LORD_JESUS ✝️☝🏻🇧🇷🕊️✨,"deixem esses roubadores de ouro 🥇pra lá, o que importa mesmo é resgatar o nosso país desses inescrupulosos e asquerosos: d #STF, d #TSE e d #Planalto; faz o L🤡 = #Nordeste🖕🏻🤡 e #Norte🖕🏻🤡 seus Trouxas, mas dúvido muito que foram essas 2 regiões que elegeram o #Lula, teve GOLPE nas #Urnas. #Eleições2024",2024-09-02T17:41:32Z,2024-09-02T17:41:32Z,0,0,0,0,0,at://did:plc:ss7zmsfvuw5wwxefvz5flgbb/app.bsky.feed.post/3l33vfsj6mc2j,at://did:plc:ss7zmsfvuw5wwxefvz5flgbb/app.bsky.feed.post/3l33vfsj6mc2j,NA
at://did:plc:hbx5vh5eakcy6l6yffdwon3s/app.bsky.feed.post/3l36lnwp3qm23,gabrielmarquespcb.bsky.social,Gabriel Marques PCB,"nas urnas eletrônicas 21333 pra Vereador e 50 pra Prefeito!

#GabrielMarques21333 #GabrielMarquesPCB #GabrielMarquesEstáComVocês #PoderPopular #PCB102anos #ORioMereceMais #TarcísioMotta50 #TarcísioERenata50 #Eleições2024  

Edição: @lg_m26",2024-09-02T15:15:05Z,2024-09-02T15:15:04Z,0,0,0,0,0,at://did:plc:hbx5vh5eakcy6l6yffdwon3s/app.bsky.feed.post/3l36lnhoxrl22,at://did:plc:hbx5vh5eakcy6l6yffdwon3s/app.bsky.feed.post/3l36lnhoxrl22,NA
at://did:plc:hbx5vh5eakcy6l6yffdwon3s/app.bsky.feed.post/3l36i3rybp623,gabrielmarquespcb.bsky.social,Gabriel Marques PCB,"#GabrielMarquesEstáComVocês #PoderPopular #PCB102anos #ORioMereceMais #TarcísioMotta50 #TarcísioERenata50 #Eleições2024 

Edição: @lg_m26",2024-09-02T14:11:14Z,2024-09-02T14:11:14Z,0,0,0,0,0,at://did:plc:hbx5vh5eakcy6l6yffdwon3s/app.bsky.feed.post/3l36i3eqyvk2e,at://did:plc:hbx5vh5eakcy6l6yffdwon3s/app.bsky.feed.post/3l36i2bmzmm2h,NA
at://did:plc:moxr5wj3u5rwf25vgcemftvp/app.bsky.feed.post/3l36dcfmzy72c,mbf.net.br,Mateus BF,"[ #ELEIÇÕES2024: SÃO PAULO]

Não à toa @casaroes.bsky.social e @danielpaaa.bsky.social tratam bem o q está acontecendo como ""Fenômeno"", cuja raiz grega (phainómenon) é a mesma em Fantasma (phántasma) e Fantasia (phantasía)

Fântaso era o criador de imagens impossíveis e irreais, de coisas sem vida",2024-09-02T12:45:26Z,2024-09-02T12:45:26Z,0,0,1,0,0,at://did:plc:moxr5wj3u5rwf25vgcemftvp/app.bsky.feed.post/3l36cs6u5iv2w,at://did:plc:moxr5wj3u5rwf25vgcemftvp/app.bsky.feed.post/3l364e74e3b2d,NA
at://did:plc:moxr5wj3u5rwf25vgcemftvp/app.bsky.feed.post/3l36cs6u5iv2w,mbf.net.br,Mateus BF,"[ #ELEIÇÕES2024: SÃO PAULO]

ótimo ""alinhavo"" do texto do @casaroes.bsky.social com @danielpaaa.bsky.social
👇
bsky.app/profile/casa...

Registram 2 palavras q precisam estar entre nós:
✔️ Conspiritualidade
✔️ Misticismo Digital",2024-09-02T12:36:22Z,2024-09-02T12:36:22Z,2,0,4,0,0,at://did:plc:moxr5wj3u5rwf25vgcemftvp/app.bsky.feed.post/3l364e74e3b2d,at://did:plc:moxr5wj3u5rwf25vgcemftvp/app.bsky.feed.post/3l364e74e3b2d,at://did:plc:bfges7h2qh4y45gtuw6wtivn/app.bsky.feed.post/3l34qijqc5w2k
at://did:plc:moxr5wj3u5rwf25vgcemftvp/app.bsky.feed.post/3l365dxsqo226,mbf.net.br,Mateus BF,"[ #ELEIÇÕES2024: SÃO PAULO]

e quando o ambiente sofre rápidas e grandes alterações assim, os ""inesperados"" ou ""mutantes"", podem ter vantagens competitivas
noticias.uol.com.br/eleicoes/202...

por outro lado, todo ambiente busca equilíbrio e tende à conservação - o que favorece o mais comum e antigo",2024-09-02T10:58:56Z,2024-09-02T10:58:56Z,0,0,3,0,0,at://did:plc:moxr5wj3u5rwf25vgcemftvp/app.bsky.feed.post/3l364e74e3b2d,at://did:plc:moxr5wj3u5rwf25vgcemftvp/app.bsky.feed.post/3l364e74e3b2d,NA
at://did:plc:moxr5wj3u5rwf25vgcemftvp/app.bsky.feed.post/3l364urfvtj2j,mbf.net.br,Mateus BF,"[ #ELEIÇÕES2024: SÃO PAULO]

parece que as movimentações políticas mais concretas e impactantes para ""o debate"" estão agora acontecendo fora do ar, nas redes sociais e na justiça

plano de governo fica inútil ou irrelevante
ter dossiês dos candidatos é o impactante
oglobo.globo.com/politica/ele...",2024-09-02T10:50:26Z,2024-09-02T10:50:26Z,0,0,2,0,0,at://did:plc:moxr5wj3u5rwf25vgcemftvp/app.bsky.feed.post/3l364e74e3b2d,at://did:plc:moxr5wj3u5rwf25vgcemftvp/app.bsky.feed.post/3l364e74e3b2d,NA
at://did:plc:h5nqcqc47eigqx5xrjzd3dfw/app.bsky.feed.post/3l354gze6zb23,gabrielinspire.bsky.social,Gabriel Assis,"MEU DEUS! Não acredito que isso acabou de acontecer!
k.kwai.com/p/Cl1rvv3P",2024-09-02T01:10:05Z,2024-09-02T01:10:05Z,0,0,0,0,0,at://did:plc:patqr7l7c5b2pqsnbcaasi32/app.bsky.feed.post/3l34bk2jw2i23,at://did:plc:patqr7l7c5b2pqsnbcaasi32/app.bsky.feed.post/3l34bk2jw2i23,NA
at://did:plc:h5nqcqc47eigqx5xrjzd3dfw/app.bsky.feed.post/3l354ffur6j24,gabrielinspire.bsky.social,Gabriel Assis,"MEU DEUS! Não acredito que isso acabou de acontecer!
k.kwai.com/p/Cl1rvv3P",2024-09-02T01:09:11Z,2024-09-02T01:09:11Z,0,0,0,0,0,at://did:plc:s3fhx5eslripq7de42cbhj5l/app.bsky.feed.post/3l34ukcamor2t,at://did:plc:s3fhx5eslripq7de42cbhj5l/app.bsky.feed.post/3l34ukcamor2t,NA
at://did:plc:h5nqcqc47eigqx5xrjzd3dfw/app.bsky.feed.post/3l354eae5c42z,gabrielinspire.bsky.social,Gabriel Assis,"MEU DEUS! Não acredito que isso acabou de acontecer!
k.kwai.com/p/Cl1rvv3P",2024-09-02T01:08:32Z,2024-09-02T01:08:32Z,0,0,0,0,0,at://did:plc:nutvz7nlxq5cz6bxb74cle6t/app.bsky.feed.post/3l32gq53vqw2y,at://did:plc:nutvz7nlxq5cz6bxb74cle6t/app.bsky.feed.post/3l32gq53vqw2y,NA
at://did:plc:h5nqcqc47eigqx5xrjzd3dfw/app.bsky.feed.post/3l354dhf2wx2n,gabrielinspire.bsky.social,Gabriel Assis,"MEU DEUS! Não acredito que isso acabou de acontecer!
k.kwai.com/p/Cl1rvv3P",2024-09-02T01:08:06Z,2024-09-02T01:08:06Z,0,0,0,0,0,at://did:plc:63v3453uyxuai7tzgjwpo6s3/app.bsky.feed.post/3l34v2acm452m,at://did:plc:63v3453uyxuai7tzgjwpo6s3/app.bsky.feed.post/3l34v2acm452m,NA
at://did:plc:moxr5wj3u5rwf25vgcemftvp/app.bsky.feed.post/3l354afeujy2h,mbf.net.br,Mateus BF,"[ #ELEIÇÕES2024 - E EU COM ISSO?]

Se vc acha q tem alguma coisa com isso, mas não sabe o q fazer agora...

Que tal entender como Belém - sede da #COP30, quando ""o mundo"" climático estará por aqui em 2025 - chegou nesse cenário com o PSOL?
👇
bsky.app/profile/cama...

E chame belenenses pra conversa!",2024-09-02T01:06:23Z,2024-09-02T01:06:23Z,2,4,10,0,0,at://did:plc:moxr5wj3u5rwf25vgcemftvp/app.bsky.feed.post/3l34zmwwsy52c,at://did:plc:moxr5wj3u5rwf25vgcemftvp/app.bsky.feed.post/3l34zmwwsy52c,at://did:plc:2sp7f2rkr6kvnfdasbu25fmr/app.bsky.feed.post/3l34n2v7ltu2o
at://did:plc:sv6t6n2ohm2remzy5jvs7ssi/app.bsky.feed.post/3l353hn3iv624,tabacowpsol.bsky.social,Tabacow PSOL,"O #PSOL tem que crescer muito sendo fiel as raízes da Fundação. Nas #Eleições2024 #Vote50, vote nos #Vereador /es #Vereadora /s, #Prefeito /s, #Prefeita /s do PSOL. Em #SãoPaulo #Sampa #BoulosPrefeito50.
#Brasil
#Br
#NucleoDeInclusãoEReflexão 
#NIR",2024-09-02T00:52:32Z,2024-09-02T00:52:32Z,0,0,1,0,0,at://did:plc:acvjxnp5fsqoq4fwri6wuqj7/app.bsky.feed.post/3l33zetknff2u,at://did:plc:acvjxnp5fsqoq4fwri6wuqj7/app.bsky.feed.post/3l33zetknff2u,NA
at://did:plc:moxr5wj3u5rwf25vgcemftvp/app.bsky.feed.post/3l3536xecb22w,mbf.net.br,Mateus BF,"[ #ELEIÇÕES2024 - E EU COM ISSO?]

Nessas eleições, há 58 candidatos q se definem garimpeiros: a maioria concorre em cidades com histórico de GARIMPO ILEGAL
Garimpeiros se candidatam e querem dominar cidades do ouro na Amazônia e vc aí preocupado com Ⓜ️ ou 🍰

Fonte: www.metropoles.com/brasil/garim...",2024-09-02T00:47:41Z,2024-09-02T00:47:41Z,1,5,10,0,0,at://did:plc:moxr5wj3u5rwf25vgcemftvp/app.bsky.feed.post/3l34zmwwsy52c,at://did:plc:moxr5wj3u5rwf25vgcemftvp/app.bsky.feed.post/3l34zmwwsy52c,NA
at://did:plc:moxr5wj3u5rwf25vgcemftvp/app.bsky.feed.post/3l352uad4hv26,mbf.net.br,Mateus BF,"[ #ELEIÇÕES2024 - E EU COM ISSO?]

PA e MT são os estados com o maior número de GARIMPEIROS CANDIDATOS nas eleições

Coincidência?!

Sede da COP-30, PA é o único estado da Amazônia onde o licenciamento pro garimpo é de responsabilidade do município

Agora imagine o estrago de um PREFEITO GARIMPEIRO",2024-09-02T00:41:41Z,2024-09-02T00:41:41Z,1,5,9,1,0,at://did:plc:moxr5wj3u5rwf25vgcemftvp/app.bsky.feed.post/3l34zmwwsy52c,at://did:plc:moxr5wj3u5rwf25vgcemftvp/app.bsky.feed.post/3l34zmwwsy52c,NA
at://did:plc:sv6t6n2ohm2remzy5jvs7ssi/app.bsky.feed.post/3l352rjqzoj2d,tabacowpsol.bsky.social,Tabacow PSOL,"O #PSOL tem muito a crescer sendo fiel as suas raízes, Nas #Eleições2024 #Vote50, nos #Vereador /es e #Vereadora /s e #Prefeito /s do PSOL. Em #SãoPaulo #Sampa 
#BoulosPrefeito50 .
#Brasil
#Br
#NucleoDeInclusãoEReflexão
#NIR",2024-09-02T00:40:11Z,2024-09-02T00:40:11Z,1,4,15,0,0,at://did:plc:acvjxnp5fsqoq4fwri6wuqj7/app.bsky.feed.post/3l33zetknff2u,at://did:plc:acvjxnp5fsqoq4fwri6wuqj7/app.bsky.feed.post/3l33zetknff2u,NA
at://did:plc:moxr5wj3u5rwf25vgcemftvp/app.bsky.feed.post/3l3527tcr3s2h,mbf.net.br,Mateus BF,"[ #ELEIÇÕES2024 - E EU COM ISSO?]

Que ver o tamanho do problema? Ele é maior que São Paulo!

Com as pesquisas Quaest publicadas nos últimos dias (que o @camarotedacpi.bsky.social tem postado), temos o mapa de capitais nesse formato, considerado apenas o cenário do 1º Turno e quem está em primeiro
👇",2024-09-02T00:30:07Z,2024-09-02T00:30:07Z,2,2,8,1,0,at://did:plc:moxr5wj3u5rwf25vgcemftvp/app.bsky.feed.post/3l34zmwwsy52c,at://did:plc:moxr5wj3u5rwf25vgcemftvp/app.bsky.feed.post/3l34zmwwsy52c,NA
at://did:plc:urabflnjjmakw7eof7gldawy/app.bsky.feed.post/3l33scm3o6d2f,profaclaudiasouza.bsky.social,Prof.Claudia_Souza,Começou o inferno eleitoral... lixo e mentiras para todo lado. #eleicoes2024,2024-09-01T12:36:00Z,2024-09-01T12:36:00Z,0,0,1,0,0,at://did:plc:gyc3jr6hnyvlrwwchnnz3qco/app.bsky.feed.post/3l33r44clk626,at://did:plc:gyc3jr6hnyvlrwwchnnz3qco/app.bsky.feed.post/3l33r44clk626,NA
at://did:plc:hbx5vh5eakcy6l6yffdwon3s/app.bsky.feed.post/3l2z77gjo6q2t,gabrielmarquespcb.bsky.social,Gabriel Marques PCB,"E na segunda-feira à noite, faremos o lançamento oficial do jingle #GabrielMarquesEstáComVocês 21333! 

#GabrielMarques21333 #PoderPopular #PCB102anos #PCB #Partidão #TarcísioMotta50 #TarcísioERenata50 #ORioMereceMais #GabrielMarquesPCB #Eleições2024 

Edição: @lg_m26",2024-08-31T11:48:54Z,2024-08-31T11:48:53Z,0,0,1,0,0,at://did:plc:hbx5vh5eakcy6l6yffdwon3s/app.bsky.feed.post/3l2z76f5tgz2x,at://did:plc:hbx5vh5eakcy6l6yffdwon3s/app.bsky.feed.post/3l2z76f5tgz2x,NA
at://did:plc:wdjubhr4qc4geyl4yzpllwmj/app.bsky.feed.post/3l2xdphyogh2o,cubo.jor.br,CUBO | Notícias do Maranhão,"🚀 Desde 16 de agosto, as campanhas eleitorais já estão a todo vapor nas ruas, internet e redes sociais! #Eleições2024",2024-08-30T18:03:50Z,2024-08-30T18:03:50Z,0,0,0,0,0,at://did:plc:wdjubhr4qc4geyl4yzpllwmj/app.bsky.feed.post/3l2xdpf6jrf24,at://did:plc:wdjubhr4qc4geyl4yzpllwmj/app.bsky.feed.post/3l2xdog2lsi2h,NA
at://did:plc:wdjubhr4qc4geyl4yzpllwmj/app.bsky.feed.post/3l2xdpf6jrf24,cubo.jor.br,CUBO | Notícias do Maranhão,"📺 Programação:
Rádio: 7h-7h10 e 12h-12h10
TV: 13h-13h10 e 20h30-20h40
Candidatos a vereador terão inserções durante a programação. ⏰
🕒 Candidatos a prefeito têm 60% do tempo de propaganda, enquanto vereadores têm 40%. As inserções vão das 5h à meia-noite! #Eleições2024",2024-08-30T18:03:47Z,2024-08-30T18:03:47Z,1,0,0,0,0,at://did:plc:wdjubhr4qc4geyl4yzpllwmj/app.bsky.feed.post/3l2xdp2efma2g,at://did:plc:wdjubhr4qc4geyl4yzpllwmj/app.bsky.feed.post/3l2xdog2lsi2h,NA
at://did:plc:wdjubhr4qc4geyl4yzpllwmj/app.bsky.feed.post/3l2xdp2efma2g,cubo.jor.br,CUBO | Notícias do Maranhão,"🎙️ Segundo a ministra Cármen Lúcia, presidente do TSE, a propaganda eleitoral é essencial para o exercício da democracia! #Democracia #Eleições2024",2024-08-30T18:03:36Z,2024-08-30T18:03:36Z,1,0,0,0,0,at://did:plc:wdjubhr4qc4geyl4yzpllwmj/app.bsky.feed.post/3l2xdorowv32c,at://did:plc:wdjubhr4qc4geyl4yzpllwmj/app.bsky.feed.post/3l2xdog2lsi2h,NA
at://did:plc:wdjubhr4qc4geyl4yzpllwmj/app.bsky.feed.post/3l2xdorowv32c,cubo.jor.br,CUBO | Notícias do Maranhão,"📆 No 1º turno, o horário eleitoral será até 6 de outubro. Já no 2º turno, será entre 11 e 25 de outubro, para cidades com 2ª votação. A decisão final será dia 27 de outubro! #Eleições2024",2024-08-30T18:03:26Z,2024-08-30T18:03:26Z,1,0,0,0,0,at://did:plc:wdjubhr4qc4geyl4yzpllwmj/app.bsky.feed.post/3l2xdog2lsi2h,at://did:plc:wdjubhr4qc4geyl4yzpllwmj/app.bsky.feed.post/3l2xdog2lsi2h,NA
at://did:plc:oiytk54p7dapignhy5uopr5b/app.bsky.feed.post/3l2ulhph22h2y,edcruz.bsky.social,Edcruz,"#Eleicoes2024 São Paulo!
Os Paulistas caindo na lorota do Marçal!
O Mesmo que criou um FAKE NEWS do #BoulosPrefeito50 
O mesmo Marçal o mesmo que enganou o Povo do sul do doação!
Praticante da cartilha bolsonarista, Pablo Marçal mente sobre proibição de pouso de avião com doações",2024-08-29T11:44:49Z,2024-08-29T11:44:49Z,0,0,0,0,0,at://did:plc:mhp5hea6cpxdf3eclmx2p3ua/app.bsky.feed.post/3l2u4mnq2i62h,at://did:plc:mhp5hea6cpxdf3eclmx2p3ua/app.bsky.feed.post/3l2u4mnq2i62h,NA
at://did:plc:yt5ca4kwokkeesqoewkl6s47/app.bsky.feed.post/3l2sldghnbd2h,alanvictor.bsky.social,Alan Victor 🇧🇷,"Esse fenômeno significa que Bolsonaro não tem a mesma influência que ele tinha na hora do voto.
Quanto mais lideranças políticas a direita surgirem, será péssimo para ele, porque ele perderá a sua principal narrativa de que ele é um perseguido da justiça.

➡️ #Eleições2024",2024-08-28T20:34:55Z,2024-08-28T20:34:55Z,0,0,1,0,0,at://did:plc:yt5ca4kwokkeesqoewkl6s47/app.bsky.feed.post/3l2slcmexa22w,at://did:plc:yt5ca4kwokkeesqoewkl6s47/app.bsky.feed.post/3l2slafwuem27,NA
at://did:plc:yt5ca4kwokkeesqoewkl6s47/app.bsky.feed.post/3l2slcmexa22w,alanvictor.bsky.social,Alan Victor 🇧🇷,"Fortaleza:
Bolsonaro apoia André Fernandes enquanto o Bolsonarismo apoia Capitão Wagner.
Acopiara:
O partido de Bolsonaro apoia Ana Patrícia enquanto o Bolsonarismo apoia Dr Vilmar, mesmo ele tendo o apoio do PT.

➡️ #Eleições2024",2024-08-28T20:34:27Z,2024-08-28T20:34:27Z,1,0,1,0,0,at://did:plc:yt5ca4kwokkeesqoewkl6s47/app.bsky.feed.post/3l2slbhiukj25,at://did:plc:yt5ca4kwokkeesqoewkl6s47/app.bsky.feed.post/3l2slafwuem27,NA
at://did:plc:yt5ca4kwokkeesqoewkl6s47/app.bsky.feed.post/3l2slbhiukj25,alanvictor.bsky.social,Alan Victor 🇧🇷,"São Paulo:
Bolsonaro apoia Ricardo Nunes enquanto o Bolsonarismo apoia Pablo Marçal.
Belo Horizonte:
Bolsonaro apoia Bruno Engler enquanto o Bolsonarismo apoia Mauro Tramonte.
Rio de Janeiro:
Bolsonaro apoia Ramagem enquanto o Bolsonarismo apoia Eduardo Paes.

➡️ #Eleições2024",2024-08-28T20:33:49Z,2024-08-28T20:33:49Z,1,0,2,0,0,at://did:plc:yt5ca4kwokkeesqoewkl6s47/app.bsky.feed.post/3l2slafwuem27,at://did:plc:yt5ca4kwokkeesqoewkl6s47/app.bsky.feed.post/3l2slafwuem27,NA
at://did:plc:sn7b23h46p4l3hkhm6mwpwzm/app.bsky.feed.post/3l2qbm3wtqn2y,carlosgeovane.bsky.social,‏️#ϾG 🦋 ‏️»,#RBSnotícias #Eleições2024,2024-08-27T22:37:48Z,2024-08-27T22:37:48Z,0,0,0,0,0,at://did:plc:sn7b23h46p4l3hkhm6mwpwzm/app.bsky.feed.post/3l2qbkrcei32k,at://did:plc:sn7b23h46p4l3hkhm6mwpwzm/app.bsky.feed.post/3l2qbcdgb372n,NA
at://did:plc:sn7b23h46p4l3hkhm6mwpwzm/app.bsky.feed.post/3l2qbkrcei32k,carlosgeovane.bsky.social,‏️#ϾG 🦋 ‏️»,💀 #RBSnotícias #Eleições2024,2024-08-27T22:37:04Z,2024-08-27T22:37:04Z,1,0,0,0,0,at://did:plc:sn7b23h46p4l3hkhm6mwpwzm/app.bsky.feed.post/3l2qbiho7ck23,at://did:plc:sn7b23h46p4l3hkhm6mwpwzm/app.bsky.feed.post/3l2qbcdgb372n,NA
at://did:plc:sn7b23h46p4l3hkhm6mwpwzm/app.bsky.feed.post/3l2qbiho7ck23,carlosgeovane.bsky.social,‏️#ϾG 🦋 ‏️»,#RBSnotícias #Eleições2024,2024-08-27T22:35:46Z,2024-08-27T22:35:46Z,1,0,0,0,0,at://did:plc:sn7b23h46p4l3hkhm6mwpwzm/app.bsky.feed.post/3l2qbe6unxl2k,at://did:plc:sn7b23h46p4l3hkhm6mwpwzm/app.bsky.feed.post/3l2qbcdgb372n,NA
at://did:plc:sn7b23h46p4l3hkhm6mwpwzm/app.bsky.feed.post/3l2qbe6unxl2k,carlosgeovane.bsky.social,‏️#ϾG 🦋 ‏️»,#RBSnotícias #Eleições2024,2024-08-27T22:33:23Z,2024-08-27T22:33:23Z,1,0,0,0,0,at://did:plc:sn7b23h46p4l3hkhm6mwpwzm/app.bsky.feed.post/3l2qbcdgb372n,at://did:plc:sn7b23h46p4l3hkhm6mwpwzm/app.bsky.feed.post/3l2qbcdgb372n,NA
at://did:plc:oiytk54p7dapignhy5uopr5b/app.bsky.feed.post/3l2mywu5lhs2l,edcruz.bsky.social,Edcruz,"O que foi isso moleque, o 
#lamaçal foi querer fazer campanha na Feira de São Paulo, passou vergonha ..
Chamado de Ladrão de banco!
Saiu com o rabo entre as pernas..
Adoro..
#Eleicoes2024",2024-08-26T11:24:37Z,2024-08-26T11:24:37Z,0,0,0,0,0,at://did:plc:sjxm7co3dtxljtn7wxkedsnm/app.bsky.feed.post/3l2lomvybfi2y,at://did:plc:sjxm7co3dtxljtn7wxkedsnm/app.bsky.feed.post/3l2lomvybfi2y,NA
at://did:plc:oiytk54p7dapignhy5uopr5b/app.bsky.feed.post/3l2fy6vadjj2t,edcruz.bsky.social,Edcruz,"@TSEjusbr  Até quando continuaram omissos as truculentas agressivas sem provas do Ladrão de Idoso Pablo Marçal, onde novamente em gestos, falando que o @GuilhermeBoulos e usuário de drogas !
Basta de atitudes enérgicas exemplar,se existir isso no #TSE e urgentes
#Eleicoes2024",2024-08-23T16:22:35Z,2024-08-23T16:22:35Z,0,0,0,0,0,at://did:plc:sjxm7co3dtxljtn7wxkedsnm/app.bsky.feed.post/3l2fw3ygwn32x,at://did:plc:sjxm7co3dtxljtn7wxkedsnm/app.bsky.feed.post/3l2fw3ygwn32x,NA
at://did:plc:rsnhhrmk6xez3y6psml3jknl/app.bsky.feed.post/3kxmyzqqmuc23,silmetoo.bsky.social,Silvia PT 13🚩,"
📍 Expo Center Norte (Rua José Bernardo Pinto, 333)

Inscreva-se:
cuidardesp.com.br/convencao/

Contamos com você! Juntos vamos devolver São Paulo para o povo! ✊🏾 #Eleições2024 #Boulos #Marta #Lula #SãoPaulo #claudetealvescoletivovozes
www.instagram.com/p/C9MCC_NOkc...",2024-07-19T11:10:48Z,2024-07-19T11:10:48Z,0,1,2,0,0,at://did:plc:rsnhhrmk6xez3y6psml3jknl/app.bsky.feed.post/3kxmyyqsksp23,at://did:plc:rsnhhrmk6xez3y6psml3jknl/app.bsky.feed.post/3kxmyyqsksp23,NA
at://did:plc:tmfx73ppdmr7d7pfuneqelsc/app.bsky.feed.post/3kwzzayuemr24,driufc.bsky.social,🇩 🇷 🇮 🇺 🇫 🇨,"Nesse contexto, cerca de 300 pré-candidatos e candidatas do Movimento Sem Terra estiveram envolvidos nos últimos três dias em um processo de estudo e reflexão, preparando-se para a disputa institucional de 2024.

#TodosPelaReformaAgrária #Eleições2024 #MSTNasEleições #TôComMST",2024-07-11T21:54:16Z,2024-07-11T21:54:16Z,0,0,1,0,0,at://did:plc:tmfx73ppdmr7d7pfuneqelsc/app.bsky.feed.post/3kwzz7f7b4x2q,at://did:plc:tmfx73ppdmr7d7pfuneqelsc/app.bsky.feed.post/3kwzz7f7b4x2q,NA
at://did:plc:tmfx73ppdmr7d7pfuneqelsc/app.bsky.feed.post/3kwz64hntdr2p,driufc.bsky.social,🇩 🇷 🇮 🇺 🇫 🇨,"Fotos: Priscila Ramos

#TodosPelaReformaAgrária #Eleições2024 #MSTNasEleições #TôComMST",2024-07-11T13:48:33Z,2024-07-11T13:48:33Z,0,0,0,0,0,at://did:plc:tmfx73ppdmr7d7pfuneqelsc/app.bsky.feed.post/3kwz63gnhts2d,at://did:plc:tmfx73ppdmr7d7pfuneqelsc/app.bsky.feed.post/3kwz5ynvth22w,NA
at://did:plc:tmfx73ppdmr7d7pfuneqelsc/app.bsky.feed.post/3kwxn23453o2s,driufc.bsky.social,🇩 🇷 🇮 🇺 🇫 🇨,"...e reflexão resgatando valores e compromissos como o trabalho de base, a agitação e propaganda, e a importância do trabalho territorial nas periferias e bairros na disputa institucional de 2024. 
 
#TodosPelaReformaAgrária #Eleições2024 #MSTNasEleições #TôComMST",2024-07-10T23:10:19Z,2024-07-10T23:10:19Z,0,0,0,0,0,at://did:plc:tmfx73ppdmr7d7pfuneqelsc/app.bsky.feed.post/3kwxmwyhcof23,at://did:plc:tmfx73ppdmr7d7pfuneqelsc/app.bsky.feed.post/3kwxmv37etv2m,NA
at://did:plc:tmfx73ppdmr7d7pfuneqelsc/app.bsky.feed.post/3kwwmptpx6v2k,driufc.bsky.social,🇩 🇷 🇮 🇺 🇫 🇨,"📷 Confere alguns registros e acompanha com a gente a preparação dos pré-candidatos e pré-candidatas do Movimento Sem Terra para as eleições 2024. Fotos: Priscila Ramos

#TodosPelaReformaAgrária #Eleições2024 #MSTNasEleições #TôComMST",2024-07-10T13:31:56Z,2024-07-10T13:31:56Z,0,1,4,0,0,at://did:plc:tmfx73ppdmr7d7pfuneqelsc/app.bsky.feed.post/3kwwmoqmzkc2w,at://did:plc:tmfx73ppdmr7d7pfuneqelsc/app.bsky.feed.post/3kwwmn2pmog2x,NA
at://did:plc:tmfx73ppdmr7d7pfuneqelsc/app.bsky.feed.post/3kwubc52nmb2k,driufc.bsky.social,🇩 🇷 🇮 🇺 🇫 🇨,"O Encontro com o objetivo de organizar o planejamento para as eleições, conta com uma ampla programação de formação até a próxima quinta-feira (11).

📷 Fotos: Priscila Ramos

#TodosPelaReformaAgrária #Eleições2024 #MSTNasEleições",2024-07-09T15:02:05Z,2024-07-09T15:02:05Z,0,1,4,0,0,at://did:plc:tmfx73ppdmr7d7pfuneqelsc/app.bsky.feed.post/3kwubawsqkz2k,at://did:plc:tmfx73ppdmr7d7pfuneqelsc/app.bsky.feed.post/3kwub7dmvir2e,NA
at://did:plc:sn7b23h46p4l3hkhm6mwpwzm/app.bsky.feed.post/3kvpibyl5xb2d,carlosgeovane.bsky.social,‏️#ϾG 🦋 ‏️»,#Eleições2024,2024-06-24T23:59:20Z,2024-06-24T23:58:48Z,0,0,0,0,0,at://did:plc:sn7b23h46p4l3hkhm6mwpwzm/app.bsky.feed.post/3kvpiaytnfw2z,at://did:plc:sn7b23h46p4l3hkhm6mwpwzm/app.bsky.feed.post/3kvpiaytnfw2z,NA
at://did:plc:ummmqekx2ond2dsqfkvpmcda/app.bsky.feed.post/3kvf3lmmy222a,hypolito.bsky.social,HYPOLITO MARTINEZ JR,"#DescriminalizaSTF Querem que eu desenhe? Vocês leem noticias, fora da #bolha? #PL22 (Moraes Xandão Boulos Milei Boechat Governador Copom Nunes Damares #eleicoes2024 #eleicoesmunicipais #eleicoesmunicipais2024",2024-06-20T20:44:54Z,2024-06-20T20:44:54Z,0,2,4,0,0,at://did:plc:a5o5pa6imrd52s627zq63zgz/app.bsky.feed.post/3kvetsreo3s2r,at://did:plc:a5o5pa6imrd52s627zq63zgz/app.bsky.feed.post/3kvetsreo3s2r,NA
at://did:plc:oiytk54p7dapignhy5uopr5b/app.bsky.feed.post/3krwiahhhcm2o,edcruz.bsky.social,Edcruz,"Esses são os Bolsonoides que estão no EUA, novamente fazendo o #Brasil passar vergonha!
..E Ignoram a tragédia no RIO GRANDE DO SUL
Que sirva de exemplo para aquele povo, o Estado mais bolsonaristas do Brasil "" NÃO VOTE QUEM APOIO BOLSONARO""
#Eleicoes2024 #Brasil",2024-05-07T21:05:46Z,2024-05-07T21:05:46Z,0,0,0,0,0,at://did:plc:xn5cja2cotnc5niqdamxayki/app.bsky.feed.post/3krvshomdfc2e,at://did:plc:xn5cja2cotnc5niqdamxayki/app.bsky.feed.post/3krvshomdfc2e,NA
at://did:plc:vxtnj6jczc3wbjcgcvidbcta/app.bsky.feed.post/3krlhbyojbn2s,euclareana.bsky.social,Clareana Cunha,5/ São Paulo está sendo drenada e só neste ano temos a chance de mudar isso. Somente o voto garante o direito à cidade novamente. #Eleicoes2024 #DireitoACidade,2024-05-03T11:49:28Z,2024-05-03T11:49:28Z,0,0,0,0,0,at://did:plc:vxtnj6jczc3wbjcgcvidbcta/app.bsky.feed.post/3krlh7rlgjk27,at://did:plc:vxtnj6jczc3wbjcgcvidbcta/app.bsky.feed.post/3krlh5aedms2q,NA
at://did:plc:ummmqekx2ond2dsqfkvpmcda/app.bsky.feed.post/3krbpbud7kb2t,hypolito.bsky.social,HYPOLITO MARTINEZ JR,"Nas #eleições2024, #eleições PRESTEM ATENÇÃO- O nosso  #dinheiro de IMPOSTOS  (#Educação, #saúde, #transporte, #alimentacao, etc.) está com eles que teem TUDO! Tarcísio Pacheco Congresso Nacional #Brasil",2024-04-29T14:45:56Z,2024-04-29T14:45:56Z,0,0,0,0,0,at://did:plc:jaxlpqns7xxvpbb5y7i4ksyb/app.bsky.feed.post/3krbkmelkjc2a,at://did:plc:jaxlpqns7xxvpbb5y7i4ksyb/app.bsky.feed.post/3krbkmelkjc2a,NA
at://did:plc:ummmqekx2ond2dsqfkvpmcda/app.bsky.feed.post/3krbpb6e4qq2z,hypolito.bsky.social,HYPOLITO MARTINEZ JR,"Nas #eleições2024, #eleições PRESTEM ATENÇÃO- O nosso  #dinheiro de IMPOSTOS  (#Educação, #saúde, #transporte, #alimentacao, etc.) está com eles que teem TUDO! Tarcísio Pacheco Congresso Nacional #Brasil",2024-04-29T14:45:33Z,2024-04-29T14:45:33Z,0,0,0,0,0,at://did:plc:wyddyecnl7jzbmecw6rrh4uw/app.bsky.feed.post/3krbhzhv3lb2r,at://did:plc:wyddyecnl7jzbmecw6rrh4uw/app.bsky.feed.post/3krbhzhv3lb2r,NA
at://did:plc:ummmqekx2ond2dsqfkvpmcda/app.bsky.feed.post/3krbpap55o32q,hypolito.bsky.social,HYPOLITO MARTINEZ JR,"Nas #eleições2024, #eleições PRESTEM ATENÇÃO- O nosso  #dinheiro de IMPOSTOS  (#Educação, #saúde, #transporte, #alimentacao, etc.) está com eles que teem TUDO! Tarcísio Pacheco Congresso Nacional #Brasil",2024-04-29T14:45:17Z,2024-04-29T14:45:17Z,0,0,0,0,0,at://did:plc:hq4rqsbe4yifhzzxyko3mlwj/app.bsky.feed.post/3krbomsbgas2f,at://did:plc:hq4rqsbe4yifhzzxyko3mlwj/app.bsky.feed.post/3krbomsbgas2f,NA
at://did:plc:ummmqekx2ond2dsqfkvpmcda/app.bsky.feed.post/3krbpabuql522,hypolito.bsky.social,HYPOLITO MARTINEZ JR,"Nas #eleições2024, #eleições PRESTEM ATENÇÃO- O nosso  #dinheiro de IMPOSTOS  (#Educação, #saúde, #transporte, #alimentacao, etc.) está com eles que teem TUDO! Tarcísio Pacheco Congresso Nacional #Brasil",2024-04-29T14:45:03Z,2024-04-29T14:45:03Z,0,2,4,0,0,at://did:plc:gd3bqccqpfke4zz2fo6yvfvs/app.bsky.feed.post/3krbl3ga7x22l,at://did:plc:gd3bqccqpfke4zz2fo6yvfvs/app.bsky.feed.post/3krbl3ga7x22l,NA
at://did:plc:ummmqekx2ond2dsqfkvpmcda/app.bsky.feed.post/3krbp7txni22q,hypolito.bsky.social,HYPOLITO MARTINEZ JR,"Nas #eleições2024, #eleições PRESTEM ATENÇÃO- O nosso  #dinheiro de IMPOSTOS  (#Educação, #saúde, #transporte, #alimentacao, etc.) está com eles que teem TUDO! Tarcísio Pacheco Congresso Nacional #Brasil",2024-04-29T14:44:48Z,2024-04-29T14:44:48Z,0,0,0,0,0,at://did:plc:fhowz75lmnngepxivj4p4yuz/app.bsky.feed.post/3krbieb2pmv2f,at://did:plc:fhowz75lmnngepxivj4p4yuz/app.bsky.feed.post/3krbieb2pmv2f,NA
at://did:plc:ummmqekx2ond2dsqfkvpmcda/app.bsky.feed.post/3krbp7fugvp2l,hypolito.bsky.social,HYPOLITO MARTINEZ JR,"Nas #eleições2024, #eleições PRESTEM ATENÇÃO- O nosso  #dinheiro de IMPOSTOS  (#Educação, #saúde, #transporte, #alimentacao, etc.) está com eles que teem TUDO! Tarcísio Pacheco Congresso Nacional #Brasil",2024-04-29T14:44:34Z,2024-04-29T14:44:34Z,1,0,0,0,0,at://did:plc:3zb6cejpu3xtpvgk4q5vsvzh/app.bsky.feed.post/3krbnwa5h6y2m,at://did:plc:3zb6cejpu3xtpvgk4q5vsvzh/app.bsky.feed.post/3krbnwa5h6y2m,NA
at://did:plc:ummmqekx2ond2dsqfkvpmcda/app.bsky.feed.post/3krbp6ymohp2p,hypolito.bsky.social,HYPOLITO MARTINEZ JR,"Nas #eleições2024, #eleições PRESTEM ATENÇÃO- O nosso  #dinheiro de IMPOSTOS  (#Educação, #saúde, #transporte, #alimentacao, etc.) está com eles que teem TUDO! Tarcísio Pacheco Congresso Nacional #Brasil",2024-04-29T14:44:20Z,2024-04-29T14:44:20Z,0,0,0,0,0,at://did:plc:acvjxnp5fsqoq4fwri6wuqj7/app.bsky.feed.post/3krbkfok6ac2e,at://did:plc:acvjxnp5fsqoq4fwri6wuqj7/app.bsky.feed.post/3krbkfok6ac2e,NA
at://did:plc:ummmqekx2ond2dsqfkvpmcda/app.bsky.feed.post/3krbp6jr3pp2p,hypolito.bsky.social,HYPOLITO MARTINEZ JR,"Nas #eleições2024, #eleições PRESTEM ATENÇÃO- O nosso  #dinheiro de IMPOSTOS  (#Educação, #saúde, #transporte, #alimentacao, etc.) está com eles que teem TUDO! Tarcísio Pacheco Congresso Nacional #Brasil",2024-04-29T14:44:04Z,2024-04-29T14:44:04Z,0,0,0,0,0,at://did:plc:dobrsxt3kcxv2u3azwhfiuxd/app.bsky.feed.post/3krbmxqu3zh2p,at://did:plc:dobrsxt3kcxv2u3azwhfiuxd/app.bsky.feed.post/3krbmxqu3zh2p,NA
at://did:plc:ummmqekx2ond2dsqfkvpmcda/app.bsky.feed.post/3krbp646ehu2t,hypolito.bsky.social,HYPOLITO MARTINEZ JR,"Nas #eleições2024, #eleições PRESTEM ATENÇÃO- O nosso  #dinheiro de IMPOSTOS  (#Educação, #saúde, #transporte, #alimentacao, etc.) está com eles que teem TUDO! Tarcísio Pacheco Congresso Nacional #Brasil",2024-04-29T14:43:50Z,2024-04-29T14:43:50Z,0,2,1,0,0,at://did:plc:bvdczzyaip2klzg5lcxqnxms/app.bsky.feed.post/3krbmnq752r2g,at://did:plc:bvdczzyaip2klzg5lcxqnxms/app.bsky.feed.post/3krbmnq752r2g,NA
at://did:plc:zvaxkrr4zohwg3fmh6ykn3nq/app.bsky.feed.post/3kqzeit2is624,022eduardo.bsky.social,Eduardo Torres ★彡,#Eleições2024,2024-04-26T07:11:42Z,2024-04-26T07:11:42Z,0,0,1,0,0,at://did:plc:zvaxkrr4zohwg3fmh6ykn3nq/app.bsky.feed.post/3kqzcyfhimt22,at://did:plc:zvaxkrr4zohwg3fmh6ykn3nq/app.bsky.feed.post/3kqzcyfhimt22,NA
at://did:plc:ummmqekx2ond2dsqfkvpmcda/app.bsky.feed.post/3kqjcvwcbt527,hypolito.bsky.social,HYPOLITO MARTINEZ JR,"@bcdevangelica #ATENÇÃO #BRASILEIROS!
Essa FARRA tem que acabar!
(#eleição #eleições2024 ) Câmara Senado Lira Tarcísio Governo Lula Ministro Pacheco Valdemar Votaria Trending Erika @MPF_PGR @CGUonline",2024-04-19T22:00:37Z,2024-04-19T22:00:37Z,0,0,1,0,0,at://did:plc:2cnpaljltp4m25b4wkzrq75e/app.bsky.feed.post/3kqj6ibt2w22w,at://did:plc:2cnpaljltp4m25b4wkzrq75e/app.bsky.feed.post/3kqj6ibt2w22w,NA
at://did:plc:ummmqekx2ond2dsqfkvpmcda/app.bsky.feed.post/3kqjcux7krm2z,hypolito.bsky.social,HYPOLITO MARTINEZ JR,"@bcdevangelica #ATENÇÃO #BRASILEIROS!
Essa FARRA tem que acabar!
(#eleição #eleições2024 ) Câmara Senado Lira Tarcísio Governo Lula Ministro Pacheco Valdemar Votaria Trending Erika @MPF_PGR @CGUonline",2024-04-19T22:00:04Z,2024-04-19T22:00:04Z,0,0,0,0,0,at://did:plc:dobrsxt3kcxv2u3azwhfiuxd/app.bsky.feed.post/3kqj3z5tky62p,at://did:plc:dobrsxt3kcxv2u3azwhfiuxd/app.bsky.feed.post/3kqj3z5tky62p,NA
at://did:plc:ummmqekx2ond2dsqfkvpmcda/app.bsky.feed.post/3kqj6lt46tn2j,hypolito.bsky.social,HYPOLITO MARTINEZ JR,"@bcdevangelica #ATENÇÃO #BRASILEIROS!
Essa FARRA tem que acabar!
(#eleição #eleições2024 ) Câmara Senado Lira Tarcísio Governo Lula Ministro Pacheco Valdemar Votaria Trending Erika @MPF_PGR @CGUonline",2024-04-19T20:43:23Z,2024-04-19T20:43:23Z,0,0,2,0,0,at://did:plc:em57cgm663tmkmfgek7tcgfj/app.bsky.feed.post/3kqj5zgzrek27,at://did:plc:em57cgm663tmkmfgek7tcgfj/app.bsky.feed.post/3kqj5zgzrek27,NA
at://did:plc:ummmqekx2ond2dsqfkvpmcda/app.bsky.feed.post/3kqj6lc7l2v2w,hypolito.bsky.social,HYPOLITO MARTINEZ JR,"@bcdevangelica #ATENÇÃO #BRASILEIROS!
Essa FARRA tem que acabar!
(#eleição #eleições2024 ) Câmara Senado Lira Tarcísio Governo Lula Ministro Pacheco Valdemar Votaria Trending Erika @MPF_PGR @CGUonline",2024-04-19T20:43:05Z,2024-04-19T20:43:05Z,0,1,1,0,0,at://did:plc:fhowz75lmnngepxivj4p4yuz/app.bsky.feed.post/3kqj34q3j4526,at://did:plc:fhowz75lmnngepxivj4p4yuz/app.bsky.feed.post/3kqj34q3j4526,NA
at://did:plc:ummmqekx2ond2dsqfkvpmcda/app.bsky.feed.post/3kqgse76vld2z,hypolito.bsky.social,HYPOLITO MARTINEZ JR,"ATENÇÃO!
É #fato, é #historia e #terror!
(#Eleições2024 #partidos #política #Brasil #Brazil #direita #PL22 #CENTRAO #Câmara #Senado)Sentiu Bolsonarismo Arthur Lira Golpe Judiciario Supremo América Latina",2024-04-18T21:59:03Z,2024-04-18T21:59:03Z,0,0,0,0,0,at://did:plc:uxwlgi2gxjctfdkjopzjy2cs/app.bsky.feed.post/3kqgmvawldz2z,at://did:plc:uxwlgi2gxjctfdkjopzjy2cs/app.bsky.feed.post/3kqgmvawldz2z,NA
at://did:plc:5tmqyl2lr6lsdhvmmwh3lzlc/app.bsky.feed.post/3kq4g2b4d2a2w,nelisa.bsky.social,NA,nunca esquecer vítimas e órfãos da COVID por negligência #bolsonarismomata #sussalva  #eleições2024 ATENÇÃO!,2024-04-14T18:52:07Z,2024-04-14T18:52:07Z,1,0,3,0,0,at://did:plc:k5cg5jf6p7u6k4dwibtf6sdx/app.bsky.feed.post/3kq44c43xs623,at://did:plc:k5cg5jf6p7u6k4dwibtf6sdx/app.bsky.feed.post/3kq44c43xs623,NA
