year,state,state_po,candidate,party,votes,totalvotes
1976,Alabama,AL,"Bubar, Benjamin """"Ben""""",Other,6669,1182850
1976,Alabama,AL,"Carter, Jimmy",Democrat,659170,1182850
1976,Alabama,AL,"Ford, Gerald",Republican,504070,1182850
1976,Alabama,AL,"Hall, Gus",Other,1954,1182850
1976,Alabama,AL,"Macbride, Roger",Other,1481,1182850
1976,Alabama,AL,"Maddox, Lester",Other,9198,1182850
1976,Alabama,AL,NA,Other,308,1182850
1976,Alaska,AK,"Carter, Jimmy",Democrat,44058,123574
1976,Alaska,AK,"Ford, Gerald",Republican,71555,123574
1976,Alaska,AK,"Macbride, Roger",Other,6785,123574
1976,Alaska,AK,NA,Other,1176,123574
1976,Arizona,AZ,"Anderson, Thomas J.",Other,564,742719
1976,Arizona,AZ,"Camejo, Peter",Other,928,742719
1976,Arizona,AZ,"Carter, Jimmy",Democrat,295602,742719
1976,Arizona,AZ,"Ford, Gerald",Republican,418642,742719
1976,Arizona,AZ,"Macbride, Roger",Other,7647,742719
1976,Arizona,AZ,"Maddox, Lester",Other,85,742719
1976,Arizona,AZ,"Mccarthy, Eugene """"Gene""""",Other,19229,742719
1976,Arizona,AZ,NA,Other,22,742719
1976,Arkansas,AR,"Carter, Jimmy",Democrat,498604,767535
1976,Arkansas,AR,"Ford, Gerald",Republican,267903,767535
1976,Arkansas,AR,"Maddox, Lester",Other,389,767535
1976,Arkansas,AR,NA,Other,639,767535
1976,California,CA,"Camejo, Peter",Other,17259,7803770
1976,California,CA,"Carter, Jimmy",Democrat,3742284,7803770
1976,California,CA,"Ford, Gerald",Republican,3882244,7803770
1976,California,CA,"Hall, Gus",Other,12766,7803770
1976,California,CA,"Macbride, Roger",Other,56388,7803770
1976,California,CA,"Maddox, Lester",Other,51098,7803770
1976,California,CA,"Wright, Margaret",Other,41731,7803770
1976,Colorado,CO,"Bubar, Benjamin """"Ben""""",Other,2886,1081440
1976,Colorado,CO,"Camejo, Peter",Other,1122,1081440
1976,Colorado,CO,"Carter, Jimmy",Democrat,460801,1081440
1976,Colorado,CO,"Ford, Gerald",Republican,584278,1081440
1976,Colorado,CO,"Hall, Gus",Other,403,1081440
1976,Colorado,CO,"Larouche, Lyndon, Jr.",Other,565,1081440
1976,Colorado,CO,"Macbride, Roger",Other,5338,1081440
1976,Colorado,CO,"Mccarthy, Eugene """"Gene""""",Other,26047,1081440
1976,Connecticut,CT,"Carter, Jimmy",Democrat,647895,1386355
1976,Connecticut,CT,"Ford, Gerald",Republican,719261,1386355
1976,Connecticut,CT,"Larouche, Lyndon, Jr.",Other,1789,1386355
1976,Connecticut,CT,"Maddox, Lester",Other,7101,1386355
1976,Connecticut,CT,Scattering,Other,10309,1386355
1976,Delaware,DE,"Anderson, Thomas J.",Other,645,235642
1976,Delaware,DE,"Bubar, Benjamin """"Ben""""",Other,103,235642
1976,Delaware,DE,"Carter, Jimmy",Democrat,122461,235642
1976,Delaware,DE,"Ford, Gerald",Republican,109780,235642
1976,Delaware,DE,"Larouche, Lyndon, Jr.",Other,135,235642
1976,Delaware,DE,NA,Other,2432,235642
1976,Delaware,DE,NA,Other,86,235642
1976,District Of Columbia,DC,"Carter, Jimmy",Democrat,137818,168830
1976,District Of Columbia,DC,"Ford, Gerald",Republican,27873,168830
1976,District Of Columbia,DC,Other,Other,1656,168830
1976,District Of Columbia,DC,NA,Other,1195,168830
1976,District Of Columbia,DC,NA,Other,288,168830
1976,Florida,FL,"Anderson, Thomas J.",Other,21325,3150631
1976,Florida,FL,"Carter, Jimmy",Democrat,1636000,3150631
1976,Florida,FL,"Ford, Gerald",Republican,1469531,3150631
1976,Florida,FL,"Mccarthy, Eugene """"Gene""""",Other,23643,3150631
1976,Florida,FL,NA,Other,132,3150631
1976,Georgia,GA,"Carter, Jimmy",Democrat,979409,1463152
1976,Georgia,GA,"Ford, Gerald",Republican,483743,1463152
1976,Hawaii,HI,"Carter, Jimmy",Democrat,147375,291301
1976,Hawaii,HI,"Ford, Gerald",Republican,140003,291301
1976,Hawaii,HI,"Macbride, Roger",Other,3923,291301
1976,Idaho,ID,"Carter, Jimmy",Democrat,126549,340932
1976,Idaho,ID,"Ford, Gerald",Republican,204151,340932
1976,Idaho,ID,"Larouche, Lyndon, Jr.",Other,739,340932
1976,Idaho,ID,"Macbride, Roger",Other,3558,340932
1976,Idaho,ID,"Maddox, Lester",Other,5935,340932
1976,Illinois,IL,"Camejo, Peter",Other,3615,4721282
1976,Illinois,IL,"Carter, Jimmy",Democrat,2271295,4721282
1976,Illinois,IL,"Ford, Gerald",Republican,2364269,4721282
1976,Illinois,IL,"Hall, Gus",Other,9250,4721282
1976,Illinois,IL,"Julius """"Jules"""", Levin",Other,2422,4721282
1976,Illinois,IL,"Larouche, Lyndon, Jr.",Other,2018,4721282
1976,Illinois,IL,"Macbride, Roger",Other,8057,4721282
1976,Illinois,IL,"Mccarthy, Eugene """"Gene""""",Other,55939,4721282
1976,Illinois,IL,NA,Other,4417,4721282
1976,Indiana,IN,"Anderson, Thomas J.",Other,14048,2220362
1976,Indiana,IN,"Camejo, Peter",Other,5695,2220362
1976,Indiana,IN,"Carter, Jimmy",Democrat,1014714,2220362
1976,Indiana,IN,"Ford, Gerald",Republican,1183958,2220362
1976,Indiana,IN,"Larouche, Lyndon, Jr.",Other,1947,2220362
1976,Iowa,IA,"Anderson, Thomas J.",Other,3041,1279303
1976,Iowa,IA,"Camejo, Peter",Other,262,1279303
1976,Iowa,IA,"Carter, Jimmy",Democrat,619931,1279303
1976,Iowa,IA,"Ford, Gerald",Republican,632864,1279303
1976,Iowa,IA,"Hall, Gus",Other,551,1279303
1976,Iowa,IA,"Julius """"Jules"""", Levin",Other,160,1279303
1976,Iowa,IA,"Larouche, Lyndon, Jr.",Other,241,1279303
1976,Iowa,IA,"Macbride, Roger",Other,1454,1279303
1976,Iowa,IA,"Mccarthy, Eugene """"Gene""""",Other,20057,1279303
1976,Iowa,IA,Scattering,Other,509,1279303
1976,Iowa,IA,"Zeidler, Frank",Other,233,1279303
1976,Kansas,KS,"Anderson, Thomas J.",Other,4724,957845
1976,Kansas,KS,"Bubar, Benjamin """"Ben""""",Other,1403,957845
1976,Kansas,KS,"Carter, Jimmy",Democrat,430421,957845
1976,Kansas,KS,"Ford, Gerald",Republican,502752,957845
1976,Kansas,KS,"Macbride, Roger",Other,3242,957845
1976,Kansas,KS,"Maddox, Lester",Other,2118,957845
1976,Kansas,KS,"Mccarthy, Eugene """"Gene""""",Other,13185,957845
1976,Kentucky,KY,"Anderson, Thomas J.",Other,8308,1167142
1976,Kentucky,KY,"Camejo, Peter",Other,350,1167142
1976,Kentucky,KY,"Carter, Jimmy",Democrat,615717,1167142
1976,Kentucky,KY,"Ford, Gerald",Republican,531852,1167142
1976,Kentucky,KY,"Hall, Gus",Other,426,1167142
1976,Kentucky,KY,"Larouche, Lyndon, Jr.",Other,510,1167142
1976,Kentucky,KY,"Macbride, Roger",Other,814,1167142
1976,Kentucky,KY,"Maddox, Lester",Other,2328,1167142
1976,Kentucky,KY,"Mccarthy, Eugene """"Gene""""",Other,6837,1167142
1976,Louisiana,LA,"Camejo, Peter",Other,1473,1277383
1976,Louisiana,LA,"Carter, Jimmy",Democrat,661365,1277383
1976,Louisiana,LA,"Ford, Gerald",Republican,587446,1277383
1976,Louisiana,LA,"Hall, Gus",Other,7417,1277383
1976,Louisiana,LA,"Macbride, Roger",Other,3134,1277383
1976,Louisiana,LA,"Maddox, Lester",Other,10058,1277383
1976,Louisiana,LA,"Mccarthy, Eugene """"Gene""""",Other,6490,1277383
1976,Maine,ME,"Bubar, Benjamin """"Ben""""",Other,3495,482968
1976,Maine,ME,"Carter, Jimmy",Democrat,232279,482968
1976,Maine,ME,"Ford, Gerald",Republican,236320,482968
1976,Maine,ME,"Mccarthy, Eugene """"Gene""""",Other,10874,482968
1976,Maryland,MD,"Carter, Jimmy",Democrat,759612,1432273
1976,Maryland,MD,"Ford, Gerald",Republican,672661,1432273
1976,Massachusetts,MA,"Anderson, Thomas J.",Other,7555,2547558
1976,Massachusetts,MA,"Camejo, Peter",Other,8138,2547558
1976,Massachusetts,MA,"Carter, Jimmy",Democrat,1429475,2547558
1976,Massachusetts,MA,"Ford, Gerald",Republican,1030276,2547558
1976,Massachusetts,MA,"Julius """"Jules"""", Levin",Other,19,2547558
1976,Massachusetts,MA,"Larouche, Lyndon, Jr.",Other,4922,2547558
1976,Massachusetts,MA,"Macbride, Roger",Other,135,2547558
1976,Massachusetts,MA,"Mccarthy, Eugene """"Gene""""",Other,65637,2547558
1976,Massachusetts,MA,Scattering,Other,1401,2547558
1976,Michigan,MI,"Camejo, Peter",Other,1804,3651590
1976,Michigan,MI,"Carter, Jimmy",Democrat,1696714,3651590
1976,Michigan,MI,"Ford, Gerald",Republican,1893742,3651590
1976,Michigan,MI,"Julius """"Jules"""", Levin",Other,1148,3651590
1976,Michigan,MI,"Larouche, Lyndon, Jr.",Other,1366,3651590
1976,Michigan,MI,"Macbride, Roger",Other,5407,3651590
1976,Michigan,MI,"Mccarthy, Eugene """"Gene""""",Other,47905,3651590
1976,Michigan,MI,"Wright, Margaret",Other,3504,3651590
1976,Minnesota,MN,"Anderson, Thomas J.",Other,13592,1949931
1976,Minnesota,MN,"Camejo, Peter",Other,4149,1949931
1976,Minnesota,MN,"Carter, Jimmy",Democrat,1070440,1949931
1976,Minnesota,MN,"Ford, Gerald",Republican,819395,1949931
1976,Minnesota,MN,"Hall, Gus",Other,1092,1949931
1976,Minnesota,MN,"Julius """"Jules"""", Levin",Other,370,1949931
1976,Minnesota,MN,"Larouche, Lyndon, Jr.",Other,543,1949931
1976,Minnesota,MN,"Macbride, Roger",Other,3529,1949931
1976,Minnesota,MN,"Mccarthy, Eugene """"Gene""""",Other,35490,1949931
1976,Minnesota,MN,"Wright, Margaret",Other,635,1949931
1976,Minnesota,MN,"Zeidler, Frank",Other,354,1949931
1976,Minnesota,MN,NA,Other,342,1949931
1976,Mississippi,MS,"Anderson, Thomas J.",Other,6678,768390
1976,Mississippi,MS,"Camejo, Peter",Other,2805,768390
1976,Mississippi,MS,"Carter, Jimmy",Democrat,381329,768390
1976,Mississippi,MS,"Ford, Gerald",Republican,366846,768390
1976,Mississippi,MS,"Macbride, Roger",Other,2609,768390
1976,Mississippi,MS,"Maddox, Lester",Other,4049,768390
1976,Mississippi,MS,"Mccarthy, Eugene """"Gene""""",Other,4074,768390
1976,Missouri,MO,"Carter, Jimmy",Democrat,998387,1953600
1976,Missouri,MO,"Ford, Gerald",Republican,927443,1953600
1976,Missouri,MO,"Mccarthy, Eugene """"Gene""""",Other,24029,1953600
1976,Missouri,MO,Other,Other,3741,1953600
1976,Montana,MT,"Anderson, Thomas J.",Other,5772,328734
1976,Montana,MT,"Carter, Jimmy",Democrat,149259,328734
1976,Montana,MT,"Ford, Gerald",Republican,173703,328734
1976,Nebraska,NE,"Carter, Jimmy",Democrat,233293,606749
1976,Nebraska,NE,"Ford, Gerald",Republican,359219,606749
1976,Nebraska,NE,"Macbride, Roger",Other,1476,606749
1976,Nebraska,NE,"Maddox, Lester",Other,3378,606749
1976,Nebraska,NE,"Mccarthy, Eugene """"Gene""""",Other,9383,606749
1976,Nevada,NV,"Carter, Jimmy",Democrat,92479,201876
1976,Nevada,NV,"Ford, Gerald",Republican,101273,201876
1976,Nevada,NV,"Macbride, Roger",Other,1519,201876
1976,Nevada,NV,"Maddox, Lester",Other,1497,201876
1976,Nevada,NV,Other,Other,5108,201876
1976,New Hampshire,NH,"Camejo, Peter",Other,161,339627
1976,New Hampshire,NH,"Carter, Jimmy",Democrat,147645,339627
1976,New Hampshire,NH,"Ford, Gerald",Republican,185935,339627
1976,New Hampshire,NH,"Julius """"Jules"""", Levin",Other,66,339627
1976,New Hampshire,NH,"Larouche, Lyndon, Jr.",Other,186,339627
1976,New Hampshire,NH,"Macbride, Roger",Other,936,339627
1976,New Hampshire,NH,"Mccarthy, Eugene """"Gene""""",Other,4095,339627
1976,New Hampshire,NH,Scattering,Other,603,339627
1976,New Jersey,NJ,"Bubar, Benjamin """"Ben""""",Other,554,3014472
1976,New Jersey,NJ,"Camejo, Peter",Other,1184,3014472
1976,New Jersey,NJ,"Carter, Jimmy",Democrat,1444653,3014472
1976,New Jersey,NJ,"Ford, Gerald",Republican,1509688,3014472
1976,New Jersey,NJ,"Hall, Gus",Other,1662,3014472
1976,New Jersey,NJ,"Julius """"Jules"""", Levin",Other,3686,3014472
1976,New Jersey,NJ,"Larouche, Lyndon, Jr.",Other,1650,3014472
1976,New Jersey,NJ,"Macbride, Roger",Other,9449,3014472
1976,New Jersey,NJ,"Maddox, Lester",Other,7716,3014472
1976,New Jersey,NJ,"Mccarthy, Eugene """"Gene""""",Other,32717,3014472
1976,New Jersey,NJ,"Wright, Margaret",Other,1044,3014472
1976,New Jersey,NJ,"Zeidler, Frank",Other,469,3014472
1976,New Mexico,NM,"Bubar, Benjamin """"Ben""""",Other,211,416590
1976,New Mexico,NM,"Camejo, Peter",Other,2462,416590
1976,New Mexico,NM,"Carter, Jimmy",Democrat,201148,416590
1976,New Mexico,NM,"Ford, Gerald",Republican,211419,416590
1976,New Mexico,NM,"Macbride, Roger",Other,1110,416590
1976,New Mexico,NM,"Zeidler, Frank",Other,240,416590
1976,New York,NY,"Camejo, Peter",Other,6996,6668262
1976,New York,NY,"Carter, Jimmy",Democrat,3244165,6668262
1976,New York,NY,"Carter, Jimmy",Other,145393,6668262
1976,New York,NY,"Ford, Gerald",Republican,2825913,6668262
1976,New York,NY,"Ford, Gerald",Other,274878,6668262
1976,New York,NY,"Hall, Gus",Other,10270,6668262
1976,New York,NY,"Larouche, Lyndon, Jr.",Other,5413,6668262
1976,New York,NY,"Macbride, Roger",Other,12197,6668262
1976,New York,NY,Other,Other,143037,6668262
1976,North Carolina,NC,"Anderson, Thomas J.",Other,5607,1677906
1976,North Carolina,NC,"Carter, Jimmy",Democrat,927365,1677906
1976,North Carolina,NC,"Ford, Gerald",Republican,741960,1677906
1976,North Carolina,NC,"Larouche, Lyndon, Jr.",Other,755,1677906
1976,North Carolina,NC,"Macbride, Roger",Other,2219,1677906
1976,North Dakota,ND,"Anderson, Thomas J.",Other,3698,297308
1976,North Dakota,ND,"Bubar, Benjamin """"Ben""""",Other,63,297308
1976,North Dakota,ND,"Camejo, Peter",Other,43,297308
1976,North Dakota,ND,"Carter, Jimmy",Democrat,136078,297308
1976,North Dakota,ND,"Ford, Gerald",Republican,153684,297308
1976,North Dakota,ND,"Hall, Gus",Other,85,297308
1976,North Dakota,ND,"Larouche, Lyndon, Jr.",Other,142,297308
1976,North Dakota,ND,"Macbride, Roger",Other,256,297308
1976,North Dakota,ND,"Maddox, Lester",Other,269,297308
1976,North Dakota,ND,"Mccarthy, Eugene """"Gene""""",Other,2952,297308
1976,North Dakota,ND,"Zeidler, Frank",Other,38,297308
1976,Ohio,OH,"Bubar, Benjamin """"Ben""""",Other,62,4110456
1976,Ohio,OH,"Camejo, Peter",Other,4833,4110456
1976,Ohio,OH,"Carter, Jimmy",Democrat,2009959,4110456
1976,Ohio,OH,"Ford, Gerald",Republican,2000626,4110456
1976,Ohio,OH,"Hall, Gus",Other,7817,4110456
1976,Ohio,OH,"Julius """"Jules"""", Levin",Other,68,4110456
1976,Ohio,OH,"Larouche, Lyndon, Jr.",Other,4364,4110456
1976,Ohio,OH,"Macbride, Roger",Other,8952,4110456
1976,Ohio,OH,"Maddox, Lester",Other,15508,4110456
1976,Ohio,OH,"Mccarthy, Eugene """"Gene""""",Other,58267,4110456
1976,Oklahoma,OK,"Carter, Jimmy",Democrat,532442,1092251
1976,Oklahoma,OK,"Ford, Gerald",Republican,545708,1092251
1976,Oklahoma,OK,"Mccarthy, Eugene """"Gene""""",Other,14101,1092251
1976,Oregon,OR,"Anderson, Thomas J.",Other,1035,1029876
1976,Oregon,OR,"Carter, Jimmy",Democrat,490407,1029876
1976,Oregon,OR,"Ford, Gerald",Republican,492120,1029876
1976,Oregon,OR,"Mccarthy, Eugene """"Gene""""",Other,40207,1029876
1976,Oregon,OR,NA,Other,6107,1029876
1976,Pennsylvania,PA,"Camejo, Peter",Other,3009,4620787
1976,Pennsylvania,PA,"Carter, Jimmy",Democrat,2328677,4620787
1976,Pennsylvania,PA,"Ford, Gerald",Republican,2205604,4620787
1976,Pennsylvania,PA,"Hall, Gus",Other,1891,4620787
1976,Pennsylvania,PA,"Larouche, Lyndon, Jr.",Other,2744,4620787
1976,Pennsylvania,PA,"Maddox, Lester",Other,25344,4620787
1976,Pennsylvania,PA,"Mccarthy, Eugene """"Gene""""",Other,50584,4620787
1976,Pennsylvania,PA,Other,Other,2934,4620787
1976,Rhode Island,RI,"Camejo, Peter",Other,462,410584
1976,Rhode Island,RI,"Carter, Jimmy",Democrat,227636,410584
1976,Rhode Island,RI,"Ford, Gerald",Republican,181249,410584
1976,Rhode Island,RI,"Hall, Gus",Other,334,410584
1976,Rhode Island,RI,"Julius """"Jules"""", Levin",Other,188,410584
1976,Rhode Island,RI,"Macbride, Roger",Other,715,410584
1976,South Carolina,SC,"Anderson, Thomas J.",Other,2996,802583
1976,South Carolina,SC,"Carter, Jimmy",Democrat,450807,802583
1976,South Carolina,SC,"Ford, Gerald",Republican,346149,802583
1976,South Carolina,SC,"Maddox, Lester",Other,1950,802583
1976,South Carolina,SC,NA,Other,681,802583
1976,South Dakota,SD,"Camejo, Peter",Other,168,300678
1976,South Dakota,SD,"Carter, Jimmy",Democrat,147068,300678
1976,South Dakota,SD,"Ford, Gerald",Republican,151505,300678
1976,South Dakota,SD,"Hall, Gus",Other,318,300678
1976,South Dakota,SD,"Macbride, Roger",Other,1619,300678
1976,Tennessee,TN,"Anderson, Thomas J.",Other,5769,1476346
1976,Tennessee,TN,"Bubar, Benjamin """"Ben""""",Other,442,1476346
1976,Tennessee,TN,"Carter, Jimmy",Democrat,825879,1476346
1976,Tennessee,TN,"Ford, Gerald",Republican,633969,1476346
1976,Tennessee,TN,"Hall, Gus",Other,547,1476346
1976,Tennessee,TN,"Larouche, Lyndon, Jr.",Other,512,1476346
1976,Tennessee,TN,"Macbride, Roger",Other,1375,1476346
1976,Tennessee,TN,"Maddox, Lester",Other,2303,1476346
1976,Tennessee,TN,"Mccarthy, Eugene """"Gene""""",Other,5004,1476346
1976,Tennessee,TN,NA,Other,316,1476346
1976,Tennessee,TN,NA,Other,230,1476346
1976,Texas,TX,"Anderson, Thomas J.",Other,11442,4071884
1976,Texas,TX,"Camejo, Peter",Other,1723,4071884
1976,Texas,TX,"Carter, Jimmy",Democrat,2082319,4071884
1976,Texas,TX,"Ford, Gerald",Republican,1953300,4071884
1976,Texas,TX,"Mccarthy, Eugene """"Gene""""",Other,20118,4071884
1976,Texas,TX,NA,Other,2982,4071884
1976,Utah,UT,"Anderson, Thomas J.",Other,13304,541218
1976,Utah,UT,"Camejo, Peter",Other,268,541218
1976,Utah,UT,"Carter, Jimmy",Democrat,182110,541218
1976,Utah,UT,"Ford, Gerald",Republican,337908,541218
1976,Utah,UT,"Hall, Gus",Other,121,541218
1976,Utah,UT,"Macbride, Roger",Other,2438,541218
1976,Utah,UT,"Maddox, Lester",Other,1162,541218
1976,Utah,UT,"Mccarthy, Eugene """"Gene""""",Other,3907,541218
1976,Vermont,VT,"Camejo, Peter",Other,430,183902
1976,Vermont,VT,"Carter, Jimmy",Democrat,77798,183902
1976,Vermont,VT,"Ford, Gerald",Republican,100387,183902
1976,Vermont,VT,"Larouche, Lyndon, Jr.",Other,196,183902
1976,Vermont,VT,"Mccarthy, Eugene """"Gene""""",Other,4001,183902
1976,Vermont,VT,Other,Other,1090,183902
1976,Virginia,VA,"Anderson, Thomas J.",Other,16686,1697094
1976,Virginia,VA,"Camejo, Peter",Other,17802,1697094
1976,Virginia,VA,"Carter, Jimmy",Democrat,813896,1697094
1976,Virginia,VA,"Ford, Gerald",Republican,836554,1697094
1976,Virginia,VA,"Larouche, Lyndon, Jr.",Other,7508,1697094
1976,Virginia,VA,"Macbride, Roger",Other,4648,1697094
1976,Washington,WA,"Anderson, Thomas J.",Other,1046,1555534
1976,Washington,WA,"Camejo, Peter",Other,905,1555534
1976,Washington,WA,"Carter, Jimmy",Democrat,717323,1555534
1976,Washington,WA,"Ford, Gerald",Republican,777732,1555534
1976,Washington,WA,"Hall, Gus",Other,817,1555534
1976,Washington,WA,"Julius """"Jules"""", Levin",Other,713,1555534
1976,Washington,WA,"Larouche, Lyndon, Jr.",Other,903,1555534
1976,Washington,WA,"Macbride, Roger",Other,5042,1555534
1976,Washington,WA,"Maddox, Lester",Other,8585,1555534
1976,Washington,WA,"Mccarthy, Eugene """"Gene""""",Other,36986,1555534
1976,Washington,WA,Other,Other,5482,1555534
1976,West Virginia,WV,"Carter, Jimmy",Democrat,435864,750590
1976,West Virginia,WV,"Ford, Gerald",Republican,314726,750590
1976,Wisconsin,WI,"Camejo, Peter",Other,1691,2101336
1976,Wisconsin,WI,"Carter, Jimmy",Democrat,1040232,2101336
1976,Wisconsin,WI,"Ford, Gerald",Republican,1004987,2101336
1976,Wisconsin,WI,"Julius """"Jules"""", Levin",Other,389,2101336
1976,Wisconsin,WI,"Macbride, Roger",Other,3814,2101336
1976,Wisconsin,WI,"Maddox, Lester",Other,8552,2101336
1976,Wisconsin,WI,"Mccarthy, Eugene """"Gene""""",Other,34943,2101336
1976,Wisconsin,WI,Other,Other,2430,2101336
1976,Wisconsin,WI,"Zeidler, Frank",Other,4298,2101336
1976,Wyoming,WY,"Carter, Jimmy",Democrat,62239,156343
1976,Wyoming,WY,"Ford, Gerald",Republican,92717,156343
1976,Wyoming,WY,NA,Other,1387,156343
1980,Alabama,AL,"Anderson, John B.",Other,16481,1341929
1980,Alabama,AL,"Bubar, Benjamin """"Ben""""",Other,1743,1341929
1980,Alabama,AL,"Carter, Jimmy",Democrat,636730,1341929
1980,Alabama,AL,"Clark, Edward """"Ed""""",Other,13318,1341929
1980,Alabama,AL,"Commoner, Barry",Other,517,1341929
1980,Alabama,AL,"Deberry, Clifton",Other,1303,1341929
1980,Alabama,AL,"Hall, Gus",Other,1629,1341929
1980,Alabama,AL,"Mcreynolds, David",Other,1006,1341929
1980,Alabama,AL,"Rarick, John",Other,15010,1341929
1980,Alabama,AL,"Reagan, Ronald",Republican,654192,1341929
1980,Alaska,AK,"Anderson, John B.",Other,11155,158445
1980,Alaska,AK,"Carter, Jimmy",Democrat,41842,158445
1980,Alaska,AK,"Clark, Edward """"Ed""""",Other,18479,158445
1980,Alaska,AK,"Reagan, Ronald",Republican,86112,158445
1980,Alaska,AK,NA,Other,857,158445
1980,Arizona,AZ,"Anderson, John B.",Other,76952,873945
1980,Arizona,AZ,"Carter, Jimmy",Democrat,246843,873945
1980,Arizona,AZ,"Clark, Edward """"Ed""""",Other,18784,873945
1980,Arizona,AZ,"Commoner, Barry",Other,551,873945
1980,Arizona,AZ,"Deberry, Clifton",Other,1100,873945
1980,Arizona,AZ,"Griswold, Deirdre",Other,2,873945
1980,Arizona,AZ,"Hall, Gus",Other,25,873945
1980,Arizona,AZ,"Reagan, Ronald",Republican,529688,873945
1980,Arkansas,AR,"Anderson, John B.",Other,22468,837582
1980,Arkansas,AR,"Bubar, Benjamin """"Ben""""",Other,1350,837582
1980,Arkansas,AR,"Carter, Jimmy",Democrat,398041,837582
1980,Arkansas,AR,"Clark, Edward """"Ed""""",Other,8970,837582
1980,Arkansas,AR,"Commoner, Barry",Other,2345,837582
1980,Arkansas,AR,"Hall, Gus",Other,1244,837582
1980,Arkansas,AR,"Reagan, Ronald",Republican,403164,837582
1980,California,CA,"Anderson, John B.",Other,739618,8582938
1980,California,CA,"Carter, Jimmy",Democrat,3082943,8582938
1980,California,CA,"Clark, Edward """"Ed""""",Other,148390,8582938
1980,California,CA,"Commoner, Barry",Other,61046,8582938
1980,California,CA,"Rarick, John",Other,9841,8582938
1980,California,CA,"Reagan, Ronald",Republican,4522994,8582938
1980,California,CA,"Smith, Maureen",Other,18106,8582938
1980,Colorado,CO,"Anderson, John B.",Other,130633,1184450
1980,Colorado,CO,"Bubar, Benjamin """"Ben""""",Other,1180,1184450
1980,Colorado,CO,"Carter, Jimmy",Democrat,368009,1184450
1980,Colorado,CO,"Clark, Edward """"Ed""""",Other,25744,1184450
1980,Colorado,CO,"Commoner, Barry",Other,5614,1184450
1980,Colorado,CO,"Hall, Gus",Other,487,1184450
1980,Colorado,CO,"Pulley, Andrew",Other,519,1184450
1980,Colorado,CO,"Reagan, Ronald",Republican,652264,1184450
1980,Connecticut,CT,"Anderson, John B.",Other,171807,1406285
1980,Connecticut,CT,"Carter, Jimmy",Democrat,541732,1406285
1980,Connecticut,CT,"Clark, Edward """"Ed""""",Other,8570,1406285
1980,Connecticut,CT,"Commoner, Barry",Other,6130,1406285
1980,Connecticut,CT,"Reagan, Ronald",Republican,677210,1406285
1980,Connecticut,CT,NA,Other,836,1406285
1980,Delaware,DE,"Anderson, John B.",Other,16288,235668
1980,Delaware,DE,"Carter, Jimmy",Democrat,105754,235668
1980,Delaware,DE,"Clark, Edward """"Ed""""",Other,1974,235668
1980,Delaware,DE,"Greaves, Percy L, Jr.",Other,400,235668
1980,Delaware,DE,"Reagan, Ronald",Republican,111252,235668
1980,District Of Columbia,DC,"Anderson, John B.",Other,16131,173889
1980,District Of Columbia,DC,"Carter, Jimmy",Democrat,130231,173889
1980,District Of Columbia,DC,"Clark, Edward """"Ed""""",Other,1104,173889
1980,District Of Columbia,DC,"Commoner, Barry",Other,1826,173889
1980,District Of Columbia,DC,"Deberry, Clifton",Other,173,173889
1980,District Of Columbia,DC,"Griswold, Deirdre",Other,52,173889
1980,District Of Columbia,DC,"Hall, Gus",Other,369,173889
1980,District Of Columbia,DC,"Reagan, Ronald",Republican,23313,173889
1980,District Of Columbia,DC,NA,Other,690,173889
1980,Florida,FL,"Anderson, John B.",Other,189692,3686927
1980,Florida,FL,"Carter, Jimmy",Democrat,1419475,3686927
1980,Florida,FL,"Clark, Edward """"Ed""""",Other,30524,3686927
1980,Florida,FL,"Reagan, Ronald",Republican,2046951,3686927
1980,Florida,FL,NA,Other,285,3686927
1980,Georgia,GA,"Anderson, John B.",Other,36055,1596805
1980,Georgia,GA,"Carter, Jimmy",Democrat,890955,1596805
1980,Georgia,GA,"Clark, Edward """"Ed""""",Other,15627,1596805
1980,Georgia,GA,"Reagan, Ronald",Republican,654168,1596805
1980,Hawaii,HI,"Anderson, John B.",Other,32021,303287
1980,Hawaii,HI,"Carter, Jimmy",Democrat,135879,303287
1980,Hawaii,HI,"Clark, Edward """"Ed""""",Other,3269,303287
1980,Hawaii,HI,"Commoner, Barry",Other,1548,303287
1980,Hawaii,HI,"Hall, Gus",Other,458,303287
1980,Hawaii,HI,"Reagan, Ronald",Republican,130112,303287
1980,Idaho,ID,"Anderson, John B.",Other,27058,437431
1980,Idaho,ID,"Carter, Jimmy",Democrat,110192,437431
1980,Idaho,ID,"Clark, Edward """"Ed""""",Other,8425,437431
1980,Idaho,ID,"Rarick, John",Other,1057,437431
1980,Idaho,ID,"Reagan, Ronald",Republican,290699,437431
1980,Illinois,IL,"Anderson, John B.",Other,346754,4749721
1980,Illinois,IL,"Carter, Jimmy",Democrat,1981413,4749721
1980,Illinois,IL,"Clark, Edward """"Ed""""",Other,38939,4749721
1980,Illinois,IL,"Commoner, Barry",Other,10692,4749721
1980,Illinois,IL,"Deberry, Clifton",Other,1302,4749721
1980,Illinois,IL,"Griswold, Deirdre",Other,2257,4749721
1980,Illinois,IL,"Hall, Gus",Other,9711,4749721
1980,Illinois,IL,"Reagan, Ronald",Republican,2358049,4749721
1980,Illinois,IL,NA,Other,604,4749721
1980,Indiana,IN,"Anderson, John B.",Other,111639,2242033
1980,Indiana,IN,"Carter, Jimmy",Democrat,844197,2242033
1980,Indiana,IN,"Clark, Edward """"Ed""""",Other,19627,2242033
1980,Indiana,IN,"Commoner, Barry",Other,4852,2242033
1980,Indiana,IN,"Deberry, Clifton",Other,610,2242033
1980,Indiana,IN,"Greaves, Percy L, Jr.",Other,4750,2242033
1980,Indiana,IN,"Hall, Gus",Other,702,2242033
1980,Indiana,IN,"Reagan, Ronald",Republican,1255656,2242033
1980,Iowa,IA,"Anderson, John B.",Other,115633,1317661
1980,Iowa,IA,"Bubar, Benjamin """"Ben""""",Other,150,1317661
1980,Iowa,IA,"Carter, Jimmy",Democrat,508672,1317661
1980,Iowa,IA,"Clark, Edward """"Ed""""",Other,13123,1317661
1980,Iowa,IA,"Commoner, Barry",Other,2273,1317661
1980,Iowa,IA,"Deberry, Clifton",Other,244,1317661
1980,Iowa,IA,"Greaves, Percy L, Jr.",Other,189,1317661
1980,Iowa,IA,"Hall, Gus",Other,298,1317661
1980,Iowa,IA,"Mcreynolds, David",Other,534,1317661
1980,Iowa,IA,"Reagan, Ronald",Republican,676026,1317661
1980,Iowa,IA,NA,Other,519,1317661
1980,Kansas,KS,"Anderson, John B.",Other,68231,979795
1980,Kansas,KS,"Bubar, Benjamin """"Ben""""",Other,821,979795
1980,Kansas,KS,"Carter, Jimmy",Democrat,326150,979795
1980,Kansas,KS,"Clark, Edward """"Ed""""",Other,14470,979795
1980,Kansas,KS,"Hall, Gus",Other,967,979795
1980,Kansas,KS,"Rarick, John",Other,789,979795
1980,Kansas,KS,"Reagan, Ronald",Republican,566812,979795
1980,Kansas,KS,"Shelton, Frank, Jr.",Other,1555,979795
1980,Kentucky,KY,"Anderson, John B.",Other,31127,1295627
1980,Kentucky,KY,"Carter, Jimmy",Democrat,617417,1295627
1980,Kentucky,KY,"Clark, Edward """"Ed""""",Other,5531,1295627
1980,Kentucky,KY,"Commoner, Barry",Other,1304,1295627
1980,Kentucky,KY,"Hall, Gus",Other,348,1295627
1980,Kentucky,KY,"Mccormack, Ellen",Other,4233,1295627
1980,Kentucky,KY,"Pulley, Andrew",Other,393,1295627
1980,Kentucky,KY,"Reagan, Ronald",Republican,635274,1295627
1980,Louisiana,LA,"Anderson, John B.",Other,26345,1548591
1980,Louisiana,LA,"Carter, Jimmy",Democrat,708453,1548591
1980,Louisiana,LA,"Clark, Edward """"Ed""""",Other,8240,1548591
1980,Louisiana,LA,"Commoner, Barry",Other,1584,1548591
1980,Louisiana,LA,"Deberry, Clifton",Other,783,1548591
1980,Louisiana,LA,"Rarick, John",Other,10333,1548591
1980,Louisiana,LA,"Reagan, Ronald",Republican,792853,1548591
1980,Maine,ME,"Anderson, John B.",Other,53327,523011
1980,Maine,ME,"Carter, Jimmy",Democrat,220974,523011
1980,Maine,ME,"Clark, Edward """"Ed""""",Other,5119,523011
1980,Maine,ME,"Commoner, Barry",Other,4394,523011
1980,Maine,ME,"Hall, Gus",Other,591,523011
1980,Maine,ME,"Reagan, Ronald",Republican,238522,523011
1980,Maine,ME,NA,Other,84,523011
1980,Maryland,MD,"Anderson, John B.",Other,119537,1540496
1980,Maryland,MD,"Carter, Jimmy",Democrat,726161,1540496
1980,Maryland,MD,"Clark, Edward """"Ed""""",Other,14192,1540496
1980,Maryland,MD,"Reagan, Ronald",Republican,680606,1540496
1980,Massachusetts,MA,"Anderson, John B.",Other,382539,2524090
1980,Massachusetts,MA,"Carter, Jimmy",Democrat,1053802,2524090
1980,Massachusetts,MA,"Clark, Edward """"Ed""""",Other,22038,2524090
1980,Massachusetts,MA,"Commoner, Barry",Other,2056,2524090
1980,Massachusetts,MA,"Deberry, Clifton",Other,3735,2524090
1980,Massachusetts,MA,"Reagan, Ronald",Republican,1057631,2524090
1980,Massachusetts,MA,NA,Other,2289,2524090
1980,Michigan,MI,"Anderson, John B.",Other,275223,3909725
1980,Michigan,MI,"Carter, Jimmy",Democrat,1661532,3909725
1980,Michigan,MI,"Clark, Edward """"Ed""""",Other,41597,3909725
1980,Michigan,MI,"Commoner, Barry",Other,11930,3909725
1980,Michigan,MI,"Hall, Gus",Other,3262,3909725
1980,Michigan,MI,"Reagan, Ronald",Republican,1915225,3909725
1980,Michigan,MI,NA,Other,956,3909725
1980,Minnesota,MN,"Anderson, John B.",Other,174997,2051916
1980,Minnesota,MN,"Carter, Jimmy",Democrat,954173,2051916
1980,Minnesota,MN,"Clark, Edward """"Ed""""",Other,31593,2051916
1980,Minnesota,MN,"Commoner, Barry",Other,8406,2051916
1980,Minnesota,MN,"Deberry, Clifton",Other,711,2051916
1980,Minnesota,MN,"Griswold, Deirdre",Other,698,2051916
1980,Minnesota,MN,"Hall, Gus",Other,1117,2051916
1980,Minnesota,MN,"Mcreynolds, David",Other,536,2051916
1980,Minnesota,MN,"Reagan, Ronald",Republican,873268,2051916
1980,Minnesota,MN,NA,Other,6136,2051916
1980,Minnesota,MN,NA,Other,281,2051916
1980,Mississippi,MS,"Anderson, John B.",Other,12036,891750
1980,Mississippi,MS,"Carter, Jimmy",Democrat,429281,891750
1980,Mississippi,MS,"Clark, Edward """"Ed""""",Other,4702,891750
1980,Mississippi,MS,"Griswold, Deirdre",Other,2402,891750
1980,Mississippi,MS,"Pulley, Andrew",Other,2240,891750
1980,Mississippi,MS,"Reagan, Ronald",Republican,441089,891750
1980,Missouri,MO,"Anderson, John B.",Other,77920,2099824
1980,Missouri,MO,"Carter, Jimmy",Democrat,931182,2099824
1980,Missouri,MO,"Clark, Edward """"Ed""""",Other,14422,2099824
1980,Missouri,MO,"Deberry, Clifton",Other,1515,2099824
1980,Missouri,MO,"Reagan, Ronald",Republican,1074181,2099824
1980,Missouri,MO,NA,Other,604,2099824
1980,Montana,MT,"Anderson, John B.",Other,29281,363952
1980,Montana,MT,"Carter, Jimmy",Democrat,118032,363952
1980,Montana,MT,"Clark, Edward """"Ed""""",Other,9825,363952
1980,Montana,MT,"Reagan, Ronald",Republican,206814,363952
1980,Nebraska,NE,"Anderson, John B.",Other,44854,639533
1980,Nebraska,NE,"Carter, Jimmy",Democrat,166424,639533
1980,Nebraska,NE,"Clark, Edward """"Ed""""",Other,9041,639533
1980,Nebraska,NE,"Reagan, Ronald",Republican,419214,639533
1980,Nevada,NV,"Anderson, John B.",Other,17651,243692
1980,Nevada,NV,"Carter, Jimmy",Democrat,66666,243692
1980,Nevada,NV,"Clark, Edward """"Ed""""",Other,4358,243692
1980,Nevada,NV,"Reagan, Ronald",Republican,155017,243692
1980,New Hampshire,NH,"Anderson, John B.",Other,49693,383990
1980,New Hampshire,NH,"Carter, Jimmy",Democrat,108864,383990
1980,New Hampshire,NH,"Clark, Edward """"Ed""""",Other,2064,383990
1980,New Hampshire,NH,"Commoner, Barry",Other,1320,383990
1980,New Hampshire,NH,"Deberry, Clifton",Other,71,383990
1980,New Hampshire,NH,"Griswold, Deirdre",Other,76,383990
1980,New Hampshire,NH,"Hall, Gus",Other,129,383990
1980,New Hampshire,NH,"Reagan, Ronald",Republican,221705,383990
1980,New Hampshire,NH,NA,Other,68,383990
1980,New Jersey,NJ,"Anderson, John B.",Other,234632,2975684
1980,New Jersey,NJ,"Carter, Jimmy",Democrat,1147364,2975684
1980,New Jersey,NJ,"Clark, Edward """"Ed""""",Other,20652,2975684
1980,New Jersey,NJ,"Commoner, Barry",Other,8203,2975684
1980,New Jersey,NJ,"Gahres, William """"Bill""""",Other,1718,2975684
1980,New Jersey,NJ,"Griswold, Deirdre",Other,1288,2975684
1980,New Jersey,NJ,"Hall, Gus",Other,2555,2975684
1980,New Jersey,NJ,"Lynen, Kurt",Other,3694,2975684
1980,New Jersey,NJ,"Mccormack, Ellen",Other,3927,2975684
1980,New Jersey,NJ,"Mcreynolds, David",Other,1973,2975684
1980,New Jersey,NJ,"Pulley, Andrew",Other,2198,2975684
1980,New Jersey,NJ,"Reagan, Ronald",Republican,1546557,2975684
1980,New Jersey,NJ,"Wendelken, Martin E.",Other,923,2975684
1980,New Mexico,NM,"Anderson, John B.",Other,29459,456237
1980,New Mexico,NM,"Bubar, Benjamin """"Ben""""",Other,1281,456237
1980,New Mexico,NM,"Carter, Jimmy",Democrat,167826,456237
1980,New Mexico,NM,"Clark, Edward """"Ed""""",Other,4365,456237
1980,New Mexico,NM,"Commoner, Barry",Other,2202,456237
1980,New Mexico,NM,"Pulley, Andrew",Other,325,456237
1980,New Mexico,NM,"Reagan, Ronald",Republican,250779,456237
1980,New York,NY,"Anderson, John B.",Other,467801,6201959
1980,New York,NY,"Carter, Jimmy",Democrat,2728372,6201959
1980,New York,NY,"Clark, Edward """"Ed""""",Other,52648,6201959
1980,New York,NY,"Commoner, Barry",Other,23186,6201959
1980,New York,NY,"Deberry, Clifton",Other,2068,6201959
1980,New York,NY,"Griswold, Deirdre",Other,1416,6201959
1980,New York,NY,"Hall, Gus",Other,7414,6201959
1980,New York,NY,"Mccormack, Ellen",Other,24159,6201959
1980,New York,NY,"Reagan, Ronald",Republican,2637700,6201959
1980,New York,NY,"Reagan, Ronald",Other,256131,6201959
1980,New York,NY,NA,Other,1064,6201959
1980,North Carolina,NC,"Anderson, John B.",Other,52800,1855833
1980,North Carolina,NC,"Carter, Jimmy",Democrat,875635,1855833
1980,North Carolina,NC,"Clark, Edward """"Ed""""",Other,9677,1855833
1980,North Carolina,NC,"Commoner, Barry",Other,2287,1855833
1980,North Carolina,NC,"Deberry, Clifton",Other,416,1855833
1980,North Carolina,NC,"Reagan, Ronald",Republican,915018,1855833
1980,North Dakota,ND,"Anderson, John B.",Other,23640,301116
1980,North Dakota,ND,"Bubar, Benjamin """"Ben""""",Other,54,301116
1980,North Dakota,ND,"Carter, Jimmy",Democrat,79189,301116
1980,North Dakota,ND,"Clark, Edward """"Ed""""",Other,3743,301116
1980,North Dakota,ND,"Deberry, Clifton",Other,89,301116
1980,North Dakota,ND,"Greaves, Percy L, Jr.",Other,235,301116
1980,North Dakota,ND,"Hall, Gus",Other,93,301116
1980,North Dakota,ND,"Mclain, Harley",Other,296,301116
1980,North Dakota,ND,"Mcreynolds, David",Other,82,301116
1980,North Dakota,ND,"Reagan, Ronald",Republican,193695,301116
1980,Ohio,OH,"Anderson, John B.",Other,254472,4283603
1980,Ohio,OH,"Bubar, Benjamin """"Ben""""",Other,27,4283603
1980,Ohio,OH,"Carter, Jimmy",Democrat,1752414,4283603
1980,Ohio,OH,"Clark, Edward """"Ed""""",Other,49033,4283603
1980,Ohio,OH,"Commoner, Barry",Other,8564,4283603
1980,Ohio,OH,"Congress, Richard",Other,4029,4283603
1980,Ohio,OH,"Griswold, Deirdre",Other,3790,4283603
1980,Ohio,OH,"Hall, Gus",Other,4729,4283603
1980,Ohio,OH,"Reagan, Ronald",Republican,2206545,4283603
1980,Oklahoma,OK,"Anderson, John B.",Other,38284,1149708
1980,Oklahoma,OK,"Carter, Jimmy",Democrat,402026,1149708
1980,Oklahoma,OK,"Clark, Edward """"Ed""""",Other,13828,1149708
1980,Oklahoma,OK,"Reagan, Ronald",Republican,695570,1149708
1980,Oregon,OR,"Anderson, John B.",Other,112389,1181516
1980,Oregon,OR,"Carter, Jimmy",Democrat,456890,1181516
1980,Oregon,OR,"Clark, Edward """"Ed""""",Other,25838,1181516
1980,Oregon,OR,"Commoner, Barry",Other,13642,1181516
1980,Oregon,OR,"Reagan, Ronald",Republican,571044,1181516
1980,Oregon,OR,NA,Other,1713,1181516
1980,Pennsylvania,PA,"Anderson, John B.",Other,292921,4561501
1980,Pennsylvania,PA,"Carter, Jimmy",Democrat,1937540,4561501
1980,Pennsylvania,PA,"Clark, Edward """"Ed""""",Other,33263,4561501
1980,Pennsylvania,PA,"Commoner, Barry",Other,10430,4561501
1980,Pennsylvania,PA,"Deberry, Clifton",Other,20291,4561501
1980,Pennsylvania,PA,"Hall, Gus",Other,5184,4561501
1980,Pennsylvania,PA,"Reagan, Ronald",Republican,2261872,4561501
1980,Rhode Island,RI,"Anderson, John B.",Other,59819,415967
1980,Rhode Island,RI,"Carter, Jimmy",Democrat,198342,415967
1980,Rhode Island,RI,"Clark, Edward """"Ed""""",Other,2458,415967
1980,Rhode Island,RI,"Deberry, Clifton",Other,90,415967
1980,Rhode Island,RI,"Griswold, Deirdre",Other,77,415967
1980,Rhode Island,RI,"Hall, Gus",Other,218,415967
1980,Rhode Island,RI,"Mcreynolds, David",Other,170,415967
1980,Rhode Island,RI,"Reagan, Ronald",Republican,154793,415967
1980,South Carolina,SC,"Anderson, John B.",Other,13868,888258
1980,South Carolina,SC,"Carter, Jimmy",Democrat,428220,888258
1980,South Carolina,SC,"Clark, Edward """"Ed""""",Other,4807,888258
1980,South Carolina,SC,"Rarick, John",Other,2086,888258
1980,South Carolina,SC,"Reagan, Ronald",Republican,439277,888258
1980,South Dakota,SD,"Anderson, John B.",Other,21431,327703
1980,South Dakota,SD,"Carter, Jimmy",Democrat,103855,327703
1980,South Dakota,SD,"Clark, Edward """"Ed""""",Other,3824,327703
1980,South Dakota,SD,"Pulley, Andrew",Other,250,327703
1980,South Dakota,SD,"Reagan, Ronald",Republican,198343,327703
1980,Tennessee,TN,"Anderson, John B.",Other,35991,1617616
1980,Tennessee,TN,"Bubar, Benjamin """"Ben""""",Other,521,1617616
1980,Tennessee,TN,"Carter, Jimmy",Democrat,783051,1617616
1980,Tennessee,TN,"Clark, Edward """"Ed""""",Other,7116,1617616
1980,Tennessee,TN,"Commoner, Barry",Other,1112,1617616
1980,Tennessee,TN,"Deberry, Clifton",Other,490,1617616
1980,Tennessee,TN,"Griswold, Deirdre",Other,400,1617616
1980,Tennessee,TN,"Hall, Gus",Other,503,1617616
1980,Tennessee,TN,"Mcreynolds, David",Other,519,1617616
1980,Tennessee,TN,"Reagan, Ronald",Republican,787761,1617616
1980,Tennessee,TN,NA,Other,152,1617616
1980,Texas,TX,"Anderson, John B.",Other,111613,4541636
1980,Texas,TX,"Carter, Jimmy",Democrat,1881147,4541636
1980,Texas,TX,"Clark, Edward """"Ed""""",Other,37643,4541636
1980,Texas,TX,"Reagan, Ronald",Republican,2510705,4541636
1980,Texas,TX,NA,Other,528,4541636
1980,Utah,UT,"Anderson, John B.",Other,30284,604152
1980,Utah,UT,"Carter, Jimmy",Democrat,124266,604152
1980,Utah,UT,"Clark, Edward """"Ed""""",Other,7156,604152
1980,Utah,UT,"Commoner, Barry",Other,1009,604152
1980,Utah,UT,"Deberry, Clifton",Other,124,604152
1980,Utah,UT,"Greaves, Percy L, Jr.",Other,965,604152
1980,Utah,UT,"Hall, Gus",Other,139,604152
1980,Utah,UT,"Rarick, John",Other,522,604152
1980,Utah,UT,"Reagan, Ronald",Republican,439687,604152
1980,Vermont,VT,"Anderson, John B.",Other,31761,213299
1980,Vermont,VT,"Carter, Jimmy",Democrat,81952,213299
1980,Vermont,VT,"Clark, Edward """"Ed""""",Other,1900,213299
1980,Vermont,VT,"Commoner, Barry",Other,2316,213299
1980,Vermont,VT,"Deberry, Clifton",Other,75,213299
1980,Vermont,VT,"Hall, Gus",Other,118,213299
1980,Vermont,VT,"Mcreynolds, David",Other,136,213299
1980,Vermont,VT,"Reagan, Ronald",Republican,94628,213299
1980,Vermont,VT,NA,Other,413,213299
1980,Virginia,VA,"Anderson, John B.",Other,95418,1866032
1980,Virginia,VA,"Carter, Jimmy",Democrat,752174,1866032
1980,Virginia,VA,"Clark, Edward """"Ed""""",Other,12821,1866032
1980,Virginia,VA,"Commoner, Barry",Other,14024,1866032
1980,Virginia,VA,"Deberry, Clifton",Other,1986,1866032
1980,Virginia,VA,"Reagan, Ronald",Republican,989609,1866032
1980,Washington,WA,"Anderson, John B.",Other,185073,1742394
1980,Washington,WA,"Carter, Jimmy",Democrat,650193,1742394
1980,Washington,WA,"Clark, Edward """"Ed""""",Other,29213,1742394
1980,Washington,WA,"Commoner, Barry",Other,9403,1742394
1980,Washington,WA,"Deberry, Clifton",Other,1137,1742394
1980,Washington,WA,"Griswold, Deirdre",Other,341,1742394
1980,Washington,WA,"Hall, Gus",Other,834,1742394
1980,Washington,WA,"Mcreynolds, David",Other,956,1742394
1980,Washington,WA,"Reagan, Ronald",Republican,865244,1742394
1980,West Virginia,WV,"Anderson, John B.",Other,31691,737715
1980,West Virginia,WV,"Carter, Jimmy",Democrat,367462,737715
1980,West Virginia,WV,"Clark, Edward """"Ed""""",Other,4356,737715
1980,West Virginia,WV,"Reagan, Ronald",Republican,334206,737715
1980,Wisconsin,WI,"Anderson, John B.",Other,160657,2273221
1980,Wisconsin,WI,"Carter, Jimmy",Democrat,981584,2273221
1980,Wisconsin,WI,"Clark, Edward """"Ed""""",Other,29135,2273221
1980,Wisconsin,WI,"Commoner, Barry",Other,7767,2273221
1980,Wisconsin,WI,"Deberry, Clifton",Other,383,2273221
1980,Wisconsin,WI,"Griswold, Deirdre",Other,414,2273221
1980,Wisconsin,WI,"Hall, Gus",Other,772,2273221
1980,Wisconsin,WI,"Mcreynolds, David",Other,808,2273221
1980,Wisconsin,WI,"Rarick, John",Other,1519,2273221
1980,Wisconsin,WI,"Reagan, Ronald",Republican,1088845,2273221
1980,Wisconsin,WI,NA,Other,1337,2273221
1980,Wyoming,WY,"Anderson, John B.",Other,12072,176713
1980,Wyoming,WY,"Carter, Jimmy",Democrat,49427,176713
1980,Wyoming,WY,"Clark, Edward """"Ed""""",Other,4514,176713
1980,Wyoming,WY,"Reagan, Ronald",Republican,110700,176713
1984,Alabama,AL,"Bergland, David",Other,9504,1441713
1984,Alabama,AL,"Hall, Gus",Other,4671,1441713
1984,Alabama,AL,"Mason, Melvin",Other,730,1441713
1984,Alabama,AL,"Mondale, Walter",Democrat,551899,1441713
1984,Alabama,AL,"Reagan, Ronald",Republican,872849,1441713
1984,Alabama,AL,"Richards, Bob",Other,1401,1441713
1984,Alabama,AL,"Serrette, Dennis",Other,659,1441713
1984,Alaska,AK,"Bergland, David",Other,6378,207605
1984,Alaska,AK,"Mondale, Walter",Democrat,62007,207605
1984,Alaska,AK,Other,Other,843,207605
1984,Alaska,AK,"Reagan, Ronald",Republican,138377,207605
1984,Arizona,AZ,"Bergland, David",Other,10585,1025897
1984,Arizona,AZ,"Mondale, Walter",Democrat,333854,1025897
1984,Arizona,AZ,Other,Other,42,1025897
1984,Arizona,AZ,"Reagan, Ronald",Republican,681416,1025897
1984,Arkansas,AR,"Bergland, David",Other,2221,884406
1984,Arkansas,AR,"Dodge, Earl",Other,842,884406
1984,Arkansas,AR,"Hall, Gus",Other,1499,884406
1984,Arkansas,AR,"Johnson, Sonia",Other,960,884406
1984,Arkansas,AR,"Larouche, Lyndon, Jr.",Other,1890,884406
1984,Arkansas,AR,"Lowery, Arthur",Other,822,884406
1984,Arkansas,AR,"Mondale, Walter",Democrat,338646,884406
1984,Arkansas,AR,"Reagan, Ronald",Republican,534774,884406
1984,Arkansas,AR,"Richards, Bob",Other,1461,884406
1984,Arkansas,AR,"Serrette, Dennis",Other,1291,884406
1984,California,CA,"Bergland, David",Other,49951,9505041
1984,California,CA,"Johnson, Sonia",Other,26297,9505041
1984,California,CA,"Mondale, Walter",Democrat,3922519,9505041
1984,California,CA,"Reagan, Ronald",Republican,5467009,9505041
1984,California,CA,"Richards, Bob",Other,39265,9505041
1984,Colorado,CO,"Bergland, David",Other,11257,1295380
1984,Colorado,CO,"Dodge, Earl",Other,858,1295380
1984,Colorado,CO,"Larouche, Lyndon, Jr.",Other,4662,1295380
1984,Colorado,CO,"Mason, Melvin",Other,810,1295380
1984,Colorado,CO,"Mondale, Walter",Democrat,454975,1295380
1984,Colorado,CO,Other,Other,23,1295380
1984,Colorado,CO,"Reagan, Ronald",Republican,821817,1295380
1984,Colorado,CO,"Serrette, Dennis",Other,978,1295380
1984,Connecticut,CT,"Hall, Gus",Other,4826,1466900
1984,Connecticut,CT,"Mondale, Walter",Democrat,569597,1466900
1984,Connecticut,CT,Other,Other,226,1466900
1984,Connecticut,CT,"Reagan, Ronald",Republican,890877,1466900
1984,Connecticut,CT,"Serrette, Dennis",Other,1374,1466900
1984,Delaware,DE,"Bergland, David",Other,268,254572
1984,Delaware,DE,"Dennis, Delmar",Other,269,254572
1984,Delaware,DE,"Johnson, Sonia",Other,121,254572
1984,Delaware,DE,"Mondale, Walter",Democrat,101656,254572
1984,Delaware,DE,"Reagan, Ronald",Republican,152190,254572
1984,Delaware,DE,"Serrette, Dennis",Other,68,254572
1984,District Of Columbia,DC,"Bergland, David",Other,279,211288
1984,District Of Columbia,DC,"Hall, Gus",Other,257,211288
1984,District Of Columbia,DC,"Holmes, Larry",Other,107,211288
1984,District Of Columbia,DC,"Larouche, Lyndon, Jr.",Other,127,211288
1984,District Of Columbia,DC,"Mason, Melvin",Other,127,211288
1984,District Of Columbia,DC,"Mondale, Walter",Democrat,180408,211288
1984,District Of Columbia,DC,Other,Other,809,211288
1984,District Of Columbia,DC,"Reagan, Ronald",Republican,29009,211288
1984,District Of Columbia,DC,"Serrette, Dennis",Other,165,211288
1984,Florida,FL,"Mondale, Walter",Democrat,1448816,4180051
1984,Florida,FL,Other,Other,885,4180051
1984,Florida,FL,"Reagan, Ronald",Republican,2730350,4180051
1984,Georgia,GA,"Mondale, Walter",Democrat,706628,1776103
1984,Georgia,GA,Other,Other,753,1776103
1984,Georgia,GA,"Reagan, Ronald",Republican,1068722,1776103
1984,Hawaii,HI,"Bergland, David",Other,2167,335846
1984,Hawaii,HI,"Hall, Gus",Other,821,335846
1984,Hawaii,HI,"Larouche, Lyndon, Jr.",Other,654,335846
1984,Hawaii,HI,"Mondale, Walter",Democrat,147154,335846
1984,Hawaii,HI,"Reagan, Ronald",Republican,185050,335846
1984,Idaho,ID,"Bergland, David",Other,2823,411144
1984,Idaho,ID,"Mondale, Walter",Democrat,108510,411144
1984,Idaho,ID,"Reagan, Ronald",Republican,297523,411144
1984,Idaho,ID,"Richards, Bob",Other,2288,411144
1984,Illinois,IL,"Bergland, David",Other,10086,4819088
1984,Illinois,IL,"Hall, Gus",Other,4672,4819088
1984,Illinois,IL,"Johnson, Sonia",Other,2716,4819088
1984,Illinois,IL,"Mason, Melvin",Other,2132,4819088
1984,Illinois,IL,"Mondale, Walter",Democrat,2086499,4819088
1984,Illinois,IL,Other,Other,862,4819088
1984,Illinois,IL,"Reagan, Ronald",Republican,2707103,4819088
1984,Illinois,IL,"Serrette, Dennis",Other,2386,4819088
1984,Illinois,IL,"Winn, Edward",Other,2632,4819088
1984,Indiana,IN,"Bergland, David",Other,6741,2233069
1984,Indiana,IN,"Dennis, Delmar",Other,7617,2233069
1984,Indiana,IN,"Mondale, Walter",Democrat,841481,2233069
1984,Indiana,IN,"Reagan, Ronald",Republican,1377230,2233069
1984,Iowa,IA,"Baker, Gerald",Other,892,1319805
1984,Iowa,IA,"Bergland, David",Other,1844,1319805
1984,Iowa,IA,"Hall, Gus",Other,286,1319805
1984,Iowa,IA,"Larouche, Lyndon, Jr.",Other,6248,1319805
1984,Iowa,IA,"Mason, Melvin",Other,313,1319805
1984,Iowa,IA,"Mondale, Walter",Democrat,605620,1319805
1984,Iowa,IA,Other,Other,1051,1319805
1984,Iowa,IA,"Reagan, Ronald",Republican,703088,1319805
1984,Iowa,IA,"Serrette, Dennis",Other,463,1319805
1984,Kansas,KS,"Bergland, David",Other,3329,1021991
1984,Kansas,KS,"Dodge, Earl",Other,2109,1021991
1984,Kansas,KS,"Mondale, Walter",Democrat,333149,1021991
1984,Kansas,KS,"Reagan, Ronald",Republican,677296,1021991
1984,Kansas,KS,"Richards, Bob",Other,3564,1021991
1984,Kansas,KS,"Serrette, Dennis",Other,2544,1021991
1984,Kentucky,KY,"Anderson, John B.",Other,1479,1369345
1984,Kentucky,KY,"Dennis, Delmar",Other,428,1369345
1984,Kentucky,KY,"Hall, Gus",Other,328,1369345
1984,Kentucky,KY,"Johnson, Sonia",Other,599,1369345
1984,Kentucky,KY,"Larouche, Lyndon, Jr.",Other,1776,1369345
1984,Kentucky,KY,"Mason, Melvin",Other,3129,1369345
1984,Kentucky,KY,"Mondale, Walter",Democrat,539539,1369345
1984,Kentucky,KY,"Reagan, Ronald",Republican,821702,1369345
1984,Kentucky,KY,"Serrette, Dennis",Other,365,1369345
1984,Louisiana,LA,"Bergland, David",Other,1876,1706822
1984,Louisiana,LA,"Johnson, Sonia",Other,9502,1706822
1984,Louisiana,LA,"Larouche, Lyndon, Jr.",Other,3552,1706822
1984,Louisiana,LA,"Mason, Melvin",Other,1164,1706822
1984,Louisiana,LA,"Mondale, Walter",Democrat,651586,1706822
1984,Louisiana,LA,"Reagan, Ronald",Republican,1037299,1706822
1984,Louisiana,LA,"Richards, Bob",Other,1310,1706822
1984,Louisiana,LA,"Serrette, Dennis",Other,533,1706822
1984,Maine,ME,"Hall, Gus",Other,1292,553144
1984,Maine,ME,"Mondale, Walter",Democrat,214515,553144
1984,Maine,ME,Other,Other,82,553144
1984,Maine,ME,"Reagan, Ronald",Republican,336500,553144
1984,Maine,ME,"Serrette, Dennis",Other,755,553144
1984,Maryland,MD,"Bergland, David",Other,5721,1675873
1984,Maryland,MD,"Hall, Gus",Other,898,1675873
1984,Maryland,MD,"Holmes, Larry",Other,745,1675873
1984,Maryland,MD,"Mondale, Walter",Democrat,787935,1675873
1984,Maryland,MD,"Reagan, Ronald",Republican,879918,1675873
1984,Maryland,MD,"Serrette, Dennis",Other,656,1675873
1984,Massachusetts,MA,"Mondale, Walter",Democrat,1239606,2559383
1984,Massachusetts,MA,Other,Other,843,2559383
1984,Massachusetts,MA,"Reagan, Ronald",Republican,1310936,2559383
1984,Massachusetts,MA,"Serrette, Dennis",Other,7998,2559383
1984,Michigan,MI,"Bergland, David",Other,10055,3801658
1984,Michigan,MI,"Hall, Gus",Other,1048,3801658
1984,Michigan,MI,"Holmes, Larry",Other,1416,3801658
1984,Michigan,MI,"Johnson, Sonia",Other,1191,3801658
1984,Michigan,MI,"Larouche, Lyndon, Jr.",Other,3862,3801658
1984,Michigan,MI,"Mason, Melvin",Other,1049,3801658
1984,Michigan,MI,"Mondale, Walter",Democrat,1529638,3801658
1984,Michigan,MI,Other,Other,602,3801658
1984,Michigan,MI,"Reagan, Ronald",Republican,2251571,3801658
1984,Michigan,MI,"Serrette, Dennis",Other,665,3801658
1984,Michigan,MI,"Winn, Edward",Other,561,3801658
1984,Minnesota,MN,"Bergland, David",Other,2996,2084449
1984,Minnesota,MN,"Hall, Gus",Other,630,2084449
1984,Minnesota,MN,"Johnson, Sonia",Other,1219,2084449
1984,Minnesota,MN,"Larouche, Lyndon, Jr.",Other,3865,2084449
1984,Minnesota,MN,"Mason, Melvin",Other,3180,2084449
1984,Minnesota,MN,"Mondale, Walter",Democrat,1036364,2084449
1984,Minnesota,MN,Other,Other,723,2084449
1984,Minnesota,MN,"Reagan, Ronald",Republican,1032603,2084449
1984,Minnesota,MN,"Richards, Bob",Other,2377,2084449
1984,Minnesota,MN,"Serrette, Dennis",Other,232,2084449
1984,Minnesota,MN,"Winn, Edward",Other,260,2084449
1984,Mississippi,MS,"Bergland, David",Other,2336,941104
1984,Mississippi,MS,"Holmes, Larry",Other,1169,941104
1984,Mississippi,MS,"Larouche, Lyndon, Jr.",Other,1001,941104
1984,Mississippi,MS,"Mason, Melvin",Other,1032,941104
1984,Mississippi,MS,"Mondale, Walter",Democrat,352192,941104
1984,Mississippi,MS,"Reagan, Ronald",Republican,582377,941104
1984,Mississippi,MS,"Richards, Bob",Other,641,941104
1984,Mississippi,MS,"Serrette, Dennis",Other,356,941104
1984,Missouri,MO,"Mondale, Walter",Democrat,848583,2122771
1984,Missouri,MO,"Reagan, Ronald",Republican,1274188,2122771
1984,Montana,MT,"Bergland, David",Other,5185,384377
1984,Montana,MT,"Mondale, Walter",Democrat,146742,384377
1984,Montana,MT,"Reagan, Ronald",Republican,232450,384377
1984,Nebraska,NE,"Bergland, David",Other,2079,652090
1984,Nebraska,NE,"Mason, Melvin",Other,1066,652090
1984,Nebraska,NE,"Mondale, Walter",Democrat,187866,652090
1984,Nebraska,NE,"Reagan, Ronald",Republican,460054,652090
1984,Nebraska,NE,"Serrette, Dennis",Other,1025,652090
1984,Nevada,NV,"Bergland, David",Other,2292,282717
1984,Nevada,NV,"Mondale, Walter",Democrat,91655,282717
1984,Nevada,NV,"Reagan, Ronald",Republican,188770,282717
1984,New Hampshire,NH,"Bergland, David",Other,735,388904
1984,New Hampshire,NH,"Larouche, Lyndon, Jr.",Other,467,388904
1984,New Hampshire,NH,"Mondale, Walter",Democrat,120347,388904
1984,New Hampshire,NH,"Reagan, Ronald",Republican,267050,388904
1984,New Hampshire,NH,"Serrette, Dennis",Other,305,388904
1984,New Jersey,NJ,"Bergland, David",Other,6416,3217862
1984,New Jersey,NJ,"Hall, Gus",Other,1564,3217862
1984,New Jersey,NJ,"Holmes, Larry",Other,8404,3217862
1984,New Jersey,NJ,"Johnson, Sonia",Other,1247,3217862
1984,New Jersey,NJ,"Mason, Melvin",Other,1264,3217862
1984,New Jersey,NJ,"Mondale, Walter",Democrat,1261323,3217862
1984,New Jersey,NJ,"Reagan, Ronald",Republican,1933630,3217862
1984,New Jersey,NJ,"Serrette, Dennis",Other,2293,3217862
1984,New Jersey,NJ,"Winn, Edward",Other,1721,3217862
1984,New Mexico,NM,"Bergland, David",Other,4459,514370
1984,New Mexico,NM,"Dodge, Earl",Other,206,514370
1984,New Mexico,NM,"Johnson, Sonia",Other,455,514370
1984,New Mexico,NM,"Mason, Melvin",Other,224,514370
1984,New Mexico,NM,"Mondale, Walter",Democrat,201769,514370
1984,New Mexico,NM,Other,Other,1,514370
1984,New Mexico,NM,"Reagan, Ronald",Republican,307101,514370
1984,New Mexico,NM,"Serrette, Dennis",Other,155,514370
1984,New York,NY,"Bergland, David",Other,11949,6806810
1984,New York,NY,"Hall, Gus",Other,4226,6806810
1984,New York,NY,"Holmes, Larry",Other,2226,6806810
1984,New York,NY,"Mondale, Walter",Democrat,3001285,6806810
1984,New York,NY,"Mondale, Walter",Other,118324,6806810
1984,New York,NY,Other,Other,837,6806810
1984,New York,NY,"Reagan, Ronald",Republican,3376519,6806810
1984,New York,NY,"Reagan, Ronald",Other,288244,6806810
1984,New York,NY,"Serrette, Dennis",Other,3200,6806810
1984,North Carolina,NC,"Bergland, David",Other,3794,2175361
1984,North Carolina,NC,"Mason, Melvin",Other,799,2175361
1984,North Carolina,NC,"Mondale, Walter",Democrat,824287,2175361
1984,North Carolina,NC,"Reagan, Ronald",Republican,1346481,2175361
1984,North Dakota,ND,"Bergland, David",Other,703,308971
1984,North Dakota,ND,"Dodge, Earl",Other,220,308971
1984,North Dakota,ND,"Hall, Gus",Other,169,308971
1984,North Dakota,ND,"Johnson, Sonia",Other,368,308971
1984,North Dakota,ND,"Larouche, Lyndon, Jr.",Other,1278,308971
1984,North Dakota,ND,"Mason, Melvin",Other,239,308971
1984,North Dakota,ND,"Mondale, Walter",Democrat,104429,308971
1984,North Dakota,ND,"Reagan, Ronald",Republican,200336,308971
1984,North Dakota,ND,"Richards, Bob",Other,1077,308971
1984,North Dakota,ND,"Serrette, Dennis",Other,152,308971
1984,Ohio,OH,"Bergland, David",Other,5886,4563235
1984,Ohio,OH,"Hall, Gus",Other,4438,4563235
1984,Ohio,OH,"Holmes, Larry",Other,2565,4563235
1984,Ohio,OH,"Larouche, Lyndon, Jr.",Other,10693,4563235
1984,Ohio,OH,"Mason, Melvin",Other,4344,4563235
1984,Ohio,OH,"Mondale, Walter",Democrat,1825440,4563235
1984,Ohio,OH,"Reagan, Ronald",Republican,2678559,4563235
1984,Ohio,OH,"Serrette, Dennis",Other,24180,4563235
1984,Ohio,OH,"Winn, Edward",Other,7130,4563235
1984,Oklahoma,OK,"Bergland, David",Other,9066,1255676
1984,Oklahoma,OK,"Mondale, Walter",Democrat,385080,1255676
1984,Oklahoma,OK,"Reagan, Ronald",Republican,861530,1255676
1984,Oregon,OR,"Mondale, Walter",Democrat,536479,1226527
1984,Oregon,OR,Other,Other,4348,1226527
1984,Oregon,OR,"Reagan, Ronald",Republican,685700,1226527
1984,Pennsylvania,PA,"Bergland, David",Other,6982,4844903
1984,Pennsylvania,PA,"Hall, Gus",Other,1780,4844903
1984,Pennsylvania,PA,"Johnson, Sonia",Other,21628,4844903
1984,Pennsylvania,PA,"Mondale, Walter",Democrat,2228131,4844903
1984,Pennsylvania,PA,"Reagan, Ronald",Republican,2584323,4844903
1984,Pennsylvania,PA,"Winn, Edward",Other,2059,4844903
1984,Rhode Island,RI,"Bergland, David",Other,277,410489
1984,Rhode Island,RI,"Hall, Gus",Other,75,410489
1984,Rhode Island,RI,"Holmes, Larry",Other,91,410489
1984,Rhode Island,RI,"Johnson, Sonia",Other,240,410489
1984,Rhode Island,RI,"Mason, Melvin",Other,61,410489
1984,Rhode Island,RI,"Mondale, Walter",Democrat,197106,410489
1984,Rhode Island,RI,"Reagan, Ronald",Republican,212080,410489
1984,Rhode Island,RI,"Richards, Bob",Other,510,410489
1984,Rhode Island,RI,"Serrette, Dennis",Other,49,410489
1984,South Carolina,SC,"Bergland, David",Other,4359,968529
1984,South Carolina,SC,"Dennis, Delmar",Other,3490,968529
1984,South Carolina,SC,"Mondale, Walter",Democrat,344459,968529
1984,South Carolina,SC,"Reagan, Ronald",Republican,615539,968529
1984,South Carolina,SC,"Serrette, Dennis",Other,682,968529
1984,South Dakota,SD,"Mason, Melvin",Other,337,317867
1984,South Dakota,SD,"Mondale, Walter",Democrat,116113,317867
1984,South Dakota,SD,"Reagan, Ronald",Republican,200267,317867
1984,South Dakota,SD,"Serrette, Dennis",Other,1150,317867
1984,Tennessee,TN,"Bergland, David",Other,3072,1711993
1984,Tennessee,TN,"Hall, Gus",Other,1036,1711993
1984,Tennessee,TN,"Johnson, Sonia",Other,978,1711993
1984,Tennessee,TN,"Larouche, Lyndon, Jr.",Other,1852,1711993
1984,Tennessee,TN,"Mason, Melvin",Other,715,1711993
1984,Tennessee,TN,"Mondale, Walter",Democrat,711714,1711993
1984,Tennessee,TN,Other,Other,127,1711993
1984,Tennessee,TN,"Reagan, Ronald",Republican,990212,1711993
1984,Tennessee,TN,"Richards, Bob",Other,1763,1711993
1984,Tennessee,TN,"Serrette, Dennis",Other,524,1711993
1984,Texas,TX,"Larouche, Lyndon, Jr.",Other,14613,5397571
1984,Texas,TX,"Mondale, Walter",Democrat,1949276,5397571
1984,Texas,TX,Other,Other,254,5397571
1984,Texas,TX,"Reagan, Ronald",Republican,3433428,5397571
1984,Utah,UT,"Bergland, David",Other,2447,629656
1984,Utah,UT,"Dennis, Delmar",Other,1345,629656
1984,Utah,UT,"Hall, Gus",Other,184,629656
1984,Utah,UT,"Johnson, Sonia",Other,844,629656
1984,Utah,UT,"Mason, Melvin",Other,142,629656
1984,Utah,UT,"Mondale, Walter",Democrat,155369,629656
1984,Utah,UT,"Reagan, Ronald",Republican,469105,629656
1984,Utah,UT,"Serrette, Dennis",Other,220,629656
1984,Vermont,VT,"Bergland, David",Other,1002,234561
1984,Vermont,VT,"Hall, Gus",Other,115,234561
1984,Vermont,VT,"Johnson, Sonia",Other,264,234561
1984,Vermont,VT,"Larouche, Lyndon, Jr.",Other,423,234561
1984,Vermont,VT,"Mason, Melvin",Other,127,234561
1984,Vermont,VT,"Mondale, Walter",Democrat,95730,234561
1984,Vermont,VT,Other,Other,712,234561
1984,Vermont,VT,"Reagan, Ronald",Republican,135865,234561
1984,Vermont,VT,"Serrette, Dennis",Other,323,234561
1984,Virginia,VA,"Larouche, Lyndon, Jr.",Other,13307,2146635
1984,Virginia,VA,"Mondale, Walter",Democrat,796250,2146635
1984,Virginia,VA,"Reagan, Ronald",Republican,1337078,2146635
1984,Washington,WA,"Bergland, David",Other,8844,1874910
1984,Washington,WA,"Hall, Gus",Other,814,1874910
1984,Washington,WA,"Holmes, Larry",Other,641,1874910
1984,Washington,WA,"Johnson, Sonia",Other,1891,1874910
1984,Washington,WA,"Larouche, Lyndon, Jr.",Other,4712,1874910
1984,Washington,WA,"Mason, Melvin",Other,608,1874910
1984,Washington,WA,"Mondale, Walter",Democrat,798352,1874910
1984,Washington,WA,"Reagan, Ronald",Republican,1051670,1874910
1984,Washington,WA,"Richards, Bob",Other,5724,1874910
1984,Washington,WA,"Serrette, Dennis",Other,1654,1874910
1984,West Virginia,WV,"Mason, Melvin",Other,645,735742
1984,West Virginia,WV,"Mondale, Walter",Democrat,328125,735742
1984,West Virginia,WV,"Reagan, Ronald",Republican,405483,735742
1984,West Virginia,WV,"Richards, Bob",Other,996,735742
1984,West Virginia,WV,"Serrette, Dennis",Other,493,735742
1984,Wisconsin,WI,"Bergland, David",Other,4883,2211689
1984,Wisconsin,WI,"Hall, Gus",Other,596,2211689
1984,Wisconsin,WI,"Holmes, Larry",Other,619,2211689
1984,Wisconsin,WI,"Johnson, Sonia",Other,1456,2211689
1984,Wisconsin,WI,"Larouche, Lyndon, Jr.",Other,3791,2211689
1984,Wisconsin,WI,"Mason, Melvin",Other,444,2211689
1984,Wisconsin,WI,"Mondale, Walter",Democrat,995740,2211689
1984,Wisconsin,WI,Other,Other,706,2211689
1984,Wisconsin,WI,"Reagan, Ronald",Republican,1198584,2211689
1984,Wisconsin,WI,"Richards, Bob",Other,3864,2211689
1984,Wisconsin,WI,"Serrette, Dennis",Other,1006,2211689
1984,Wyoming,WY,"Bergland, David",Other,2357,188968
1984,Wyoming,WY,"Mondale, Walter",Democrat,53370,188968
1984,Wyoming,WY,"Reagan, Ronald",Republican,133241,188968
1988,Alabama,AL,"Bush, George H.w.",Republican,815576,1378476
1988,Alabama,AL,"Dukakis, Michael",Democrat,549506,1378476
1988,Alabama,AL,"Paul, Ronald """"Ron""""",Other,8460,1378476
1988,Alabama,AL,"Winn, Edward",Other,4428,1378476
1988,Alabama,AL,NA,Other,506,1378476
1988,Alaska,AK,"Bush, George H.w.",Republican,119251,200116
1988,Alaska,AK,"Dukakis, Michael",Democrat,72584,200116
1988,Alaska,AK,"Fulani, Lenora",Other,1024,200116
1988,Alaska,AK,"Larouche, Lyndon, Jr.",Other,816,200116
1988,Alaska,AK,"Paul, Ronald """"Ron""""",Other,5484,200116
1988,Alaska,AK,NA,Other,957,200116
1988,Arizona,AZ,"Bush, George H.w.",Republican,702541,1171873
1988,Arizona,AZ,"Dukakis, Michael",Democrat,454029,1171873
1988,Arizona,AZ,"Fulani, Lenora",Other,1662,1171873
1988,Arizona,AZ,"Paul, Ronald """"Ron""""",Other,13351,1171873
1988,Arizona,AZ,NA,Other,290,1171873
1988,Arkansas,AR,"Bush, George H.w.",Republican,466578,827738
1988,Arkansas,AR,"Dodge, Earl",Other,5146,827738
1988,Arkansas,AR,"Dodge, Earl",Other,1319,827738
1988,Arkansas,AR,"Dukakis, Michael",Democrat,349237,827738
1988,Arkansas,AR,"Fulani, Lenora",Other,2161,827738
1988,Arkansas,AR,"Paul, Ronald """"Ron""""",Other,3297,827738
1988,California,CA,"Bush, George H.w.",Republican,5054917,9887065
1988,California,CA,"Dukakis, Michael",Democrat,4702233,9887065
1988,California,CA,"Fulani, Lenora",Other,58999,9887065
1988,California,CA,"Paul, Ronald """"Ron""""",Other,70105,9887065
1988,California,CA,NA,Other,811,9887065
1988,Colorado,CO,"Bush, George H.w.",Republican,728177,1372394
1988,Colorado,CO,"Dodge, Earl",Other,4604,1372394
1988,Colorado,CO,"Dukakis, Michael",Democrat,621453,1372394
1988,Colorado,CO,"Fulani, Lenora",Other,2539,1372394
1988,Colorado,CO,"Paul, Ronald """"Ron""""",Other,15482,1372394
1988,Colorado,CO,NA,Other,139,1372394
1988,Connecticut,CT,"Bush, George H.w.",Republican,750241,1443394
1988,Connecticut,CT,"Dukakis, Michael",Democrat,676584,1443394
1988,Connecticut,CT,"Fulani, Lenora",Other,2491,1443394
1988,Connecticut,CT,"Paul, Ronald """"Ron""""",Other,14071,1443394
1988,Connecticut,CT,NA,Other,7,1443394
1988,Delaware,DE,"Bush, George H.w.",Republican,139639,249891
1988,Delaware,DE,"Dukakis, Michael",Democrat,108647,249891
1988,Delaware,DE,"Fulani, Lenora",Other,443,249891
1988,Delaware,DE,"Paul, Ronald """"Ron""""",Other,1162,249891
1988,District Of Columbia,DC,"Bush, George H.w.",Republican,27590,192877
1988,District Of Columbia,DC,"Dukakis, Michael",Democrat,159407,192877
1988,District Of Columbia,DC,"Kenoyer, Willa",Other,142,192877
1988,District Of Columbia,DC,"Paul, Ronald """"Ron""""",Other,554,192877
1988,District Of Columbia,DC,"Warren, James """"Mac""""",Other,123,192877
1988,District Of Columbia,DC,"Winn, Edward",Other,208,192877
1988,District Of Columbia,DC,NA,Other,3064,192877
1988,District Of Columbia,DC,NA,Other,1553,192877
1988,District Of Columbia,DC,NA,Other,236,192877
1988,Florida,FL,"Bush, George H.w.",Republican,2618885,4302313
1988,Florida,FL,"Dukakis, Michael",Democrat,1656701,4302313
1988,Florida,FL,"Fulani, Lenora",Other,6655,4302313
1988,Florida,FL,"Paul, Ronald """"Ron""""",Other,19796,4302313
1988,Florida,FL,NA,Other,276,4302313
1988,Georgia,GA,"Bush, George H.w.",Republican,1081331,1809672
1988,Georgia,GA,"Dukakis, Michael",Democrat,714792,1809672
1988,Georgia,GA,"Fulani, Lenora",Other,5099,1809672
1988,Georgia,GA,"Paul, Ronald """"Ron""""",Other,8435,1809672
1988,Georgia,GA,NA,Other,15,1809672
1988,Hawaii,HI,"Bush, George H.w.",Republican,158625,354461
1988,Hawaii,HI,"Dukakis, Michael",Democrat,192364,354461
1988,Hawaii,HI,"Fulani, Lenora",Other,1003,354461
1988,Hawaii,HI,"Larouche, Lyndon, Jr.",Other,470,354461
1988,Hawaii,HI,"Paul, Ronald """"Ron""""",Other,1999,354461
1988,Idaho,ID,"Bush, George H.w.",Republican,253881,408968
1988,Idaho,ID,"Dukakis, Michael",Democrat,147272,408968
1988,Idaho,ID,"Fulani, Lenora",Other,2502,408968
1988,Idaho,ID,"Paul, Ronald """"Ron""""",Other,5313,408968
1988,Illinois,IL,"Bush, George H.w.",Republican,2310939,4559120
1988,Illinois,IL,"Dukakis, Michael",Democrat,2215940,4559120
1988,Illinois,IL,"Fulani, Lenora",Other,10276,4559120
1988,Illinois,IL,"Paul, Ronald """"Ron""""",Other,14944,4559120
1988,Illinois,IL,"Winn, Edward",Other,7021,4559120
1988,Indiana,IN,"Bush, George H.w.",Republican,1297763,2168621
1988,Indiana,IN,"Dukakis, Michael",Democrat,860643,2168621
1988,Indiana,IN,"Fulani, Lenora",Other,10215,2168621
1988,Iowa,IA,"Bush, George H.w.",Republican,545355,1225614
1988,Iowa,IA,"Dukakis, Michael",Democrat,670557,1225614
1988,Iowa,IA,"Duke, David",Other,755,1225614
1988,Iowa,IA,"Fulani, Lenora",Other,540,1225614
1988,Iowa,IA,"Kenoyer, Willa",Other,334,1225614
1988,Iowa,IA,"Larouche, Lyndon, Jr.",Other,3526,1225614
1988,Iowa,IA,"Paul, Ronald """"Ron""""",Other,2494,1225614
1988,Iowa,IA,Scattering,Other,1613,1225614
1988,Iowa,IA,"Warren, James """"Mac""""",Other,205,1225614
1988,Iowa,IA,"Winn, Edward",Other,235,1225614
1988,Kansas,KS,"Bush, George H.w.",Republican,554049,993044
1988,Kansas,KS,"Dukakis, Michael",Democrat,422636,993044
1988,Kansas,KS,NA,Other,16359,993044
1988,Kentucky,KY,"Bush, George H.w.",Republican,734281,1322517
1988,Kentucky,KY,"Dukakis, Michael",Democrat,580368,1322517
1988,Kentucky,KY,"Duke, David",Other,4494,1322517
1988,Kentucky,KY,"Fulani, Lenora",Other,1256,1322517
1988,Kentucky,KY,"Paul, Ronald """"Ron""""",Other,2118,1322517
1988,Louisiana,LA,"Bush, George H.w.",Republican,883702,1628202
1988,Louisiana,LA,"Dukakis, Michael",Democrat,717460,1628202
1988,Louisiana,LA,"Duke, David",Other,18612,1628202
1988,Louisiana,LA,"Fulani, Lenora",Other,2355,1628202
1988,Louisiana,LA,"Larouche, Lyndon, Jr.",Other,1958,1628202
1988,Louisiana,LA,"Paul, Ronald """"Ron""""",Other,4115,1628202
1988,Maine,ME,"Bush, George H.w.",Republican,307131,555035
1988,Maine,ME,"Dukakis, Michael",Democrat,243569,555035
1988,Maine,ME,"Fulani, Lenora",Other,1405,555035
1988,Maine,ME,"Paul, Ronald """"Ron""""",Other,2700,555035
1988,Maine,ME,NA,Other,230,555035
1988,Maryland,MD,"Bush, George H.w.",Republican,876167,1714358
1988,Maryland,MD,"Dukakis, Michael",Democrat,826304,1714358
1988,Maryland,MD,"Fulani, Lenora",Other,5115,1714358
1988,Maryland,MD,"Paul, Ronald """"Ron""""",Other,6748,1714358
1988,Maryland,MD,NA,Other,24,1714358
1988,Massachusetts,MA,"Bush, George H.w.",Republican,1194635,2632801
1988,Massachusetts,MA,"Dukakis, Michael",Democrat,1401415,2632801
1988,Massachusetts,MA,"Fulani, Lenora",Other,9561,2632801
1988,Massachusetts,MA,"Paul, Ronald """"Ron""""",Other,24251,2632801
1988,Massachusetts,MA,NA,Other,2939,2632801
1988,Michigan,MI,"Bush, George H.w.",Republican,1965486,3669163
1988,Michigan,MI,"Dukakis, Michael",Democrat,1675783,3669163
1988,Michigan,MI,"Paul, Ronald """"Ron""""",Other,18336,3669163
1988,Michigan,MI,"Winn, Edward",Other,1958,3669163
1988,Michigan,MI,NA,Other,7600,3669163
1988,Minnesota,MN,"Bush, George H.w.",Republican,962337,2096790
1988,Minnesota,MN,"Dennis, Delmar",Other,1298,2096790
1988,Minnesota,MN,"Dukakis, Michael",Democrat,1109471,2096790
1988,Minnesota,MN,"Duke, David",Other,1529,2096790
1988,Minnesota,MN,"Fulani, Lenora",Other,1734,2096790
1988,Minnesota,MN,"Herer, Jack",Other,1949,2096790
1988,Minnesota,MN,"Larouche, Lyndon, Jr.",Other,1702,2096790
1988,Minnesota,MN,"Mccarthy, Eugene """"Gene""""",Other,5403,2096790
1988,Minnesota,MN,"Paul, Ronald """"Ron""""",Other,5109,2096790
1988,Minnesota,MN,"Warren, James """"Mac""""",Other,2155,2096790
1988,Minnesota,MN,"Winn, Edward",Other,489,2096790
1988,Minnesota,MN,NA,Other,3614,2096790
1988,Mississippi,MS,"Bush, George H.w.",Republican,557890,931527
1988,Mississippi,MS,"Dukakis, Michael",Democrat,363921,931527
1988,Mississippi,MS,"Paul, Ronald """"Ron""""",Other,3329,931527
1988,Mississippi,MS,NA,Other,6387,931527
1988,Missouri,MO,"Bush, George H.w.",Republican,1084953,2093228
1988,Missouri,MO,"Dukakis, Michael",Democrat,1001619,2093228
1988,Missouri,MO,"Fulani, Lenora",Other,6656,2093228
1988,Montana,MT,"Bush, George H.w.",Republican,190412,365674
1988,Montana,MT,"Dukakis, Michael",Democrat,168936,365674
1988,Montana,MT,"Fulani, Lenora",Other,1279,365674
1988,Montana,MT,"Paul, Ronald """"Ron""""",Other,5047,365674
1988,Nebraska,NE,"Bush, George H.w.",Republican,397956,661465
1988,Nebraska,NE,"Dukakis, Michael",Democrat,259235,661465
1988,Nebraska,NE,"Fulani, Lenora",Other,1740,661465
1988,Nebraska,NE,"Paul, Ronald """"Ron""""",Other,2534,661465
1988,Nevada,NV,"Bush, George H.w.",Republican,206040,343133
1988,Nevada,NV,"Dukakis, Michael",Democrat,132738,343133
1988,Nevada,NV,"Fulani, Lenora",Other,835,343133
1988,Nevada,NV,"Paul, Ronald """"Ron""""",Other,3520,343133
1988,New Hampshire,NH,"Bush, George H.w.",Republican,281537,450525
1988,New Hampshire,NH,"Dukakis, Michael",Democrat,163696,450525
1988,New Hampshire,NH,"Fulani, Lenora",Other,790,450525
1988,New Hampshire,NH,"Paul, Ronald """"Ron""""",Other,4502,450525
1988,New Jersey,NJ,"Bush, George H.w.",Republican,1743192,3099553
1988,New Jersey,NJ,"Dukakis, Michael",Democrat,1320352,3099553
1988,New Jersey,NJ,"Duke, David",Other,2446,3099553
1988,New Jersey,NJ,"Fulani, Lenora",Other,5139,3099553
1988,New Jersey,NJ,"Herberg G., Lewin",Other,9953,3099553
1988,New Jersey,NJ,"Holmes, Larry",Other,1020,3099553
1988,New Jersey,NJ,"Kenoyer, Willa",Other,2587,3099553
1988,New Jersey,NJ,"Mccarthy, Eugene """"Gene""""",Other,3454,3099553
1988,New Jersey,NJ,"Paul, Ronald """"Ron""""",Other,8421,3099553
1988,New Jersey,NJ,"Warren, James """"Mac""""",Other,2298,3099553
1988,New Jersey,NJ,"Winn, Edward",Other,691,3099553
1988,New Mexico,NM,"Bush, George H.w.",Republican,270341,521387
1988,New Mexico,NM,"Dodge, Earl",Other,249,521387
1988,New Mexico,NM,"Dukakis, Michael",Democrat,244497,521387
1988,New Mexico,NM,"Fulani, Lenora",Other,2237,521387
1988,New Mexico,NM,"Holmes, Larry",Other,258,521387
1988,New Mexico,NM,"Paul, Ronald """"Ron""""",Other,3368,521387
1988,New Mexico,NM,"Warren, James """"Mac""""",Other,344,521387
1988,New Mexico,NM,NA,Other,93,521387
1988,New York,NY,"Bush, George H.w.",Republican,2838414,6485683
1988,New York,NY,"Bush, George H.w.",Other,243457,6485683
1988,New York,NY,"Dukakis, Michael",Democrat,3255487,6485683
1988,New York,NY,"Dukakis, Michael",Other,92395,6485683
1988,New York,NY,"Fulani, Lenora",Other,15845,6485683
1988,New York,NY,"Holmes, Larry",Other,4179,6485683
1988,New York,NY,"Marra, William A.",Other,20497,6485683
1988,New York,NY,"Paul, Ronald """"Ron""""",Other,12109,6485683
1988,New York,NY,"Warren, James """"Mac""""",Other,3287,6485683
1988,New York,NY,NA,Other,13,6485683
1988,North Carolina,NC,"Bush, George H.w.",Republican,1237258,2134370
1988,North Carolina,NC,"Dukakis, Michael",Democrat,890167,2134370
1988,North Carolina,NC,"Fulani, Lenora",Other,5682,2134370
1988,North Carolina,NC,"Paul, Ronald """"Ron""""",Other,1263,2134370
1988,North Dakota,ND,"Bush, George H.w.",Republican,166559,297261
1988,North Dakota,ND,"Dukakis, Michael",Democrat,127739,297261
1988,North Dakota,ND,"Fulani, Lenora",Other,396,297261
1988,North Dakota,ND,"Larouche, Lyndon, Jr.",Other,905,297261
1988,North Dakota,ND,"Paul, Ronald """"Ron""""",Other,1315,297261
1988,North Dakota,ND,"Warren, James """"Mac""""",Other,347,297261
1988,Ohio,OH,"Bush, George H.w.",Republican,2416549,4393585
1988,Ohio,OH,"Dukakis, Michael",Democrat,1939629,4393585
1988,Ohio,OH,"Fulani, Lenora",Other,12017,4393585
1988,Ohio,OH,"Paul, Ronald """"Ron""""",Other,11926,4393585
1988,Ohio,OH,"Winn, Edward",Other,5401,4393585
1988,Ohio,OH,NA,Other,7713,4393585
1988,Ohio,OH,NA,Other,350,4393585
1988,Oklahoma,OK,"Bush, George H.w.",Republican,678367,1171036
1988,Oklahoma,OK,"Dukakis, Michael",Democrat,483423,1171036
1988,Oklahoma,OK,"Fulani, Lenora",Other,2985,1171036
1988,Oklahoma,OK,"Paul, Ronald """"Ron""""",Other,6261,1171036
1988,Oregon,OR,"Bush, George H.w.",Republican,560126,1201694
1988,Oregon,OR,"Dukakis, Michael",Democrat,616206,1201694
1988,Oregon,OR,"Fulani, Lenora",Other,6487,1201694
1988,Oregon,OR,"Paul, Ronald """"Ron""""",Other,14811,1201694
1988,Oregon,OR,NA,Other,4064,1201694
1988,Pennsylvania,PA,"Bush, George H.w.",Republican,2300087,4536251
1988,Pennsylvania,PA,"Dukakis, Michael",Democrat,2194944,4536251
1988,Pennsylvania,PA,"Duke, David",Other,3444,4536251
1988,Pennsylvania,PA,"Fulani, Lenora",Other,4379,4536251
1988,Pennsylvania,PA,"Mccarthy, Eugene """"Gene""""",Other,19158,4536251
1988,Pennsylvania,PA,"Paul, Ronald """"Ron""""",Other,12051,4536251
1988,Pennsylvania,PA,"Winn, Edward",Other,2188,4536251
1988,Rhode Island,RI,"Bush, George H.w.",Republican,177761,404622
1988,Rhode Island,RI,"Dukakis, Michael",Democrat,225123,404622
1988,Rhode Island,RI,"Duke, David",Other,159,404622
1988,Rhode Island,RI,"Fulani, Lenora",Other,280,404622
1988,Rhode Island,RI,"Herberg G., Lewin",Other,195,404622
1988,Rhode Island,RI,"Kenoyer, Willa",Other,96,404622
1988,Rhode Island,RI,"Paul, Ronald """"Ron""""",Other,825,404622
1988,Rhode Island,RI,"Warren, James """"Mac""""",Other,130,404622
1988,Rhode Island,RI,NA,Other,53,404622
1988,South Carolina,SC,"Bush, George H.w.",Republican,606443,986009
1988,South Carolina,SC,"Dukakis, Michael",Democrat,370554,986009
1988,South Carolina,SC,"Fulani, Lenora",Other,4077,986009
1988,South Carolina,SC,"Paul, Ronald """"Ron""""",Other,4935,986009
1988,South Dakota,SD,"Bush, George H.w.",Republican,165415,312991
1988,South Dakota,SD,"Dukakis, Michael",Democrat,145560,312991
1988,South Dakota,SD,NA,Other,2016,312991
1988,Tennessee,TN,"Bush, George H.w.",Republican,947233,1636250
1988,Tennessee,TN,"Dukakis, Michael",Democrat,679794,1636250
1988,Tennessee,TN,NA,Other,8938,1636250
1988,Tennessee,TN,NA,Other,285,1636250
1988,Texas,TX,"Bush, George H.w.",Republican,3036829,5427410
1988,Texas,TX,"Dukakis, Michael",Democrat,2352748,5427410
1988,Texas,TX,"Fulani, Lenora",Other,7208,5427410
1988,Texas,TX,"Paul, Ronald """"Ron""""",Other,30355,5427410
1988,Texas,TX,NA,Other,270,5427410
1988,Utah,UT,"Bush, George H.w.",Republican,428442,647008
1988,Utah,UT,"Dennis, Delmar",Other,2158,647008
1988,Utah,UT,"Dukakis, Michael",Democrat,207343,647008
1988,Utah,UT,"Fulani, Lenora",Other,455,647008
1988,Utah,UT,"Kenoyer, Willa",Other,129,647008
1988,Utah,UT,"Larouche, Lyndon, Jr.",Other,427,647008
1988,Utah,UT,"Paul, Ronald """"Ron""""",Other,7473,647008
1988,Utah,UT,"Warren, James """"Mac""""",Other,209,647008
1988,Utah,UT,"Youngkeit, Louie G.",Other,372,647008
1988,Vermont,VT,"Bush, George H.w.",Republican,124331,243328
1988,Vermont,VT,"Dukakis, Michael",Democrat,115775,243328
1988,Vermont,VT,"Duke, David",Other,189,243328
1988,Vermont,VT,"Fulani, Lenora",Other,205,243328
1988,Vermont,VT,"Herberg G., Lewin",Other,164,243328
1988,Vermont,VT,"Kenoyer, Willa",Other,142,243328
1988,Vermont,VT,"Larouche, Lyndon, Jr.",Other,275,243328
1988,Vermont,VT,"Paul, Ronald """"Ron""""",Other,1000,243328
1988,Vermont,VT,Scattering,Other,1134,243328
1988,Vermont,VT,"Warren, James """"Mac""""",Other,113,243328
1988,Virginia,VA,"Bush, George H.w.",Republican,1309162,2191609
1988,Virginia,VA,"Dukakis, Michael",Democrat,859799,2191609
1988,Virginia,VA,"Fulani, Lenora",Other,14312,2191609
1988,Virginia,VA,"Paul, Ronald """"Ron""""",Other,8336,2191609
1988,Washington,WA,"Bush, George H.w.",Republican,903835,1865253
1988,Washington,WA,"Dukakis, Michael",Democrat,933516,1865253
1988,Washington,WA,"Fulani, Lenora",Other,3520,1865253
1988,Washington,WA,"Holmes, Larry",Other,1440,1865253
1988,Washington,WA,"Larouche, Lyndon, Jr.",Other,4412,1865253
1988,Washington,WA,"Paul, Ronald """"Ron""""",Other,17240,1865253
1988,Washington,WA,"Warren, James """"Mac""""",Other,1290,1865253
1988,West Virginia,WV,"Bush, George H.w.",Republican,310065,653311
1988,West Virginia,WV,"Dukakis, Michael",Democrat,341016,653311
1988,West Virginia,WV,"Fulani, Lenora",Other,2230,653311
1988,Wisconsin,WI,"Bush, George H.w.",Republican,1047499,2191608
1988,Wisconsin,WI,"Dukakis, Michael",Democrat,1126794,2191608
1988,Wisconsin,WI,Scattering,Other,2273,2191608
1988,Wisconsin,WI,NA,Other,15042,2191608
1988,Wyoming,WY,"Bush, George H.w.",Republican,106867,176551
1988,Wyoming,WY,"Dukakis, Michael",Democrat,67113,176551
1988,Wyoming,WY,"Fulani, Lenora",Other,545,176551
1988,Wyoming,WY,"Paul, Ronald """"Ron""""",Other,2026,176551
1992,Alabama,AL,"Bush, George H.w.",Republican,804283,1688060
1992,Alabama,AL,"Clinton, Bill",Democrat,690080,1688060
1992,Alabama,AL,"Marrou, Andre",Other,5737,1688060
1992,Alabama,AL,Other,Other,4128,1688060
1992,Alabama,AL,"Perot, Ross",Other,183109,1688060
1992,Alabama,AL,NA,Other,723,1688060
1992,Alaska,AK,"Bush, George H.w.",Republican,102000,258506
1992,Alaska,AK,"Clinton, Bill",Democrat,78294,258506
1992,Alaska,AK,"Fulani, Lenora",Other,330,258506
1992,Alaska,AK,"Gritz, James """"Bo""""",Other,1379,258506
1992,Alaska,AK,"Hagelin, John",Other,433,258506
1992,Alaska,AK,"Larouche, Lyndon, Jr.",Other,469,258506
1992,Alaska,AK,"Marrou, Andre",Other,1378,258506
1992,Alaska,AK,"Perot, Ross",Other,73481,258506
1992,Alaska,AK,"Phillips, Howard",Other,377,258506
1992,Alaska,AK,NA,Other,365,258506
1992,Arizona,AZ,"Bush, George H.w.",Republican,572086,1486975
1992,Arizona,AZ,"Clinton, Bill",Democrat,543050,1486975
1992,Arizona,AZ,"Fulani, Lenora",Other,923,1486975
1992,Arizona,AZ,"Gritz, James """"Bo""""",Other,8141,1486975
1992,Arizona,AZ,"Hagelin, John",Other,2267,1486975
1992,Arizona,AZ,"Marrou, Andre",Other,6759,1486975
1992,Arizona,AZ,"Perot, Ross",Other,353741,1486975
1992,Arizona,AZ,NA,Other,8,1486975
1992,Arkansas,AR,"Bush, George H.w.",Republican,337324,950653
1992,Arkansas,AR,"Clinton, Bill",Democrat,505823,950653
1992,Arkansas,AR,Other,Other,8374,950653
1992,Arkansas,AR,"Perot, Ross",Other,99132,950653
1992,California,CA,"Bush, George H.w.",Republican,3630574,11131721
1992,California,CA,"Clinton, Bill",Democrat,5121325,11131721
1992,California,CA,"Daniels, Ron",Other,18597,11131721
1992,California,CA,"Marrou, Andre",Other,48139,11131721
1992,California,CA,"Perot, Ross",Other,2296006,11131721
1992,California,CA,"Phillips, Howard",Other,12711,11131721
1992,California,CA,NA,Other,4369,11131721
1992,Colorado,CO,"Bush, George H.w.",Republican,562850,1569180
1992,Colorado,CO,"Clinton, Bill",Democrat,629681,1569180
1992,Colorado,CO,"Fulani, Lenora",Other,1608,1569180
1992,Colorado,CO,"Gritz, James """"Bo""""",Other,274,1569180
1992,Colorado,CO,"Hagelin, John",Other,47,1569180
1992,Colorado,CO,"Marrou, Andre",Other,8669,1569180
1992,Colorado,CO,"Perot, Ross",Other,366010,1569180
1992,Colorado,CO,Prohibition,Other,21,1569180
1992,Colorado,CO,Unaffiliated,Other,20,1569180
1992,Connecticut,CT,"Bush, George H.w.",Republican,578313,1616156
1992,Connecticut,CT,"Clinton, Bill",Democrat,682318,1616156
1992,Connecticut,CT,"Fulani, Lenora",Other,1363,1616156
1992,Connecticut,CT,"Marrou, Andre",Other,5391,1616156
1992,Connecticut,CT,"Perot, Ross",Other,348771,1616156
1992,Delaware,DE,"Bush, George H.w.",Republican,102313,289620
1992,Delaware,DE,"Clinton, Bill",Democrat,126054,289620
1992,Delaware,DE,"Fulani, Lenora",Other,1105,289620
1992,Delaware,DE,"Marrou, Andre",Other,935,289620
1992,Delaware,DE,"Perot, Ross",Other,59213,289620
1992,District Of Columbia,DC,"Bush, George H.w.",Republican,20698,227572
1992,District Of Columbia,DC,"Clinton, Bill",Democrat,192619,227572
1992,District Of Columbia,DC,"Daniels, Ronald",Other,1446,227572
1992,District Of Columbia,DC,"Fulani, Lenora",Other,1459,227572
1992,District Of Columbia,DC,"Hagelin, John",Other,230,227572
1992,District Of Columbia,DC,"Marrou, Andre",Other,467,227572
1992,District Of Columbia,DC,Other,Other,191,227572
1992,District Of Columbia,DC,Other,Other,105,227572
1992,District Of Columbia,DC,"Perot, Ross",Other,9681,227572
1992,District Of Columbia,DC,NA,Other,676,227572
1992,Florida,FL,"Bush, George H.w.",Republican,2173310,5313392
1992,Florida,FL,"Clinton, Bill",Democrat,2071698,5313392
1992,Florida,FL,"Marrou, Andre",Other,15079,5313392
1992,Florida,FL,"Perot, Ross",Other,1053067,5313392
1992,Florida,FL,NA,Other,238,5313392
1992,Georgia,GA,"Bush, George H.w.",Republican,995252,2321133
1992,Georgia,GA,"Clinton, Bill",Democrat,1008966,2321133
1992,Georgia,GA,"Marrou, Andre",Other,7110,2321133
1992,Georgia,GA,"Perot, Ross",Other,309657,2321133
1992,Georgia,GA,NA,Other,148,2321133
1992,Hawaii,HI,"Bush, George H.w.",Republican,136822,372842
1992,Hawaii,HI,"Clinton, Bill",Democrat,179310,372842
1992,Hawaii,HI,"Fulani, Lenora",Other,720,372842
1992,Hawaii,HI,"Gritz, James """"Bo""""",Other,1452,372842
1992,Hawaii,HI,"Hagelin, John",Other,416,372842
1992,Hawaii,HI,"Marrou, Andre",Other,1119,372842
1992,Hawaii,HI,"Perot, Ross",Other,53003,372842
1992,Idaho,ID,"Bush, George H.w.",Republican,202645,482114
1992,Idaho,ID,"Clinton, Bill",Democrat,137013,482114
1992,Idaho,ID,"Gritz, James """"Bo""""",Other,10894,482114
1992,Idaho,ID,"Marrou, Andre",Other,1167,482114
1992,Idaho,ID,"Perot, Ross",Other,130395,482114
1992,Illinois,IL,"Bush, George H.w.",Republican,1734096,5050157
1992,Illinois,IL,"Clinton, Bill",Democrat,2453350,5050157
1992,Illinois,IL,"Fulani, Lenora",Other,5267,5050157
1992,Illinois,IL,"Gritz, James """"Bo""""",Other,3577,5050157
1992,Illinois,IL,"Hagelin, John",Other,2751,5050157
1992,Illinois,IL,"Marrou, Andre",Other,9218,5050157
1992,Illinois,IL,"Perot, Ross",Other,840515,5050157
1992,Illinois,IL,"Warren, James """"Mac""""",Other,1361,5050157
1992,Illinois,IL,NA,Other,22,5050157
1992,Indiana,IN,"Bush, George H.w.",Republican,989375,2305871
1992,Indiana,IN,"Clinton, Bill",Democrat,848420,2305871
1992,Indiana,IN,"Fulani, Lenora",Other,2583,2305871
1992,Indiana,IN,"Marrou, Andre",Other,7936,2305871
1992,Indiana,IN,"Perot, Ross",Other,455934,2305871
1992,Indiana,IN,NA,Other,1623,2305871
1992,Iowa,IA,Blank Vote/Scattering,Other,741,1354607
1992,Iowa,IA,"Bush, George H.w.",Republican,504891,1354607
1992,Iowa,IA,"Clinton, Bill",Democrat,586353,1354607
1992,Iowa,IA,"Fulani, Lenora",Other,197,1354607
1992,Iowa,IA,"Gritz, James """"Bo""""",Other,1177,1354607
1992,Iowa,IA,"Hagelin, John",Other,3079,1354607
1992,Iowa,IA,"Herer, Jack",Other,669,1354607
1992,Iowa,IA,"Larouche, Lyndon, Jr.",Other,238,1354607
1992,Iowa,IA,"Marrou, Andre",Other,1076,1354607
1992,Iowa,IA,Other,Other,1753,1354607
1992,Iowa,IA,Other,Other,212,1354607
1992,Iowa,IA,"Perot, Ross",Other,253468,1354607
1992,Iowa,IA,"Phillips, Howard",Other,480,1354607
1992,Iowa,IA,"Warren, James """"Mac""""",Other,273,1354607
1992,Kansas,KS,"Bush, George H.w.",Republican,449951,1157236
1992,Kansas,KS,"Clinton, Bill",Democrat,390434,1157236
1992,Kansas,KS,"Marrou, Andre",Other,4314,1157236
1992,Kansas,KS,"Perot, Ross",Other,312358,1157236
1992,Kansas,KS,NA,Other,179,1157236
1992,Kentucky,KY,"Bush, George H.w.",Republican,617178,1492900
1992,Kentucky,KY,"Clinton, Bill",Democrat,665104,1492900
1992,Kentucky,KY,"Fulani, Lenora",Other,430,1492900
1992,Kentucky,KY,"Hagelin, John",Other,695,1492900
1992,Kentucky,KY,"Marrou, Andre",Other,4513,1492900
1992,Kentucky,KY,"Perot, Ross",Other,203944,1492900
1992,Kentucky,KY,"Phillips, Howard",Other,989,1492900
1992,Kentucky,KY,NA,Other,47,1492900
1992,Louisiana,LA,"Bush, George H.w.",Republican,733386,1790017
1992,Louisiana,LA,"Clinton, Bill",Democrat,815971,1790017
1992,Louisiana,LA,"Fulani, Lenora",Other,1434,1790017
1992,Louisiana,LA,"Gritz, James """"Bo""""",Other,18545,1790017
1992,Louisiana,LA,"Hagelin, John",Other,889,1790017
1992,Louisiana,LA,"Larouche, Lyndon, Jr.",Other,1136,1790017
1992,Louisiana,LA,"Marrou, Andre",Other,3155,1790017
1992,Louisiana,LA,Other,Other,1663,1790017
1992,Louisiana,LA,"Perot, Ross",Other,211478,1790017
1992,Louisiana,LA,"Phillips, Howard",Other,1552,1790017
1992,Louisiana,LA,"Yiamouyiannis, John",Other,808,1790017
1992,Maine,ME,"Bush, George H.w.",Republican,206504,679499
1992,Maine,ME,"Clinton, Bill",Democrat,263420,679499
1992,Maine,ME,"Fulani, Lenora",Other,519,679499
1992,Maine,ME,"Marrou, Andre",Other,1681,679499
1992,Maine,ME,Other,Other,91,679499
1992,Maine,ME,"Perot, Ross",Other,206820,679499
1992,Maine,ME,"Phillips, Howard",Other,464,679499
1992,Maryland,MD,"Bush, George H.w.",Republican,707094,1984580
1992,Maryland,MD,"Clinton, Bill",Democrat,988571,1984580
1992,Maryland,MD,"Fulani, Lenora",Other,2786,1984580
1992,Maryland,MD,"Marrou, Andre",Other,4715,1984580
1992,Maryland,MD,"Perot, Ross",Other,281414,1984580
1992,Massachusetts,MA,"Brisben, J. Quinn",Other,13,2773664
1992,Massachusetts,MA,"Bush, George H.w.",Republican,805039,2773664
1992,Massachusetts,MA,"Clinton, Bill",Democrat,1318639,2773664
1992,Massachusetts,MA,"Dodge, Earl",Other,2,2773664
1992,Massachusetts,MA,"Fulani, Lenora",Other,3172,2773664
1992,Massachusetts,MA,"Hagelin, John",Other,1812,2773664
1992,Massachusetts,MA,"Larouche, Lyndon, Jr.",Other,1027,2773664
1992,Massachusetts,MA,"Marrou, Andre",Other,9021,2773664
1992,Massachusetts,MA,Other,Other,2218,2773664
1992,Massachusetts,MA,Other,Other,1990,2773664
1992,Massachusetts,MA,"Perot, Ross",Other,630731,2773664
1992,Michigan,MI,"Bush, George H.w.",Republican,1554940,4274673
1992,Michigan,MI,"Clinton, Bill",Democrat,1871182,4274673
1992,Michigan,MI,"Hagelin, John",Other,2954,4274673
1992,Michigan,MI,"Halyard, Helen",Other,1432,4274673
1992,Michigan,MI,"Marrou, Andre",Other,10175,4274673
1992,Michigan,MI,"Perot, Ross",Other,824813,4274673
1992,Michigan,MI,"Phillips, Howard",Other,8263,4274673
1992,Michigan,MI,NA,Other,914,4274673
1992,Minnesota,MN,"Bush, George H.w.",Republican,747841,2347948
1992,Minnesota,MN,"Clinton, Bill",Democrat,1020997,2347948
1992,Minnesota,MN,"Fulani, Lenora",Other,958,2347948
1992,Minnesota,MN,"Gritz, James """"Bo""""",Other,3363,2347948
1992,Minnesota,MN,"Hagelin, John",Other,1406,2347948
1992,Minnesota,MN,"Herer, Jack",Other,2659,2347948
1992,Minnesota,MN,"Larouche, Lyndon, Jr.",Other,622,2347948
1992,Minnesota,MN,"Marrou, Andre",Other,3374,2347948
1992,Minnesota,MN,"Perot, Ross",Other,562506,2347948
1992,Minnesota,MN,"Phillips, Howard",Other,733,2347948
1992,Minnesota,MN,"Warren, James """"Mac""""",Other,990,2347948
1992,Minnesota,MN,NA,Other,2499,2347948
1992,Mississippi,MS,"Bush, George H.w.",Republican,487793,981793
1992,Mississippi,MS,"Clinton, Bill",Democrat,400258,981793
1992,Mississippi,MS,"Marrou, Andre",Other,2154,981793
1992,Mississippi,MS,Other,Other,4310,981793
1992,Mississippi,MS,"Perot, Ross",Other,85626,981793
1992,Mississippi,MS,"Phillips, Howard",Other,1652,981793
1992,Missouri,MO,"Bush, George H.w.",Republican,811159,2391270
1992,Missouri,MO,"Clinton, Bill",Democrat,1053873,2391270
1992,Missouri,MO,"Marrou, Andre",Other,7497,2391270
1992,Missouri,MO,"Perot, Ross",Other,518741,2391270
1992,Montana,MT,"Bush, George H.w.",Republican,144207,410583
1992,Montana,MT,"Clinton, Bill",Democrat,154507,410583
1992,Montana,MT,"Marrou, Andre",Other,986,410583
1992,Montana,MT,Other,Other,3658,410583
1992,Montana,MT,"Perot, Ross",Other,107225,410583
1992,Nebraska,NE,"Bush, George H.w.",Republican,343678,737546
1992,Nebraska,NE,"Clinton, Bill",Democrat,216864,737546
1992,Nebraska,NE,"Marrou, Andre",Other,1340,737546
1992,Nebraska,NE,Other,Other,1560,737546
1992,Nebraska,NE,"Perot, Ross",Other,174104,737546
1992,Nevada,NV,"Bush, George H.w.",Republican,175828,506318
1992,Nevada,NV,"Clinton, Bill",Democrat,189148,506318
1992,Nevada,NV,"Fulani, Lenora",Other,483,506318
1992,Nevada,NV,"Gritz, James """"Bo""""",Other,2892,506318
1992,Nevada,NV,"Hagelin, John",Other,338,506318
1992,Nevada,NV,"Marrou, Andre",Other,1835,506318
1992,Nevada,NV,Other,Other,2537,506318
1992,Nevada,NV,"Perot, Ross",Other,132580,506318
1992,Nevada,NV,"Phillips, Howard",Other,677,506318
1992,New Hampshire,NH,"Bush, George H.w.",Republican,202484,537215
1992,New Hampshire,NH,"Clinton, Bill",Democrat,209040,537215
1992,New Hampshire,NH,"Fulani, Lenora",Other,512,537215
1992,New Hampshire,NH,"Hagelin, John",Other,294,537215
1992,New Hampshire,NH,"Marrou, Andre",Other,3548,537215
1992,New Hampshire,NH,"Perot, Ross",Other,121337,537215
1992,New Jersey,NJ,"Bradford, Drew",Other,4749,3343594
1992,New Jersey,NJ,"Bush, George H.w.",Republican,1356865,3343594
1992,New Jersey,NJ,"Clinton, Bill",Democrat,1436206,3343594
1992,New Jersey,NJ,"Daniels, Ron",Other,1996,3343594
1992,New Jersey,NJ,"Fulani, Lenora",Other,3513,3343594
1992,New Jersey,NJ,"Gritz, James """"Bo""""",Other,1867,3343594
1992,New Jersey,NJ,"Hagelin, John",Other,1353,3343594
1992,New Jersey,NJ,"Haylard, Helen",Other,1618,3343594
1992,New Jersey,NJ,"Larouche, Lyndon, Jr.",Other,2095,3343594
1992,New Jersey,NJ,"Marrou, Andre",Other,6822,3343594
1992,New Jersey,NJ,"Perot, Ross",Other,521829,3343594
1992,New Jersey,NJ,"Phillips, Howard",Other,2670,3343594
1992,New Jersey,NJ,"Warren, James """"Mac""""",Other,2011,3343594
1992,New Mexico,NM,"Bush, George H.w.",Republican,212824,569986
1992,New Mexico,NM,"Clinton, Bill",Democrat,261617,569986
1992,New Mexico,NM,"Dodge, Earl",Other,120,569986
1992,New Mexico,NM,"Fulani, Lenora",Other,369,569986
1992,New Mexico,NM,"Hagelin, John",Other,562,569986
1992,New Mexico,NM,"La Riva, Gloria Estella",Other,181,569986
1992,New Mexico,NM,"Marrou, Andre",Other,1615,569986
1992,New Mexico,NM,"Perot, Ross",Other,91895,569986
1992,New Mexico,NM,"Phillips, Howard",Other,620,569986
1992,New Mexico,NM,"Warren, James """"Mac""""",Other,183,569986
1992,New York,NY,Blank Vote/Scattering,Other,152951,7079432
1992,New York,NY,"Bush, George H.w.",Republican,2041690,7079432
1992,New York,NY,"Bush, George H.w.",Other,177000,7079432
1992,New York,NY,"Bush, George H.w.",Other,127959,7079432
1992,New York,NY,"Clinton, Bill",Democrat,3346894,7079432
1992,New York,NY,"Clinton, Bill",Other,97556,7079432
1992,New York,NY,"Fulani, Lenora",Other,11318,7079432
1992,New York,NY,"Hagelin, John",Other,4420,7079432
1992,New York,NY,"Marrou, Andre",Other,13451,7079432
1992,New York,NY,"Perot, Ross",Other,1090721,7079432
1992,New York,NY,"Warren, James """"Mac""""",Other,15472,7079432
1992,North Carolina,NC,"Bush, George H.w.",Republican,1134661,2611850
1992,North Carolina,NC,"Clinton, Bill",Democrat,1114042,2611850
1992,North Carolina,NC,"Fulani, Lenora",Other,59,2611850
1992,North Carolina,NC,"Hagelin, John",Other,41,2611850
1992,North Carolina,NC,"Marrou, Andre",Other,5171,2611850
1992,North Carolina,NC,"Perot, Ross",Other,357864,2611850
1992,North Carolina,NC,"Warren, James """"Mac""""",Other,12,2611850
1992,North Dakota,ND,"Bush, George H.w.",Republican,136244,308133
1992,North Dakota,ND,"Clinton, Bill",Democrat,99168,308133
1992,North Dakota,ND,Other,Other,1637,308133
1992,North Dakota,ND,"Perot, Ross",Other,71084,308133
1992,Ohio,OH,"Bush, George H.w.",Republican,1894310,4939967
1992,Ohio,OH,"Clinton, Bill",Democrat,1984942,4939967
1992,Ohio,OH,Other,Other,24247,4939967
1992,Ohio,OH,"Perot, Ross",Other,1036426,4939967
1992,Ohio,OH,NA,Other,42,4939967
1992,Oklahoma,OK,"Bush, George H.w.",Republican,592929,1390359
1992,Oklahoma,OK,"Clinton, Bill",Democrat,473066,1390359
1992,Oklahoma,OK,"Marrou, Andre",Other,4486,1390359
1992,Oklahoma,OK,"Perot, Ross",Other,319878,1390359
1992,Oregon,OR,"Bush, George H.w.",Republican,475757,1462643
1992,Oregon,OR,"Clinton, Bill",Democrat,621314,1462643
1992,Oregon,OR,"Fulani, Lenora",Other,3030,1462643
1992,Oregon,OR,"Marrou, Andre",Other,4277,1462643
1992,Oregon,OR,Other,Other,2609,1462643
1992,Oregon,OR,"Perot, Ross",Other,354091,1462643
1992,Oregon,OR,NA,Other,1565,1462643
1992,Pennsylvania,PA,"Bush, George H.w.",Republican,1791841,4959810
1992,Pennsylvania,PA,"Clinton, Bill",Democrat,2239164,4959810
1992,Pennsylvania,PA,"Fulani, Lenora",Other,4661,4959810
1992,Pennsylvania,PA,"Marrou, Andre",Other,21477,4959810
1992,Pennsylvania,PA,"Perot, Ross",Other,902667,4959810
1992,Rhode Island,RI,"Bush, George H.w.",Republican,131601,453365
1992,Rhode Island,RI,"Clinton, Bill",Democrat,213299,453365
1992,Rhode Island,RI,"Fulani, Lenora",Other,1878,453365
1992,Rhode Island,RI,"Hagelin, John",Other,262,453365
1992,Rhode Island,RI,"Larouche, Lyndon, Jr.",Other,494,453365
1992,Rhode Island,RI,"Marrou, Andre",Other,571,453365
1992,Rhode Island,RI,"Perot, Ross",Other,105045,453365
1992,Rhode Island,RI,"Phillips, Howard",Other,215,453365
1992,South Carolina,SC,"Bush, George H.w.",Republican,577507,1228912
1992,South Carolina,SC,"Clinton, Bill",Democrat,525514,1228912
1992,South Carolina,SC,"Fulani, Lenora",Other,1235,1228912
1992,South Carolina,SC,"Marrou, Andre",Other,2719,1228912
1992,South Carolina,SC,"Perot, Ross",Other,119257,1228912
1992,South Carolina,SC,"Phillips, Howard",Other,2680,1228912
1992,South Dakota,SD,"Bush, George H.w.",Republican,136718,336254
1992,South Dakota,SD,"Clinton, Bill",Democrat,124888,336254
1992,South Dakota,SD,"Marrou, Andre",Other,814,336254
1992,South Dakota,SD,Other,Other,539,336254
1992,South Dakota,SD,"Perot, Ross",Other,73295,336254
1992,Tennessee,TN,"Bush, George H.w.",Republican,841300,1982638
1992,Tennessee,TN,"Clinton, Bill",Democrat,933521,1982638
1992,Tennessee,TN,Other,Other,7688,1982638
1992,Tennessee,TN,"Perot, Ross",Other,199968,1982638
1992,Tennessee,TN,NA,Other,161,1982638
1992,Texas,TX,"Bush, George H.w.",Republican,2496071,6154018
1992,Texas,TX,"Clinton, Bill",Democrat,2281815,6154018
1992,Texas,TX,"Marrou, Andre",Other,19699,6154018
1992,Texas,TX,"Perot, Ross",Other,1354781,6154018
1992,Texas,TX,NA,Other,1652,6154018
1992,Utah,UT,"Brisben, J. Quinn",Other,151,743998
1992,Utah,UT,"Bush, George H.w.",Republican,322632,743998
1992,Utah,UT,"Clinton, Bill",Democrat,183429,743998
1992,Utah,UT,"Daniels, Ron",Other,177,743998
1992,Utah,UT,"Fulani, Lenora",Other,414,743998
1992,Utah,UT,"Gritz, James """"Bo""""",Other,28602,743998
1992,Utah,UT,"Hagelin, John",Other,1319,743998
1992,Utah,UT,"Larouche, Lyndon, Jr.",Other,1089,743998
1992,Utah,UT,"Marrou, Andre",Other,1900,743998
1992,Utah,UT,Other,Other,292,743998
1992,Utah,UT,"Perot, Ross",Other,203400,743998
1992,Utah,UT,"Phillips, Howard",Other,393,743998
1992,Utah,UT,"Warren, James """"Mac""""",Other,200,743998
1992,Vermont,VT,"Bush, George H.w.",Republican,88122,289701
1992,Vermont,VT,"Clinton, Bill",Democrat,133592,289701
1992,Vermont,VT,"Fulani, Lenora",Other,100,289701
1992,Vermont,VT,"Hagelin, John",Other,315,289701
1992,Vermont,VT,"Larouche, Lyndon, Jr.",Other,57,289701
1992,Vermont,VT,"Marrou, Andre",Other,501,289701
1992,Vermont,VT,Other,Other,329,289701
1992,Vermont,VT,"Perot, Ross",Other,65991,289701
1992,Vermont,VT,"Phillips, Howard",Other,124,289701
1992,Vermont,VT,"Warren, James """"Mac""""",Other,82,289701
1992,Vermont,VT,NA,Other,488,289701
1992,Virginia,VA,"Bush, George H.w.",Republican,1150517,2559129
1992,Virginia,VA,"Clinton, Bill",Democrat,1038650,2559129
1992,Virginia,VA,"Marrou, Andre",Other,5730,2559129
1992,Virginia,VA,Other,Other,15129,2559129
1992,Virginia,VA,"Perot, Ross",Other,348639,2559129
1992,Virginia,VA,NA,Other,464,2559129
1992,Washington,WA,"Bush, George H.w.",Republican,731234,2287565
1992,Washington,WA,"Clinton, Bill",Democrat,993037,2287565
1992,Washington,WA,"Fulani, Lenora",Other,1776,2287565
1992,Washington,WA,"Gritz, James """"Bo""""",Other,4854,2287565
1992,Washington,WA,"Hagelin, John",Other,2456,2287565
1992,Washington,WA,"Marrou, Andre",Other,7533,2287565
1992,Washington,WA,Other,Other,2026,2287565
1992,Washington,WA,"Perot, Ross",Other,541780,2287565
1992,Washington,WA,"Phillips, Howard",Other,2354,2287565
1992,Washington,WA,"Warren, James """"Mac""""",Other,515,2287565
1992,West Virginia,WV,"Bush, George H.w.",Republican,241974,683677
1992,West Virginia,WV,"Clinton, Bill",Democrat,331001,683677
1992,West Virginia,WV,"Marrou, Andre",Other,1873,683677
1992,West Virginia,WV,"Perot, Ross",Other,108829,683677
1992,Wisconsin,WI,Blank Vote/Scattering,Other,961,2531064
1992,Wisconsin,WI,"Bush, George H.w.",Republican,930855,2531064
1992,Wisconsin,WI,"Clinton, Bill",Democrat,1041066,2531064
1992,Wisconsin,WI,"Daniels, Ron",Other,1833,2531064
1992,Wisconsin,WI,"Hagelin, John",Other,1070,2531064
1992,Wisconsin,WI,"Hem, Roland",Other,405,2531064
1992,Wisconsin,WI,"Marrou, Andre",Other,2877,2531064
1992,Wisconsin,WI,Other,Other,7518,2531064
1992,Wisconsin,WI,"Perot, Ross",Other,544479,2531064
1992,Wyoming,WY,"Bush, George H.w.",Republican,79347,199884
1992,Wyoming,WY,"Clinton, Bill",Democrat,68160,199884
1992,Wyoming,WY,"Fulani, Lenora",Other,270,199884
1992,Wyoming,WY,"Marrou, Andre",Other,844,199884
1992,Wyoming,WY,"Perot, Ross",Other,51263,199884
1996,Alabama,AL,"Browne, Harry",Other,5290,1534349
1996,Alabama,AL,"Clinton, Bill",Democrat,662165,1534349
1996,Alabama,AL,"Dole, Robert",Republican,769044,1534349
1996,Alabama,AL,"Hagelin, John",Other,1697,1534349
1996,Alabama,AL,NA,Other,95030,1534349
1996,Alabama,AL,NA,Other,1123,1534349
1996,Alaska,AK,"Browne, Harry",Other,2276,241620
1996,Alaska,AK,"Clinton, Bill",Democrat,80380,241620
1996,Alaska,AK,"Dole, Robert",Republican,122746,241620
1996,Alaska,AK,"Hagelin, John",Other,729,241620
1996,Alaska,AK,"Nader, Ralph",Other,7597,241620
1996,Alaska,AK,"Perot, Ross",Other,26333,241620
1996,Alaska,AK,"Phillips, Howard",Other,925,241620
1996,Alaska,AK,NA,Other,634,241620
1996,Arizona,AZ,"Browne, Harry",Other,14358,1404405
1996,Arizona,AZ,"Clinton, Bill",Democrat,653288,1404405
1996,Arizona,AZ,"Dole, Robert",Republican,622073,1404405
1996,Arizona,AZ,Other,Other,41,1404405
1996,Arizona,AZ,"Perot, Ross",Other,112072,1404405
1996,Arizona,AZ,NA,Other,2573,1404405
1996,Arkansas,AR,"Browne, Harry",Other,3076,884262
1996,Arkansas,AR,"Clinton, Bill",Democrat,475171,884262
1996,Arkansas,AR,"Collins, Charles",Other,823,884262
1996,Arkansas,AR,"Dodge, Earl",Other,483,884262
1996,Arkansas,AR,"Dole, Robert",Republican,325416,884262
1996,Arkansas,AR,"Forbes, Ralph",Other,932,884262
1996,Arkansas,AR,"Hagelin, John",Other,729,884262
1996,Arkansas,AR,"Hollis, Mary Cal",Other,538,884262
1996,Arkansas,AR,"Masters, Isabell",Other,749,884262
1996,Arkansas,AR,"Moorehead, Monica",Other,747,884262
1996,Arkansas,AR,"Nader, Ralph",Other,3649,884262
1996,Arkansas,AR,"Perot, Ross",Other,69884,884262
1996,Arkansas,AR,"Phillips, Howard",Other,2065,884262
1996,California,CA,"Browne, Harry",Other,73600,10019469
1996,California,CA,"Clinton, Bill",Democrat,5119835,10019469
1996,California,CA,"Dole, Robert",Republican,3828381,10019469
1996,California,CA,"Feinland, Marsha",Other,25332,10019469
1996,California,CA,"Hagelin, John",Other,15403,10019469
1996,California,CA,"Nader, Ralph",Other,237016,10019469
1996,California,CA,"Perot, Ross",Other,697847,10019469
1996,California,CA,"Phillips, Howard",Other,21202,10019469
1996,California,CA,NA,Other,853,10019469
1996,Colorado,CO,"Browne, Harry",Other,12392,1510702
1996,Colorado,CO,"Clinton, Bill",Democrat,671152,1510702
1996,Colorado,CO,"Collins, Charles",Other,2809,1510702
1996,Colorado,CO,"Dodge, Earl",Other,375,1510702
1996,Colorado,CO,"Dole, Robert",Republican,691848,1510702
1996,Colorado,CO,"Hagelin, John",Other,2545,1510702
1996,Colorado,CO,"Harris, James",Other,244,1510702
1996,Colorado,CO,"Hollis, Mary Cal",Other,669,1510702
1996,Colorado,CO,"Moorehead, Monica",Other,599,1510702
1996,Colorado,CO,"Nader, Ralph",Other,25070,1510702
1996,Colorado,CO,"Perot, Ross",Other,99629,1510702
1996,Colorado,CO,"Phillips, Howard",Other,2813,1510702
1996,Colorado,CO,"Templin, Diane",Other,557,1510702
1996,Connecticut,CT,"Browne, Harry",Other,5788,1392614
1996,Connecticut,CT,"Clinton, Bill",Democrat,735740,1392614
1996,Connecticut,CT,"Dole, Robert",Republican,483109,1392614
1996,Connecticut,CT,"Hagelin, John",Other,1703,1392614
1996,Connecticut,CT,"Nader, Ralph",Other,24321,1392614
1996,Connecticut,CT,"Perot, Ross",Other,139523,1392614
1996,Connecticut,CT,"Phillips, Howard",Other,2425,1392614
1996,Connecticut,CT,NA,Other,5,1392614
1996,Delaware,DE,"Browne, Harry",Other,2052,270810
1996,Delaware,DE,"Clinton, Bill",Democrat,140355,270810
1996,Delaware,DE,"Dole, Robert",Republican,99062,270810
1996,Delaware,DE,"Hagelin, John",Other,274,270810
1996,Delaware,DE,"Perot, Ross",Other,28719,270810
1996,Delaware,DE,"Phillips, Howard",Other,348,270810
1996,District Of Columbia,DC,"Browne, Harry",Other,588,185726
1996,District Of Columbia,DC,"Clinton, Bill",Democrat,158220,185726
1996,District Of Columbia,DC,"Dole, Robert",Republican,17339,185726
1996,District Of Columbia,DC,"Hagelin, John",Other,283,185726
1996,District Of Columbia,DC,"Harris, James",Other,257,185726
1996,District Of Columbia,DC,"Nader, Ralph",Other,4780,185726
1996,District Of Columbia,DC,"Perot, Ross",Other,3611,185726
1996,District Of Columbia,DC,NA,Other,648,185726
1996,Florida,FL,"Browne, Harry",Other,23326,5303154
1996,Florida,FL,"Clinton, Bill",Democrat,2546870,5303154
1996,Florida,FL,"Dole, Robert",Republican,2244536,5303154
1996,Florida,FL,"Perot, Ross",Other,483870,5303154
1996,Florida,FL,NA,Other,4552,5303154
1996,Georgia,GA,"Browne, Harry",Other,17870,2298899
1996,Georgia,GA,"Clinton, Bill",Democrat,1053849,2298899
1996,Georgia,GA,"Dole, Robert",Republican,1080843,2298899
1996,Georgia,GA,"Perot, Ross",Other,146337,2298899
1996,Hawaii,HI,"Browne, Harry",Other,2493,360120
1996,Hawaii,HI,"Clinton, Bill",Democrat,205012,360120
1996,Hawaii,HI,"Dole, Robert",Republican,113943,360120
1996,Hawaii,HI,"Hagelin, John",Other,570,360120
1996,Hawaii,HI,"Nader, Ralph",Other,10386,360120
1996,Hawaii,HI,"Perot, Ross",Other,27358,360120
1996,Hawaii,HI,"Phillips, Howard",Other,358,360120
1996,Idaho,ID,"Browne, Harry",Other,3325,491711
1996,Idaho,ID,"Clinton, Bill",Democrat,165443,491711
1996,Idaho,ID,"Dole, Robert",Republican,256595,491711
1996,Idaho,ID,"Hagelin, John",Other,1600,491711
1996,Idaho,ID,"Perot, Ross",Other,62518,491711
1996,Idaho,ID,"Phillips, Howard",Other,2230,491711
1996,Illinois,IL,"Browne, Harry",Other,22548,4311391
1996,Illinois,IL,"Clinton, Bill",Democrat,2341744,4311391
1996,Illinois,IL,"Dole, Robert",Republican,1587021,4311391
1996,Illinois,IL,"Hagelin, John",Other,4606,4311391
1996,Illinois,IL,"Perot, Ross",Other,346408,4311391
1996,Illinois,IL,"Phillips, Howard",Other,7606,4311391
1996,Illinois,IL,NA,Other,1458,4311391
1996,Indiana,IN,"Browne, Harry",Other,15632,2135431
1996,Indiana,IN,"Clinton, Bill",Democrat,887424,2135431
1996,Indiana,IN,"Dole, Robert",Republican,1006693,2135431
1996,Indiana,IN,"Perot, Ross",Other,224299,2135431
1996,Indiana,IN,NA,Other,1383,2135431
1996,Iowa,IA,"Browne, Harry",Other,2315,1234075
1996,Iowa,IA,"Clinton, Bill",Democrat,620258,1234075
1996,Iowa,IA,"Dole, Robert",Republican,492644,1234075
1996,Iowa,IA,"Hagelin, John",Other,3349,1234075
1996,Iowa,IA,"Harris, James",Other,331,1234075
1996,Iowa,IA,"Nader, Ralph",Other,6550,1234075
1996,Iowa,IA,"Perot, Ross",Other,105159,1234075
1996,Iowa,IA,"Phillips, Howard",Other,2229,1234075
1996,Iowa,IA,Scattering,Other,1240,1234075
1996,Kansas,KS,"Browne, Harry",Other,4557,1074300
1996,Kansas,KS,"Clinton, Bill",Democrat,387659,1074300
1996,Kansas,KS,"Dole, Robert",Republican,583245,1074300
1996,Kansas,KS,"Perot, Ross",Other,92639,1074300
1996,Kansas,KS,NA,Other,5174,1074300
1996,Kansas,KS,NA,Other,1026,1074300
1996,Kentucky,KY,"Browne, Harry",Other,4009,1388708
1996,Kentucky,KY,"Clinton, Bill",Democrat,636614,1388708
1996,Kentucky,KY,"Dole, Robert",Republican,623283,1388708
1996,Kentucky,KY,"Hagelin, John",Other,1493,1388708
1996,Kentucky,KY,"Perot, Ross",Other,120396,1388708
1996,Kentucky,KY,"Phillips, Howard",Other,2204,1388708
1996,Kentucky,KY,NA,Other,709,1388708
1996,Louisiana,LA,"Browne, Harry",Other,7499,1783959
1996,Louisiana,LA,"Clinton, Bill",Democrat,927837,1783959
1996,Louisiana,LA,"Dole, Robert",Republican,712586,1783959
1996,Louisiana,LA,"Hagelin, John",Other,2981,1783959
1996,Louisiana,LA,"Moorehead, Monica",Other,1678,1783959
1996,Louisiana,LA,"Nader, Ralph",Other,4719,1783959
1996,Louisiana,LA,"Perot, Ross",Other,123293,1783959
1996,Louisiana,LA,"Phillips, Howard",Other,3366,1783959
1996,Maine,ME,"Browne, Harry",Other,2996,605897
1996,Maine,ME,"Clinton, Bill",Democrat,312788,605897
1996,Maine,ME,"Dole, Robert",Republican,186378,605897
1996,Maine,ME,"Hagelin, John",Other,825,605897
1996,Maine,ME,"Nader, Ralph",Other,15279,605897
1996,Maine,ME,Other,Other,144,605897
1996,Maine,ME,"Perot, Ross",Other,85970,605897
1996,Maine,ME,"Phillips, Howard",Other,1517,605897
1996,Maryland,MD,"Browne, Harry",Other,8765,1780870
1996,Maryland,MD,"Clinton, Bill",Democrat,966207,1780870
1996,Maryland,MD,"Dole, Robert",Republican,681530,1780870
1996,Maryland,MD,"Hagelin, John",Other,2517,1780870
1996,Maryland,MD,"Perot, Ross",Other,115812,1780870
1996,Maryland,MD,"Phillips, Howard",Other,3402,1780870
1996,Maryland,MD,NA,Other,2637,1780870
1996,Massachusetts,MA,"Browne, Harry",Other,20424,2556459
1996,Massachusetts,MA,"Clinton, Bill",Democrat,1571509,2556459
1996,Massachusetts,MA,"Dole, Robert",Republican,718058,2556459
1996,Massachusetts,MA,"Hagelin, John",Other,5183,2556459
1996,Massachusetts,MA,"Moorehead, Monica",Other,3276,2556459
1996,Massachusetts,MA,Other,Other,6180,2556459
1996,Massachusetts,MA,"Perot, Ross",Other,227206,2556459
1996,Massachusetts,MA,NA,Other,4623,2556459
1996,Michigan,MI,"Browne, Harry",Other,27670,3848844
1996,Michigan,MI,"Clinton, Bill",Democrat,1989653,3848844
1996,Michigan,MI,"Dole, Robert",Republican,1481212,3848844
1996,Michigan,MI,"Hagelin, John",Other,4254,3848844
1996,Michigan,MI,"Moorehead, Monica",Other,3153,3848844
1996,Michigan,MI,"Perot, Ross",Other,336670,3848844
1996,Michigan,MI,"White, Jerome """"Jerry""""",Other,1554,3848844
1996,Michigan,MI,NA,Other,4678,3848844
1996,Minnesota,MN,"Birrenback, John",Other,787,2192492
1996,Minnesota,MN,"Browne, Harry",Other,8271,2192492
1996,Minnesota,MN,"Clinton, Bill",Democrat,1120380,2192492
1996,Minnesota,MN,"Dole, Robert",Republican,766395,2192492
1996,Minnesota,MN,"Hagelin, John",Other,1808,2192492
1996,Minnesota,MN,"Harris, James",Other,684,2192492
1996,Minnesota,MN,"Nader, Ralph",Other,24906,2192492
1996,Minnesota,MN,"Peron, Dennis",Other,4898,2192492
1996,Minnesota,MN,"Perot, Ross",Other,257698,2192492
1996,Minnesota,MN,"Phillips, Howard",Other,3415,2192492
1996,Minnesota,MN,"White, Jerome """"Jerry""""",Other,347,2192492
1996,Minnesota,MN,NA,Other,2903,2192492
1996,Mississippi,MS,"Browne, Harry",Other,2809,893857
1996,Mississippi,MS,"Clinton, Bill",Democrat,394022,893857
1996,Mississippi,MS,"Dole, Robert",Republican,439838,893857
1996,Mississippi,MS,"Hagelin, John",Other,1447,893857
1996,Mississippi,MS,"Phillips, Howard",Other,2314,893857
1996,Mississippi,MS,NA,Other,53427,893857
1996,Missouri,MO,"Browne, Harry",Other,10522,2158065
1996,Missouri,MO,"Clinton, Bill",Democrat,1025935,2158065
1996,Missouri,MO,"Dole, Robert",Republican,890016,2158065
1996,Missouri,MO,"Hagelin, John",Other,2287,2158065
1996,Missouri,MO,"Perot, Ross",Other,217188,2158065
1996,Missouri,MO,"Phillips, Howard",Other,11521,2158065
1996,Missouri,MO,NA,Other,596,2158065
1996,Montana,MT,"Browne, Harry",Other,2526,407083
1996,Montana,MT,"Clinton, Bill",Democrat,167922,407083
1996,Montana,MT,"Dole, Robert",Republican,179652,407083
1996,Montana,MT,"Hagelin, John",Other,1754,407083
1996,Montana,MT,"Perot, Ross",Other,55229,407083
1996,Nebraska,NE,"Browne, Harry",Other,2792,677415
1996,Nebraska,NE,"Clinton, Bill",Democrat,236761,677415
1996,Nebraska,NE,"Dole, Robert",Republican,363467,677415
1996,Nebraska,NE,"Hagelin, John",Other,1189,677415
1996,Nebraska,NE,"Perot, Ross",Other,71278,677415
1996,Nebraska,NE,"Phillips, Howard",Other,1928,677415
1996,Nevada,NV,"Browne, Harry",Other,4460,464279
1996,Nevada,NV,"Clinton, Bill",Democrat,203974,464279
1996,Nevada,NV,"Dole, Robert",Republican,199244,464279
1996,Nevada,NV,"Hagelin, John",Other,545,464279
1996,Nevada,NV,"Nader, Ralph",Other,4730,464279
1996,Nevada,NV,None Of The Above,Other,5608,464279
1996,Nevada,NV,"Perot, Ross",Other,43986,464279
1996,Nevada,NV,"Phillips, Howard",Other,1732,464279
1996,New Hampshire,NH,"Browne, Harry",Other,4214,496597
1996,New Hampshire,NH,"Clinton, Bill",Democrat,246166,496597
1996,New Hampshire,NH,"Dole, Robert",Republican,196486,496597
1996,New Hampshire,NH,"Perot, Ross",Other,48387,496597
1996,New Hampshire,NH,"Phillips, Howard",Other,1344,496597
1996,New Jersey,NJ,"Clinton, Bill",Democrat,1652361,3075860
1996,New Jersey,NJ,"Dole, Robert",Republican,1103099,3075860
1996,New Jersey,NJ,NA,Other,320400,3075860
1996,New Mexico,NM,"Browne, Harry",Other,2996,556074
1996,New Mexico,NM,"Clinton, Bill",Democrat,273495,556074
1996,New Mexico,NM,"Dole, Robert",Republican,232751,556074
1996,New Mexico,NM,"Hagelin, John",Other,644,556074
1996,New Mexico,NM,"Nader, Ralph",Other,13218,556074
1996,New Mexico,NM,"Perot, Ross",Other,32257,556074
1996,New Mexico,NM,"Phillips, Howard",Other,713,556074
1996,New York,NY,Blank Vote/Scattering,Other,123000,6439129
1996,New York,NY,"Browne, Harry",Other,12220,6439129
1996,New York,NY,"Clinton, Bill",Democrat,3649630,6439129
1996,New York,NY,"Clinton, Bill",Other,106547,6439129
1996,New York,NY,"Dole, Robert",Republican,1738707,6439129
1996,New York,NY,"Dole, Robert",Other,183392,6439129
1996,New York,NY,"Dole, Robert",Other,11393,6439129
1996,New York,NY,"Hagelin, John",Other,5011,6439129
1996,New York,NY,"Harris, James",Other,2762,6439129
1996,New York,NY,"Moorehead, Monica",Other,3473,6439129
1996,New York,NY,"Nader, Ralph",Other,75956,6439129
1996,New York,NY,"Perot, Ross",Other,503458,6439129
1996,New York,NY,"Phillips, Howard",Other,23580,6439129
1996,North Carolina,NC,"Browne, Harry",Other,8740,2515807
1996,North Carolina,NC,"Clinton, Bill",Democrat,1107849,2515807
1996,North Carolina,NC,"Dole, Robert",Republican,1225938,2515807
1996,North Carolina,NC,"Hagelin, John",Other,2771,2515807
1996,North Carolina,NC,"Perot, Ross",Other,168059,2515807
1996,North Carolina,NC,NA,Other,2450,2515807
1996,North Dakota,ND,"Browne, Harry",Other,847,266411
1996,North Dakota,ND,"Clinton, Bill",Democrat,106905,266411
1996,North Dakota,ND,"Dole, Robert",Republican,125050,266411
1996,North Dakota,ND,"Hagelin, John",Other,349,266411
1996,North Dakota,ND,"Perot, Ross",Other,32515,266411
1996,North Dakota,ND,"Phillips, Howard",Other,745,266411
1996,Ohio,OH,"Browne, Harry",Other,12851,4534434
1996,Ohio,OH,"Clinton, Bill",Democrat,2148222,4534434
1996,Ohio,OH,"Dole, Robert",Republican,1859883,4534434
1996,Ohio,OH,"Hagelin, John",Other,9120,4534434
1996,Ohio,OH,"Moorehead, Monica",Other,10813,4534434
1996,Ohio,OH,"Nader, Ralph",Other,2962,4534434
1996,Ohio,OH,Other,Other,15,4534434
1996,Ohio,OH,"Perot, Ross",Other,483207,4534434
1996,Ohio,OH,"Phillips, Howard",Other,7361,4534434
1996,Oklahoma,OK,"Browne, Harry",Other,5505,1206713
1996,Oklahoma,OK,"Clinton, Bill",Democrat,488105,1206713
1996,Oklahoma,OK,"Dole, Robert",Republican,582315,1206713
1996,Oklahoma,OK,"Perot, Ross",Other,130788,1206713
1996,Oregon,OR,"Browne, Harry",Other,8903,1377760
1996,Oregon,OR,"Clinton, Bill",Democrat,649641,1377760
1996,Oregon,OR,"Dole, Robert",Republican,538152,1377760
1996,Oregon,OR,"Hagelin, John",Other,2798,1377760
1996,Oregon,OR,"Hollis, Mary Cal",Other,1922,1377760
1996,Oregon,OR,"Nader, Ralph",Other,49415,1377760
1996,Oregon,OR,Other,Other,2329,1377760
1996,Oregon,OR,"Perot, Ross",Other,121221,1377760
1996,Oregon,OR,"Phillips, Howard",Other,3379,1377760
1996,Pennsylvania,PA,"Browne, Harry",Other,28000,4501307
1996,Pennsylvania,PA,"Clinton, Bill",Democrat,2215819,4501307
1996,Pennsylvania,PA,"Dole, Robert",Republican,1801169,4501307
1996,Pennsylvania,PA,"Hagelin, John",Other,5783,4501307
1996,Pennsylvania,PA,"Perot, Ross",Other,430984,4501307
1996,Pennsylvania,PA,"Phillips, Howard",Other,19552,4501307
1996,Rhode Island,RI,"Browne, Harry",Other,1109,390247
1996,Rhode Island,RI,"Clinton, Bill",Democrat,233050,390247
1996,Rhode Island,RI,"Dole, Robert",Republican,104683,390247
1996,Rhode Island,RI,"Hagelin, John",Other,435,390247
1996,Rhode Island,RI,"Moorehead, Monica",Other,186,390247
1996,Rhode Island,RI,"Nader, Ralph",Other,6040,390247
1996,Rhode Island,RI,"Perot, Ross",Other,43723,390247
1996,Rhode Island,RI,"Phillips, Howard",Other,1021,390247
1996,South Carolina,SC,"Browne, Harry",Other,4271,1150182
1996,South Carolina,SC,"Clinton, Bill",Democrat,506152,1150182
1996,South Carolina,SC,"Dole, Robert",Republican,573339,1150182
1996,South Carolina,SC,"Perot, Ross",Other,36913,1150182
1996,South Carolina,SC,"Perot, Ross",Other,27464,1150182
1996,South Carolina,SC,"Phillips, Howard",Other,2043,1150182
1996,South Dakota,SD,"Browne, Harry",Other,1472,323826
1996,South Dakota,SD,"Clinton, Bill",Democrat,139333,323826
1996,South Dakota,SD,"Dole, Robert",Republican,150543,323826
1996,South Dakota,SD,NA,Other,32478,323826
1996,Tennessee,TN,"Clinton, Bill",Democrat,909146,1894105
1996,Tennessee,TN,"Dole, Robert",Republican,863530,1894105
1996,Tennessee,TN,NA,Other,121239,1894105
1996,Tennessee,TN,NA,Other,190,1894105
1996,Texas,TX,"Browne, Harry",Other,20256,5611644
1996,Texas,TX,"Clinton, Bill",Democrat,2459683,5611644
1996,Texas,TX,"Dole, Robert",Republican,2736167,5611644
1996,Texas,TX,"Hagelin, John",Other,4422,5611644
1996,Texas,TX,"Perot, Ross",Other,378537,5611644
1996,Texas,TX,"Phillips, Howard",Other,7472,5611644
1996,Texas,TX,NA,Other,5107,5611644
1996,Utah,UT,"Browne, Harry",Other,4129,665629
1996,Utah,UT,"Clinton, Bill",Democrat,221633,665629
1996,Utah,UT,"Crane, Peter",Other,1101,665629
1996,Utah,UT,"Dodge, Earl",Other,111,665629
1996,Utah,UT,"Dole, Robert",Republican,361911,665629
1996,Utah,UT,"Hagelin, John",Other,1085,665629
1996,Utah,UT,"Harris, James",Other,235,665629
1996,Utah,UT,"Moorehead, Monica",Other,298,665629
1996,Utah,UT,"Nader, Ralph",Other,4615,665629
1996,Utah,UT,"Perot, Ross",Other,66461,665629
1996,Utah,UT,"Phillips, Howard",Other,2601,665629
1996,Utah,UT,"Templin, Diane",Other,1290,665629
1996,Utah,UT,NA,Other,159,665629
1996,Vermont,VT,"Browne, Harry",Other,1183,258449
1996,Vermont,VT,"Clinton, Bill",Democrat,137894,258449
1996,Vermont,VT,"Dole, Robert",Republican,80352,258449
1996,Vermont,VT,"Hagelin, John",Other,498,258449
1996,Vermont,VT,"Harris, James",Other,199,258449
1996,Vermont,VT,"Hollis, Mary Cal",Other,292,258449
1996,Vermont,VT,"Nader, Ralph",Other,5585,258449
1996,Vermont,VT,"Peron, Dennis",Other,480,258449
1996,Vermont,VT,"Perot, Ross",Other,31024,258449
1996,Vermont,VT,"Phillips, Howard",Other,382,258449
1996,Vermont,VT,NA,Other,560,258449
1996,Virginia,VA,"Browne, Harry",Other,9174,2416642
1996,Virginia,VA,"Clinton, Bill",Democrat,1091060,2416642
1996,Virginia,VA,"Dole, Robert",Republican,1138350,2416642
1996,Virginia,VA,"Hagelin, John",Other,4510,2416642
1996,Virginia,VA,"Perot, Ross",Other,159861,2416642
1996,Virginia,VA,"Phillips, Howard",Other,13687,2416642
1996,Washington,WA,"Browne, Harry",Other,12522,2253837
1996,Washington,WA,"Clinton, Bill",Democrat,1123323,2253837
1996,Washington,WA,"Dole, Robert",Republican,840712,2253837
1996,Washington,WA,"Hagelin, John",Other,6076,2253837
1996,Washington,WA,"Harris, James",Other,738,2253837
1996,Washington,WA,"Moorehead, Monica",Other,2189,2253837
1996,Washington,WA,"Perot, Ross",Other,201003,2253837
1996,Washington,WA,"Phillips, Howard",Other,4578,2253837
1996,Washington,WA,NA,Other,62696,2253837
1996,West Virginia,WV,"Browne, Harry",Other,3062,636459
1996,West Virginia,WV,"Clinton, Bill",Democrat,327812,636459
1996,West Virginia,WV,"Dole, Robert",Republican,233946,636459
1996,West Virginia,WV,"Perot, Ross",Other,71639,636459
1996,Wisconsin,WI,"Browne, Harry",Other,7929,2196169
1996,Wisconsin,WI,"Clinton, Bill",Democrat,1071971,2196169
1996,Wisconsin,WI,"Dole, Robert",Republican,845029,2196169
1996,Wisconsin,WI,"Perot, Ross",Other,227339,2196169
1996,Wisconsin,WI,"Phillips, Howard",Other,8811,2196169
1996,Wisconsin,WI,Scattering,Other,2324,2196169
1996,Wisconsin,WI,NA,Other,32766,2196169
1996,Wyoming,WY,"Browne, Harry",Other,1739,211571
1996,Wyoming,WY,"Clinton, Bill",Democrat,77934,211571
1996,Wyoming,WY,"Dole, Robert",Republican,105388,211571
1996,Wyoming,WY,"Hagelin, John",Other,582,211571
1996,Wyoming,WY,"Perot, Ross",Other,25928,211571
2000,Alabama,AL,"Browne, Harry",Other,5893,1666272
2000,Alabama,AL,"Bush, George W.",Republican,941173,1666272
2000,Alabama,AL,"Gore, Al",Democrat,692611,1666272
2000,Alabama,AL,NA,Other,25896,1666272
2000,Alabama,AL,NA,Other,699,1666272
2000,Alaska,AK,"Browne, Harry",Other,2636,285560
2000,Alaska,AK,"Buchanan, Patrick """"Pat""""",Other,5192,285560
2000,Alaska,AK,"Bush, George W.",Republican,167398,285560
2000,Alaska,AK,"Gore, Al",Democrat,79004,285560
2000,Alaska,AK,"Hagelin, John",Other,919,285560
2000,Alaska,AK,"Nader, Ralph",Other,28747,285560
2000,Alaska,AK,"Phillips, Howard",Other,596,285560
2000,Alaska,AK,NA,Other,1068,285560
2000,Arizona,AZ,"Buchanan, Patrick """"Pat""""",Other,12373,1532016
2000,Arizona,AZ,"Bush, George W.",Republican,781652,1532016
2000,Arizona,AZ,"Gore, Al",Democrat,685341,1532016
2000,Arizona,AZ,"Hagelin, John",Other,1120,1532016
2000,Arizona,AZ,"L. Neil, Smith",Other,5775,1532016
2000,Arizona,AZ,"Nader, Ralph",Other,45645,1532016
2000,Arizona,AZ,NA,Other,110,1532016
2000,Arkansas,AR,"Browne, Harry",Other,2781,921781
2000,Arkansas,AR,"Buchanan, Patrick """"Pat""""",Other,7358,921781
2000,Arkansas,AR,"Bush, George W.",Republican,472940,921781
2000,Arkansas,AR,"Gore, Al",Democrat,422768,921781
2000,Arkansas,AR,"Hagelin, John",Other,1098,921781
2000,Arkansas,AR,"Nader, Ralph",Other,13421,921781
2000,Arkansas,AR,"Phillips, Howard",Other,1415,921781
2000,California,CA,"Browne, Harry",Other,45520,10965822
2000,California,CA,"Buchanan, Patrick """"Pat""""",Other,44987,10965822
2000,California,CA,"Bush, George W.",Republican,4567429,10965822
2000,California,CA,"Gore, Al",Democrat,5861203,10965822
2000,California,CA,"Hagelin, John",Other,10934,10965822
2000,California,CA,"Nader, Ralph",Other,418707,10965822
2000,California,CA,"Phillips, Howard",Other,17042,10965822
2000,Colorado,CO,"Browne, Harry",Other,12799,1741368
2000,Colorado,CO,"Bush, George W.",Republican,883748,1741368
2000,Colorado,CO,"Dodge, Earl",Other,208,1741368
2000,Colorado,CO,"Gore, Al",Democrat,738227,1741368
2000,Colorado,CO,"Hagelin, John",Other,10465,1741368
2000,Colorado,CO,"Hagelin, John",Other,2240,1741368
2000,Colorado,CO,"Harris, James",Other,216,1741368
2000,Colorado,CO,"Mcreynolds, David",Other,712,1741368
2000,Colorado,CO,"Nader, Ralph",Other,91434,1741368
2000,Colorado,CO,"Phillips, Howard",Other,1319,1741368
2000,Connecticut,CT,"Browne, Harry",Other,3484,1459525
2000,Connecticut,CT,"Buchanan, Patrick """"Pat""""",Other,4731,1459525
2000,Connecticut,CT,"Bush, George W.",Republican,561094,1459525
2000,Connecticut,CT,"Gore, Al",Democrat,816015,1459525
2000,Connecticut,CT,"Nader, Ralph",Other,64452,1459525
2000,Connecticut,CT,"Phillips, Howard",Other,9695,1459525
2000,Connecticut,CT,NA,Other,54,1459525
2000,Delaware,DE,"Browne, Harry",Other,774,327529
2000,Delaware,DE,"Buchanan, Patrick """"Pat""""",Other,777,327529
2000,Delaware,DE,"Bush, George W.",Republican,137288,327529
2000,Delaware,DE,"Gore, Al",Democrat,180068,327529
2000,Delaware,DE,"Hagelin, John",Other,107,327529
2000,Delaware,DE,"Nader, Ralph",Other,8307,327529
2000,Delaware,DE,"Phillips, Howard",Other,208,327529
2000,District Of Columbia,DC,"Browne, Harry",Other,669,201894
2000,District Of Columbia,DC,"Bush, George W.",Republican,18073,201894
2000,District Of Columbia,DC,"Gore, Al",Democrat,171923,201894
2000,District Of Columbia,DC,"Harris, James",Other,114,201894
2000,District Of Columbia,DC,"Nader, Ralph",Other,10576,201894
2000,District Of Columbia,DC,NA,Other,539,201894
2000,Florida,FL,"Browne, Harry",Other,16415,5963110
2000,Florida,FL,"Buchanan, Patrick """"Pat""""",Other,17484,5963110
2000,Florida,FL,"Bush, George W.",Republican,2912790,5963110
2000,Florida,FL,"Gore, Al",Democrat,2912253,5963110
2000,Florida,FL,"Hagelin, John",Other,2281,5963110
2000,Florida,FL,"Harris, James",Other,562,5963110
2000,Florida,FL,"Mcreynolds, David",Other,622,5963110
2000,Florida,FL,"Moorehead, Monica",Other,1804,5963110
2000,Florida,FL,"Nader, Ralph",Other,97488,5963110
2000,Florida,FL,"Phillips, Howard",Other,1371,5963110
2000,Florida,FL,NA,Other,40,5963110
2000,Georgia,GA,"Browne, Harry",Other,36332,2583208
2000,Georgia,GA,"Buchanan, Patrick """"Pat""""",Other,10926,2583208
2000,Georgia,GA,"Bush, George W.",Republican,1419720,2583208
2000,Georgia,GA,"Gore, Al",Democrat,1116230,2583208
2000,Hawaii,HI,"Browne, Harry",Other,1477,367951
2000,Hawaii,HI,"Buchanan, Patrick """"Pat""""",Other,1071,367951
2000,Hawaii,HI,"Bush, George W.",Republican,137845,367951
2000,Hawaii,HI,"Gore, Al",Democrat,205286,367951
2000,Hawaii,HI,"Hagelin, John",Other,306,367951
2000,Hawaii,HI,"Nader, Ralph",Other,21623,367951
2000,Hawaii,HI,"Phillips, Howard",Other,343,367951
2000,Idaho,ID,"Browne, Harry",Other,3488,501615
2000,Idaho,ID,"Buchanan, Patrick """"Pat""""",Other,7615,501615
2000,Idaho,ID,"Bush, George W.",Republican,336937,501615
2000,Idaho,ID,"Gore, Al",Democrat,138637,501615
2000,Idaho,ID,"Hagelin, John",Other,1177,501615
2000,Idaho,ID,"Nader, Ralph",Other,12292,501615
2000,Idaho,ID,"Phillips, Howard",Other,1469,501615
2000,Illinois,IL,"Browne, Harry",Other,11623,4742108
2000,Illinois,IL,"Buchanan, Patrick """"Pat""""",Other,2127,4742108
2000,Illinois,IL,"Bush, George W.",Republican,2019421,4742108
2000,Illinois,IL,"Gore, Al",Democrat,2589026,4742108
2000,Illinois,IL,"Nader, Ralph",Other,103759,4742108
2000,Illinois,IL,NA,Other,16106,4742108
2000,Illinois,IL,NA,Other,46,4742108
2000,Indiana,IN,"Browne, Harry",Other,15530,2199302
2000,Indiana,IN,"Buchanan, Patrick """"Pat""""",Other,16959,2199302
2000,Indiana,IN,"Bush, George W.",Republican,1245836,2199302
2000,Indiana,IN,"Gore, Al",Democrat,901980,2199302
2000,Indiana,IN,NA,Other,18997,2199302
2000,Iowa,IA,"Browne, Harry",Other,3209,1353022
2000,Iowa,IA,"Buchanan, Patrick """"Pat""""",Other,5731,1353022
2000,Iowa,IA,"Bush, George W.",Republican,634373,1353022
2000,Iowa,IA,"Gore, Al",Democrat,638517,1353022
2000,Iowa,IA,"Hagelin, John",Other,2281,1353022
2000,Iowa,IA,"Harris, James",Other,190,1353022
2000,Iowa,IA,"Mcreynolds, David",Other,107,1353022
2000,Iowa,IA,"Nader, Ralph",Other,29374,1353022
2000,Iowa,IA,"Phillips, Howard",Other,613,1353022
2000,Iowa,IA,Scattering,Other,1168,1353022
2000,Iowa,IA,NA,Other,37459,1353022
2000,Kansas,KS,"Browne, Harry",Other,4525,1072216
2000,Kansas,KS,"Buchanan, Patrick """"Pat""""",Other,7370,1072216
2000,Kansas,KS,"Bush, George W.",Republican,622332,1072216
2000,Kansas,KS,"Gore, Al",Democrat,399276,1072216
2000,Kansas,KS,"Phillips, Howard",Other,1254,1072216
2000,Kansas,KS,NA,Other,37459,1072216
2000,Kentucky,KY,"Browne, Harry",Other,2885,1544106
2000,Kentucky,KY,"Buchanan, Patrick """"Pat""""",Other,4152,1544106
2000,Kentucky,KY,"Bush, George W.",Republican,872520,1544106
2000,Kentucky,KY,"Gore, Al",Democrat,638923,1544106
2000,Kentucky,KY,"Hagelin, John",Other,1513,1544106
2000,Kentucky,KY,"Nader, Ralph",Other,23118,1544106
2000,Kentucky,KY,NA,Other,915,1544106
2000,Kentucky,KY,NA,Other,80,1544106
2000,Louisiana,LA,"Browne, Harry",Other,2951,1765656
2000,Louisiana,LA,"Buchanan, Patrick """"Pat""""",Other,14356,1765656
2000,Louisiana,LA,"Bush, George W.",Republican,927871,1765656
2000,Louisiana,LA,"Gore, Al",Democrat,792344,1765656
2000,Louisiana,LA,"Hagelin, John",Other,1075,1765656
2000,Louisiana,LA,"Harris, James",Other,1103,1765656
2000,Louisiana,LA,"Nader, Ralph",Other,20473,1765656
2000,Louisiana,LA,"Phillips, Howard",Other,5483,1765656
2000,Maine,ME,"Browne, Harry",Other,3074,651817
2000,Maine,ME,"Buchanan, Patrick """"Pat""""",Other,4443,651817
2000,Maine,ME,"Bush, George W.",Republican,286616,651817
2000,Maine,ME,"Gore, Al",Democrat,319951,651817
2000,Maine,ME,"Nader, Ralph",Other,37127,651817
2000,Maine,ME,Other,Other,27,651817
2000,Maine,ME,"Phillips, Howard",Other,579,651817
2000,Maryland,MD,"Browne, Harry",Other,5310,2025212
2000,Maryland,MD,"Buchanan, Patrick """"Pat""""",Other,4248,2025212
2000,Maryland,MD,"Bush, George W.",Republican,813827,2025212
2000,Maryland,MD,"Gore, Al",Democrat,1144008,2025212
2000,Maryland,MD,"Nader, Ralph",Other,53768,2025212
2000,Maryland,MD,Other,Other,1477,2025212
2000,Maryland,MD,"Phillips, Howard",Other,918,2025212
2000,Maryland,MD,NA,Other,1656,2025212
2000,Massachusetts,MA,Blank Vote/Scattering,Other,31022,2733964
2000,Massachusetts,MA,"Browne, Harry",Other,16366,2733964
2000,Massachusetts,MA,"Buchanan, Patrick """"Pat""""",Other,11149,2733964
2000,Massachusetts,MA,"Bush, George W.",Republican,878502,2733964
2000,Massachusetts,MA,"Gore, Al",Democrat,1616487,2733964
2000,Massachusetts,MA,"Hagelin, John",Other,2884,2733964
2000,Massachusetts,MA,"Nader, Ralph",Other,173564,2733964
2000,Massachusetts,MA,Other,Other,3990,2733964
2000,Michigan,MI,"Browne, Harry",Other,16711,4232501
2000,Michigan,MI,"Bush, George W.",Republican,1953139,4232501
2000,Michigan,MI,"Gore, Al",Democrat,2170418,4232501
2000,Michigan,MI,"Hagelin, John",Other,2426,4232501
2000,Michigan,MI,"Nader, Ralph",Other,84165,4232501
2000,Michigan,MI,"Phillips, Howard",Other,3791,4232501
2000,Michigan,MI,NA,Other,1851,4232501
2000,Minnesota,MN,"Browne, Harry",Other,5282,2438685
2000,Minnesota,MN,"Buchanan, Patrick """"Pat""""",Other,22166,2438685
2000,Minnesota,MN,"Buchanan, Patrick """"Pat""""",Other,2294,2438685
2000,Minnesota,MN,"Bush, George W.",Republican,1109659,2438685
2000,Minnesota,MN,"Gore, Al",Democrat,1168266,2438685
2000,Minnesota,MN,"Harris, James",Other,1022,2438685
2000,Minnesota,MN,"Nader, Ralph",Other,126696,2438685
2000,Minnesota,MN,"Phillips, Howard",Other,3272,2438685
2000,Minnesota,MN,NA,Other,28,2438685
2000,Mississippi,MS,"Browne, Harry",Other,2009,994184
2000,Mississippi,MS,"Buchanan, Patrick """"Pat""""",Other,2265,994184
2000,Mississippi,MS,"Bush, George W.",Republican,572844,994184
2000,Mississippi,MS,"Gore, Al",Democrat,404614,994184
2000,Mississippi,MS,"Hagelin, John",Other,450,994184
2000,Mississippi,MS,"Phillips, Howard",Other,3267,994184
2000,Mississippi,MS,NA,Other,8735,994184
2000,Missouri,MO,"Browne, Harry",Other,7436,2359892
2000,Missouri,MO,"Buchanan, Patrick """"Pat""""",Other,9818,2359892
2000,Missouri,MO,"Bush, George W.",Republican,1189924,2359892
2000,Missouri,MO,"Gore, Al",Democrat,1111138,2359892
2000,Missouri,MO,"Hagelin, John",Other,1104,2359892
2000,Missouri,MO,"Nader, Ralph",Other,38515,2359892
2000,Missouri,MO,"Phillips, Howard",Other,1957,2359892
2000,Montana,MT,"Browne, Harry",Other,1718,410986
2000,Montana,MT,"Buchanan, Patrick """"Pat""""",Other,5697,410986
2000,Montana,MT,"Bush, George W.",Republican,240178,410986
2000,Montana,MT,"Gore, Al",Democrat,137126,410986
2000,Montana,MT,"Hagelin, John",Other,675,410986
2000,Montana,MT,"Nader, Ralph",Other,24437,410986
2000,Montana,MT,"Phillips, Howard",Other,1155,410986
2000,Nebraska,NE,"Browne, Harry",Other,2245,697019
2000,Nebraska,NE,"Bush, George W.",Republican,433862,697019
2000,Nebraska,NE,"Gore, Al",Democrat,231780,697019
2000,Nebraska,NE,"Nader, Ralph",Other,24540,697019
2000,Nebraska,NE,NA,Other,4114,697019
2000,Nebraska,NE,NA,Other,478,697019
2000,Nevada,NV,Blank Vote,Other,282,609426
2000,Nevada,NV,"Browne, Harry",Other,3311,609426
2000,Nevada,NV,"Buchanan, Patrick """"Pat""""",Other,4747,609426
2000,Nevada,NV,"Bush, George W.",Republican,301575,609426
2000,Nevada,NV,"Gore, Al",Democrat,279978,609426
2000,Nevada,NV,"Hagelin, John",Other,415,609426
2000,Nevada,NV,"Nader, Ralph",Other,15008,609426
2000,Nevada,NV,None Of These Candidates,Other,3315,609426
2000,Nevada,NV,Over Vote,Other,174,609426
2000,Nevada,NV,"Phillips, Howard",Other,621,609426
2000,New Hampshire,NH,"Browne, Harry",Other,2757,569081
2000,New Hampshire,NH,"Buchanan, Patrick """"Pat""""",Other,2615,569081
2000,New Hampshire,NH,"Bush, George W.",Republican,273559,569081
2000,New Hampshire,NH,"Gore, Al",Democrat,266348,569081
2000,New Hampshire,NH,"Nader, Ralph",Other,22198,569081
2000,New Hampshire,NH,NA,Other,1276,569081
2000,New Hampshire,NH,NA,Other,328,569081
2000,New Jersey,NJ,"Bush, George W.",Republican,1284173,3187226
2000,New Jersey,NJ,"Gore, Al",Democrat,1788850,3187226
2000,New Jersey,NJ,NA,Other,114203,3187226
2000,New Mexico,NM,"Browne, Harry",Other,2058,598605
2000,New Mexico,NM,"Buchanan, Patrick """"Pat""""",Other,1392,598605
2000,New Mexico,NM,"Bush, George W.",Republican,286417,598605
2000,New Mexico,NM,"Gore, Al",Democrat,286783,598605
2000,New Mexico,NM,"Hagelin, John",Other,361,598605
2000,New Mexico,NM,"Nader, Ralph",Other,21251,598605
2000,New Mexico,NM,"Phillips, Howard",Other,343,598605
2000,New York,NY,Blank Vote/Scattering,Other,138216,6960215
2000,New York,NY,"Browne, Harry",Other,7649,6960215
2000,New York,NY,"Buchanan, Patrick """"Pat""""",Other,25175,6960215
2000,New York,NY,"Buchanan, Patrick """"Pat""""",Other,6424,6960215
2000,New York,NY,"Bush, George W.",Republican,2258577,6960215
2000,New York,NY,"Bush, George W.",Other,144797,6960215
2000,New York,NY,"Gore, Al",Democrat,3942215,6960215
2000,New York,NY,"Gore, Al",Other,88395,6960215
2000,New York,NY,"Gore, Al",Other,77087,6960215
2000,New York,NY,"Hagelin, John",Other,24361,6960215
2000,New York,NY,"Harris, James",Other,1789,6960215
2000,New York,NY,"Nader, Ralph",Other,244030,6960215
2000,New York,NY,"Phillips, Howard",Other,1498,6960215
2000,New York,NY,NA,Other,2,6960215
2000,North Carolina,NC,"Browne, Harry",Other,13891,2914990
2000,North Carolina,NC,"Buchanan, Patrick """"Pat""""",Other,8874,2914990
2000,North Carolina,NC,"Bush, George W.",Republican,1631163,2914990
2000,North Carolina,NC,"Gore, Al",Democrat,1257692,2914990
2000,North Carolina,NC,Not Designated,Other,3370,2914990
2000,North Dakota,ND,"Buchanan, Patrick """"Pat""""",Other,7288,288256
2000,North Dakota,ND,"Bush, George W.",Republican,174852,288256
2000,North Dakota,ND,"Gore, Al",Democrat,95284,288256
2000,North Dakota,ND,"Phillips, Howard",Other,373,288256
2000,North Dakota,ND,NA,Other,10459,288256
2000,Ohio,OH,"Browne, Harry",Other,13473,4701998
2000,Ohio,OH,"Bush, George W.",Republican,2350363,4701998
2000,Ohio,OH,"Gore, Al",Democrat,2183628,4701998
2000,Ohio,OH,"Hagelin, John",Other,6181,4701998
2000,Ohio,OH,Not Designated,Other,148353,4701998
2000,Oklahoma,OK,"Browne, Harry",Other,6602,1234229
2000,Oklahoma,OK,"Buchanan, Patrick """"Pat""""",Other,9014,1234229
2000,Oklahoma,OK,"Bush, George W.",Republican,744337,1234229
2000,Oklahoma,OK,"Gore, Al",Democrat,474276,1234229
2000,Oregon,OR,"Browne, Harry",Other,7447,1533950
2000,Oregon,OR,"Buchanan, Patrick """"Pat""""",Other,7063,1533950
2000,Oregon,OR,"Buchanan, Patrick """"Pat""""",Other,2574,1533950
2000,Oregon,OR,"Bush, George W.",Republican,713577,1533950
2000,Oregon,OR,"Gore, Al",Democrat,720342,1533950
2000,Oregon,OR,"Nader, Ralph",Other,77357,1533950
2000,Oregon,OR,Other,Other,3401,1533950
2000,Oregon,OR,"Phillips, Howard",Other,2189,1533950
2000,Pennsylvania,PA,"Browne, Harry",Other,11248,4912185
2000,Pennsylvania,PA,"Buchanan, Patrick """"Pat""""",Other,16023,4912185
2000,Pennsylvania,PA,"Bush, George W.",Republican,2281127,4912185
2000,Pennsylvania,PA,"Gore, Al",Democrat,2485967,4912185
2000,Pennsylvania,PA,"Nader, Ralph",Other,103392,4912185
2000,Pennsylvania,PA,"Phillips, Howard",Other,14428,4912185
2000,Rhode Island,RI,"Browne, Harry",Other,742,409112
2000,Rhode Island,RI,"Buchanan, Patrick """"Pat""""",Other,2273,409112
2000,Rhode Island,RI,"Bush, George W.",Republican,130555,409112
2000,Rhode Island,RI,"Gore, Al",Democrat,249508,409112
2000,Rhode Island,RI,"Hagelin, John",Other,271,409112
2000,Rhode Island,RI,"Moorehead, Monica",Other,199,409112
2000,Rhode Island,RI,"Nader, Ralph",Other,25052,409112
2000,Rhode Island,RI,"Phillips, Howard",Other,97,409112
2000,Rhode Island,RI,NA,Other,329,409112
2000,Rhode Island,RI,NA,Other,52,409112
2000,Rhode Island,RI,NA,Other,34,409112
2000,South Carolina,SC,"Browne, Harry",Other,4760,1383902
2000,South Carolina,SC,"Buchanan, Patrick """"Pat""""",Other,3309,1383902
2000,South Carolina,SC,"Bush, George W.",Republican,786892,1383902
2000,South Carolina,SC,"Gore, Al",Democrat,566037,1383902
2000,South Carolina,SC,"Hagelin, John",Other,943,1383902
2000,South Carolina,SC,"Nader, Ralph",Other,20279,1383902
2000,South Carolina,SC,NA,Other,1682,1383902
2000,South Dakota,SD,"Browne, Harry",Other,1662,316269
2000,South Dakota,SD,"Buchanan, Patrick """"Pat""""",Other,3322,316269
2000,South Dakota,SD,"Bush, George W.",Republican,190700,316269
2000,South Dakota,SD,"Gore, Al",Democrat,118804,316269
2000,South Dakota,SD,"Phillips, Howard",Other,1781,316269
2000,Tennessee,TN,"Bush, George W.",Republican,1061949,2076181
2000,Tennessee,TN,"Gore, Al",Democrat,981720,2076181
2000,Tennessee,TN,NA,Other,32084,2076181
2000,Tennessee,TN,NA,Other,428,2076181
2000,Texas,TX,"Browne, Harry",Other,23160,6407637
2000,Texas,TX,"Bush, George W.",Republican,3799639,6407637
2000,Texas,TX,"Gore, Al",Democrat,2433746,6407637
2000,Texas,TX,"Nader, Ralph",Other,137994,6407637
2000,Texas,TX,NA,Other,12394,6407637
2000,Texas,TX,NA,Other,704,6407637
2000,Utah,UT,"Browne, Harry",Other,3616,770754
2000,Utah,UT,"Buchanan, Patrick """"Pat""""",Other,9319,770754
2000,Utah,UT,"Bush, George W.",Republican,515096,770754
2000,Utah,UT,"Gore, Al",Democrat,203053,770754
2000,Utah,UT,"Hagelin, John",Other,763,770754
2000,Utah,UT,"Harris, James",Other,186,770754
2000,Utah,UT,"Nader, Ralph",Other,35850,770754
2000,Utah,UT,"Phillips, Howard",Other,2709,770754
2000,Utah,UT,NA,Other,161,770754
2000,Utah,UT,NA,Other,1,770754
2000,Vermont,VT,"Browne, Harry",Other,784,294308
2000,Vermont,VT,"Buchanan, Patrick """"Pat""""",Other,2192,294308
2000,Vermont,VT,"Bush, George W.",Republican,119775,294308
2000,Vermont,VT,"Dennis """"Denny"""", Lane",Other,1044,294308
2000,Vermont,VT,"Gore, Al",Democrat,149022,294308
2000,Vermont,VT,"Hagelin, John",Other,219,294308
2000,Vermont,VT,"Harris, James",Other,70,294308
2000,Vermont,VT,"Mcreynolds, David",Other,161,294308
2000,Vermont,VT,"Nader, Ralph",Other,20374,294308
2000,Vermont,VT,"Phillips, Howard",Other,153,294308
2000,Vermont,VT,NA,Other,514,294308
2000,Virginia,VA,"Browne, Harry",Other,15198,2739447
2000,Virginia,VA,"Buchanan, Patrick """"Pat""""",Other,5455,2739447
2000,Virginia,VA,"Bush, George W.",Republican,1437490,2739447
2000,Virginia,VA,"Gore, Al",Democrat,1217290,2739447
2000,Virginia,VA,"Nader, Ralph",Other,59398,2739447
2000,Virginia,VA,"Phillips, Howard",Other,1809,2739447
2000,Virginia,VA,NA,Other,2807,2739447
2000,Washington,WA,"Browne, Harry",Other,13135,2487433
2000,Washington,WA,"Buchanan, Patrick """"Pat""""",Other,7171,2487433
2000,Washington,WA,"Bush, George W.",Republican,1108864,2487433
2000,Washington,WA,"Gore, Al",Democrat,1247652,2487433
2000,Washington,WA,"Hagelin, John",Other,2927,2487433
2000,Washington,WA,"Harris, James",Other,304,2487433
2000,Washington,WA,"Mcreynolds, David",Other,660,2487433
2000,Washington,WA,"Moorehead, Monica",Other,1729,2487433
2000,Washington,WA,"Nader, Ralph",Other,103002,2487433
2000,Washington,WA,"Phillips, Howard",Other,1989,2487433
2000,West Virginia,WV,"Browne, Harry",Other,1912,648124
2000,West Virginia,WV,"Buchanan, Patrick """"Pat""""",Other,3169,648124
2000,West Virginia,WV,"Bush, George W.",Republican,336475,648124
2000,West Virginia,WV,"Gore, Al",Democrat,295497,648124
2000,West Virginia,WV,"Hagelin, John",Other,367,648124
2000,West Virginia,WV,"Nader, Ralph",Other,10680,648124
2000,West Virginia,WV,NA,Other,24,648124
2000,Wisconsin,WI,"Browne, Harry",Other,6640,2598607
2000,Wisconsin,WI,"Bush, George W.",Republican,1237279,2598607
2000,Wisconsin,WI,"Gore, Al",Democrat,1242987,2598607
2000,Wisconsin,WI,"Nader, Ralph",Other,94070,2598607
2000,Wisconsin,WI,Scattering,Other,1896,2598607
2000,Wisconsin,WI,NA,Other,13693,2598607
2000,Wisconsin,WI,NA,Other,2042,2598607
2000,Wyoming,WY,"Browne, Harry",Other,1443,213726
2000,Wyoming,WY,"Buchanan, Patrick """"Pat""""",Other,2724,213726
2000,Wyoming,WY,"Bush, George W.",Republican,147947,213726
2000,Wyoming,WY,"Gore, Al",Democrat,60481,213726
2000,Wyoming,WY,"Hagelin, John",Other,411,213726
2000,Wyoming,WY,"Phillips, Howard",Other,720,213726
2004,Alabama,AL,"Bush, George W.",Republican,1176394,1883415
2004,Alabama,AL,"Kerry, John",Democrat,693933,1883415
2004,Alabama,AL,Other,Other,12190,1883415
2004,Alabama,AL,Other,Other,898,1883415
2004,Alaska,AK,"Badnarik, Michael",Other,1675,312598
2004,Alaska,AK,"Bush, George W.",Republican,190889,312598
2004,Alaska,AK,"Cobb, David",Other,1058,312598
2004,Alaska,AK,"Kerry, John",Democrat,111025,312598
2004,Alaska,AK,"Nader, Ralph",Other,5069,312598
2004,Alaska,AK,Other,Other,790,312598
2004,Alaska,AK,"Peroutka, Michael",Other,2092,312598
2004,Arizona,AZ,"Badnarik, Michael",Other,11856,2012585
2004,Arizona,AZ,"Bush, George W.",Republican,1104294,2012585
2004,Arizona,AZ,"Kerry, John",Democrat,893524,2012585
2004,Arizona,AZ,Other,Other,2911,2012585
2004,Arkansas,AR,"Badnarik, Michael",Other,2352,1054945
2004,Arkansas,AR,"Bush, George W.",Republican,572898,1054945
2004,Arkansas,AR,"Cobb, David",Other,1488,1054945
2004,Arkansas,AR,"Kerry, John",Democrat,469953,1054945
2004,Arkansas,AR,"Nader, Ralph",Other,6171,1054945
2004,Arkansas,AR,"Peroutka, Michael",Other,2083,1054945
2004,California,CA,"Badnarik, Michael",Other,50165,12421353
2004,California,CA,"Bush, George W.",Republican,5509826,12421353
2004,California,CA,"Cobb, David",Other,40771,12421353
2004,California,CA,"Kerry, John",Democrat,6745485,12421353
2004,California,CA,Other,Other,20854,12421353
2004,California,CA,"Peltier, Leonard",Other,27607,12421353
2004,California,CA,"Peroutka, Michael",Other,26645,12421353
2004,Colorado,CO,"Amondson, Gene",Other,378,2129630
2004,Colorado,CO,"Andress, Stanford",Other,804,2129630
2004,Colorado,CO,"Badnarik, Michael",Other,7664,2129630
2004,Colorado,CO,"Brown, Walt",Other,216,2129630
2004,Colorado,CO,"Bush, George W.",Republican,1101255,2129630
2004,Colorado,CO,"Calero, Roger",Other,241,2129630
2004,Colorado,CO,"Cobb, David",Other,1591,2129630
2004,Colorado,CO,"Dodge, Earl",Other,140,2129630
2004,Colorado,CO,"Kerry, John",Democrat,1001732,2129630
2004,Colorado,CO,"Nader, Ralph",Other,12718,2129630
2004,Colorado,CO,"Peroutka, Michael",Other,2562,2129630
2004,Colorado,CO,"Van Auken, Bill",Other,329,2129630
2004,Connecticut,CT,"Badnarik, Michael",Other,3367,1578769
2004,Connecticut,CT,"Bush, George W.",Republican,693826,1578769
2004,Connecticut,CT,"Calero, Roger",Other,12,1578769
2004,Connecticut,CT,"Cobb, David",Other,9564,1578769
2004,Connecticut,CT,"Kerry, John",Democrat,857488,1578769
2004,Connecticut,CT,"Nader, Ralph",Other,12969,1578769
2004,Connecticut,CT,"Peroutka, Michael",Other,1543,1578769
2004,Delaware,DE,"Badnarik, Michael",Other,586,375190
2004,Delaware,DE,"Brown, Walt",Other,100,375190
2004,Delaware,DE,"Bush, George W.",Republican,171660,375190
2004,Delaware,DE,"Cobb, David",Other,250,375190
2004,Delaware,DE,"Kerry, John",Democrat,200152,375190
2004,Delaware,DE,"Nader, Ralph",Other,2153,375190
2004,Delaware,DE,"Peroutka, Michael",Other,289,375190
2004,District Of Columbia,DC,"Badnarik, Michael",Other,502,227586
2004,District Of Columbia,DC,"Bush, George W.",Republican,21256,227586
2004,District Of Columbia,DC,"Calero, Roger",Other,130,227586
2004,District Of Columbia,DC,"Cobb, David",Other,737,227586
2004,District Of Columbia,DC,"Kerry, John",Democrat,202970,227586
2004,District Of Columbia,DC,"Nader, Ralph",Other,1485,227586
2004,District Of Columbia,DC,Others,Other,506,227586
2004,Florida,FL,"Badnarik, Michael",Other,11996,7609810
2004,Florida,FL,"Brown, Walt",Other,3502,7609810
2004,Florida,FL,"Bush, George W.",Republican,3964522,7609810
2004,Florida,FL,"Calero, Roger",Other,2732,7609810
2004,Florida,FL,"Cobb, David",Other,3917,7609810
2004,Florida,FL,"Kerry, John",Democrat,3583544,7609810
2004,Florida,FL,"Nader, Ralph",Other,32971,7609810
2004,Florida,FL,"Peroutka, Michael",Other,6626,7609810
2004,Georgia,GA,"Badnarik, Michael",Other,18387,3301875
2004,Georgia,GA,"Bush, George W.",Republican,1914254,3301875
2004,Georgia,GA,"Kerry, John",Democrat,1366149,3301875
2004,Georgia,GA,Other,Other,3085,3301875
2004,Hawaii,HI,"Badnarik, Michael",Other,1377,429013
2004,Hawaii,HI,"Bush, George W.",Republican,194191,429013
2004,Hawaii,HI,"Cobb, David",Other,1737,429013
2004,Hawaii,HI,"Kerry, John",Democrat,231708,429013
2004,Idaho,ID,"Badnarik, Michael",Other,3844,598376
2004,Idaho,ID,"Bush, George W.",Republican,409235,598376
2004,Idaho,ID,"Kerry, John",Democrat,181098,598376
2004,Idaho,ID,"Nader, Ralph",Other,1115,598376
2004,Idaho,ID,"Peroutka, Michael",Other,3084,598376
2004,Illinois,IL,"Badnarik, Michael",Other,32442,5274322
2004,Illinois,IL,"Bush, George W.",Republican,2345946,5274322
2004,Illinois,IL,"Kerry, John",Democrat,2891550,5274322
2004,Illinois,IL,Other,Other,4384,5274322
2004,Indiana,IN,"Badnarik, Michael",Other,18058,2468002
2004,Indiana,IN,"Bush, George W.",Republican,1479438,2468002
2004,Indiana,IN,"Kerry, John",Democrat,969011,2468002
2004,Indiana,IN,Other,Other,1495,2468002
2004,Iowa,IA,"Badnarik, Michael",Other,2992,1506908
2004,Iowa,IA,"Bush, George W.",Republican,751957,1506908
2004,Iowa,IA,"Calero, Roger",Other,373,1506908
2004,Iowa,IA,"Cobb, David",Other,1141,1506908
2004,Iowa,IA,"Kerry, John",Democrat,741898,1506908
2004,Iowa,IA,Other,Other,6149,1506908
2004,Iowa,IA,Other,Other,1094,1506908
2004,Iowa,IA,"Peroutka, Michael",Other,1304,1506908
2004,Kansas,KS,"Badnarik, Michael",Other,4013,1187756
2004,Kansas,KS,"Bush, George W.",Republican,736456,1187756
2004,Kansas,KS,"Kerry, John",Democrat,434993,1187756
2004,Kansas,KS,"Nader, Ralph",Other,9348,1187756
2004,Kansas,KS,Other,Other,47,1187756
2004,Kansas,KS,"Peroutka, Michael",Other,2899,1187756
2004,Kentucky,KY,"Badnarik, Michael",Other,2619,1795882
2004,Kentucky,KY,"Bush, George W.",Republican,1069439,1795882
2004,Kentucky,KY,"Kerry, John",Democrat,712733,1795882
2004,Kentucky,KY,"Nader, Ralph",Other,8856,1795882
2004,Kentucky,KY,Other,Other,22,1795882
2004,Kentucky,KY,"Peroutka, Michael",Other,2213,1795882
2004,Louisiana,LA,"Amondson, Gene",Other,1566,1943106
2004,Louisiana,LA,"Badnarik, Michael",Other,2781,1943106
2004,Louisiana,LA,"Brown, Walt",Other,1795,1943106
2004,Louisiana,LA,"Bush, George W.",Republican,1102169,1943106
2004,Louisiana,LA,"Calero, Roger",Other,985,1943106
2004,Louisiana,LA,"Cobb, David",Other,1276,1943106
2004,Louisiana,LA,"Kerry, John",Democrat,820299,1943106
2004,Louisiana,LA,"Nader, Ralph",Other,7032,1943106
2004,Louisiana,LA,"Peroutka, Michael",Other,5203,1943106
2004,Maine,ME,"Badnarik, Michael",Other,1965,740752
2004,Maine,ME,Blank Vote/Scattering,Other,4,740752
2004,Maine,ME,"Bush, George W.",Republican,330201,740752
2004,Maine,ME,"Cobb, David",Other,2936,740752
2004,Maine,ME,"Kerry, John",Democrat,396842,740752
2004,Maine,ME,"Peroutka, Michael",Other,735,740752
2004,Maine,ME,"The Better Life,",Other,8069,740752
2004,Maryland,MD,"Badnarik, Michael",Other,6094,2384238
2004,Maryland,MD,"Bush, George W.",Republican,1024703,2384238
2004,Maryland,MD,"Cobb, David",Other,3632,2384238
2004,Maryland,MD,"Kerry, John",Democrat,1334493,2384238
2004,Maryland,MD,"Nader, Ralph",Other,11854,2384238
2004,Maryland,MD,Other,Other,34,2384238
2004,Maryland,MD,Other,Democrat,7,2384238
2004,Maryland,MD,"Peroutka, Michael",Other,3421,2384238
2004,Massachusetts,MA,"Badnarik, Michael",Other,15022,2927455
2004,Massachusetts,MA,Blank Vote/Scattering,Other,15067,2927455
2004,Massachusetts,MA,"Bush, George W.",Republican,1071109,2927455
2004,Massachusetts,MA,"Cobb, David",Other,10623,2927455
2004,Massachusetts,MA,"Kerry, John",Democrat,1803800,2927455
2004,Massachusetts,MA,"Nader, Ralph",Other,4806,2927455
2004,Massachusetts,MA,Other,Other,7028,2927455
2004,Michigan,MI,"Badnarik, Michael",Other,10552,4839252
2004,Michigan,MI,"Brown, Walt",Other,1431,4839252
2004,Michigan,MI,"Bush, George W.",Republican,2313746,4839252
2004,Michigan,MI,"Cobb, David",Other,5325,4839252
2004,Michigan,MI,"Kerry, John",Democrat,2479183,4839252
2004,Michigan,MI,"Nader, Ralph",Other,24035,4839252
2004,Michigan,MI,"Peroutka, Michael",Other,4980,4839252
2004,Minnesota,MN,"Badnarik, Michael",Other,4639,2828387
2004,Minnesota,MN,"Bush, George W.",Republican,1346695,2828387
2004,Minnesota,MN,"Calero, Roger",Other,416,2828387
2004,Minnesota,MN,"Cobb, David",Other,4408,2828387
2004,Minnesota,MN,"Harens, Thomas",Other,2387,2828387
2004,Minnesota,MN,"Kerry, John",Democrat,1445014,2828387
2004,Minnesota,MN,"Nader, Ralph",Other,18683,2828387
2004,Minnesota,MN,Other,Other,2532,2828387
2004,Minnesota,MN,"Peroutka, Michael",Other,3074,2828387
2004,Minnesota,MN,"Van Auken, Bill",Other,539,2828387
2004,Mississippi,MS,"Badnarik, Michael",Other,1793,1139824
2004,Mississippi,MS,"Bush, George W.",Republican,672660,1139824
2004,Mississippi,MS,"Calero, Roger",Other,1599,1139824
2004,Mississippi,MS,"Cobb, David",Other,1073,1139824
2004,Mississippi,MS,"Kerry, John",Democrat,457766,1139824
2004,Mississippi,MS,"Nader, Ralph",Other,3175,1139824
2004,Mississippi,MS,"Peroutka, Michael",Other,1758,1139824
2004,Missouri,MO,"Badnarik, Michael",Other,9831,2731364
2004,Missouri,MO,"Bush, George W.",Republican,1455713,2731364
2004,Missouri,MO,"Kerry, John",Democrat,1259171,2731364
2004,Missouri,MO,"Nader, Ralph",Other,1294,2731364
2004,Missouri,MO,"Peroutka, Michael",Other,5355,2731364
2004,Montana,MT,"Badnarik, Michael",Other,1733,450434
2004,Montana,MT,"Bush, George W.",Republican,266063,450434
2004,Montana,MT,"Cobb, David",Other,996,450434
2004,Montana,MT,"Kerry, John",Democrat,173710,450434
2004,Montana,MT,"Nader, Ralph",Other,6168,450434
2004,Montana,MT,"Peroutka, Michael",Other,1764,450434
2004,Nebraska,NE,"Badnarik, Michael",Other,2041,778186
2004,Nebraska,NE,"Bush, George W.",Republican,512814,778186
2004,Nebraska,NE,"Cobb, David",Other,978,778186
2004,Nebraska,NE,"Kerry, John",Democrat,254328,778186
2004,Nebraska,NE,"Nader, Ralph",Other,5780,778186
2004,Nebraska,NE,Other,Other,1314,778186
2004,Nebraska,NE,Other,Other,931,778186
2004,Nevada,NV,"Badnarik, Michael",Other,3176,829587
2004,Nevada,NV,"Bush, George W.",Republican,418690,829587
2004,Nevada,NV,"Cobb, David",Other,853,829587
2004,Nevada,NV,"Kerry, John",Democrat,397190,829587
2004,Nevada,NV,"Nader, Ralph",Other,4838,829587
2004,Nevada,NV,Other,Other,3688,829587
2004,Nevada,NV,"Peroutka, Michael",Other,1152,829587
2004,New Hampshire,NH,"Bush, George W.",Republican,331237,678287
2004,New Hampshire,NH,"Kerry, John",Democrat,340511,678287
2004,New Hampshire,NH,"Nader, Ralph",Other,4479,678287
2004,New Hampshire,NH,Other,Other,1095,678287
2004,New Hampshire,NH,Other,Other,965,678287
2004,New Jersey,NJ,"Bush, George W.",Republican,1670003,3611691
2004,New Jersey,NJ,"Kerry, John",Democrat,1911430,3611691
2004,New Jersey,NJ,Other,Other,30258,3611691
2004,New Mexico,NM,"Badnarik, Michael",Other,2382,756304
2004,New Mexico,NM,"Bush, George W.",Republican,376930,756304
2004,New Mexico,NM,"Cobb, David",Other,1226,756304
2004,New Mexico,NM,"Kerry, John",Democrat,370942,756304
2004,New Mexico,NM,"Nader, Ralph",Other,4053,756304
2004,New Mexico,NM,"Peroutka, Michael",Other,771,756304
2004,New York,NY,"Badnarik, Michael",Other,11607,7448266
2004,New York,NY,Blank Vote/Scattering,Other,57230,7448266
2004,New York,NY,"Bush, George W.",Republican,2806993,7448266
2004,New York,NY,"Bush, George W.",Other,155574,7448266
2004,New York,NY,"Calero, Roger",Other,2405,7448266
2004,New York,NY,"Kerry, John",Democrat,4180755,7448266
2004,New York,NY,"Kerry, John",Other,133525,7448266
2004,New York,NY,"Nader, Ralph",Other,84247,7448266
2004,New York,NY,"Nader, Ralph",Other,15626,7448266
2004,New York,NY,Other,Other,304,7448266
2004,North Carolina,NC,"Badnarik, Michael",Other,11731,3501007
2004,North Carolina,NC,"Bush, George W.",Republican,1961166,3501007
2004,North Carolina,NC,"Kerry, John",Democrat,1525849,3501007
2004,North Carolina,NC,Other,Other,2261,3501007
2004,North Dakota,ND,"Badnarik, Michael",Other,851,312833
2004,North Dakota,ND,"Bush, George W.",Republican,196651,312833
2004,North Dakota,ND,"Kerry, John",Democrat,111052,312833
2004,North Dakota,ND,"Nader, Ralph",Other,3756,312833
2004,North Dakota,ND,Other,Other,9,312833
2004,North Dakota,ND,"Peroutka, Michael",Other,514,312833
2004,Ohio,OH,"Bush, George W.",Republican,2859764,5627903
2004,Ohio,OH,"Kerry, John",Democrat,2741165,5627903
2004,Ohio,OH,Other,Other,26616,5627903
2004,Ohio,OH,Other,Other,358,5627903
2004,Oklahoma,OK,"Bush, George W.",Republican,959792,1463758
2004,Oklahoma,OK,"Kerry, John",Democrat,503966,1463758
2004,Oregon,OR,"Badnarik, Michael",Other,7260,1836782
2004,Oregon,OR,"Bush, George W.",Republican,866831,1836782
2004,Oregon,OR,"Cobb, David",Other,5315,1836782
2004,Oregon,OR,"Kerry, John",Democrat,943163,1836782
2004,Oregon,OR,Other,Other,8956,1836782
2004,Oregon,OR,"Peroutka, Michael",Other,5257,1836782
2004,Pennsylvania,PA,"Badnarik, Michael",Other,21185,5769590
2004,Pennsylvania,PA,Blank Vote/Scattering,Other,1170,5769590
2004,Pennsylvania,PA,"Bush, George W.",Republican,2793847,5769590
2004,Pennsylvania,PA,"Cobb, David",Other,6319,5769590
2004,Pennsylvania,PA,"Independent Party Candidate,",Other,2656,5769590
2004,Pennsylvania,PA,"Kerry, John",Democrat,2938095,5769590
2004,Pennsylvania,PA,"Peroutka, Michael",Other,6318,5769590
2004,Rhode Island,RI,"Badnarik, Michael",Other,907,437134
2004,Rhode Island,RI,"Bush, George W.",Republican,169046,437134
2004,Rhode Island,RI,"Cobb, David",Other,1333,437134
2004,Rhode Island,RI,"Kerry, John",Democrat,259760,437134
2004,Rhode Island,RI,"Nader, Ralph",Other,4651,437134
2004,Rhode Island,RI,Nonpartisan,Other,845,437134
2004,Rhode Island,RI,"Peroutka, Michael",Other,339,437134
2004,Rhode Island,RI,Workers World,Other,253,437134
2004,South Carolina,SC,"Badnarik, Michael",Other,3608,1617700
2004,South Carolina,SC,"Brown, Walt",Other,2124,1617700
2004,South Carolina,SC,"Bush, George W.",Republican,937974,1617700
2004,South Carolina,SC,"Cobb, David",Other,1488,1617700
2004,South Carolina,SC,"Kerry, John",Democrat,661669,1617700
2004,South Carolina,SC,"Nader, Ralph",Other,5520,1617700
2004,South Carolina,SC,"Peroutka, Michael",Other,5317,1617700
2004,South Dakota,SD,"Badnarik, Michael",Other,964,388215
2004,South Dakota,SD,"Bush, George W.",Republican,232584,388215
2004,South Dakota,SD,"Kerry, John",Democrat,149244,388215
2004,South Dakota,SD,"Nader, Ralph",Other,4320,388215
2004,South Dakota,SD,"Peroutka, Michael",Other,1103,388215
2004,Tennessee,TN,"Bush, George W.",Republican,1384375,2437319
2004,Tennessee,TN,"Kerry, John",Democrat,1036477,2437319
2004,Tennessee,TN,Other,Other,16428,2437319
2004,Tennessee,TN,Other,Other,39,2437319
2004,Texas,TX,"Badnarik, Michael",Other,38787,7410749
2004,Texas,TX,"Bush, George W.",Republican,4526917,7410749
2004,Texas,TX,"Kerry, John",Democrat,2832704,7410749
2004,Texas,TX,Other,Other,12341,7410749
2004,Utah,UT,"Badnarik, Michael",Other,3375,927844
2004,Utah,UT,"Bush, George W.",Republican,663742,927844
2004,Utah,UT,"Calero, Roger",Other,393,927844
2004,Utah,UT,"Jay, Charles",Other,946,927844
2004,Utah,UT,"Kerry, John",Democrat,241199,927844
2004,Utah,UT,"Nader, Ralph",Other,11305,927844
2004,Utah,UT,Other,Other,43,927844
2004,Utah,UT,"Peroutka, Michael",Other,6841,927844
2004,Vermont,VT,"Badnarik, Michael",Other,1102,312309
2004,Vermont,VT,"Bush, George W.",Republican,121180,312309
2004,Vermont,VT,"Calero, Roger",Other,244,312309
2004,Vermont,VT,"Kerry, John",Democrat,184067,312309
2004,Vermont,VT,"Nader, Ralph",Other,4494,312309
2004,Vermont,VT,Other,Other,957,312309
2004,Vermont,VT,"Parker, John",Other,265,312309
2004,Virginia,VA,"Badnarik, Michael",Other,11032,3195415
2004,Virginia,VA,"Bush, George W.",Republican,1716959,3195415
2004,Virginia,VA,"Kerry, John",Democrat,1454742,3195415
2004,Virginia,VA,Other,Other,2521,3195415
2004,Virginia,VA,"Peroutka, Michael",Other,10161,3195415
2004,Washington,WA,"Badnarik, Michael",Other,11955,2859084
2004,Washington,WA,"Bush, George W.",Republican,1304894,2859084
2004,Washington,WA,"Calero, Roger",Other,547,2859084
2004,Washington,WA,"Cobb, David",Other,2974,2859084
2004,Washington,WA,"Kerry, John",Democrat,1510201,2859084
2004,Washington,WA,"Nader, Ralph",Other,23283,2859084
2004,Washington,WA,"Parker, John",Other,1077,2859084
2004,Washington,WA,"Peroutka, Michael",Other,3922,2859084
2004,Washington,WA,"Van Auken, Bill",Other,231,2859084
2004,West Virginia,WV,"Badnarik, Michael",Other,1405,755792
2004,West Virginia,WV,"Bush, George W.",Republican,423778,755792
2004,West Virginia,WV,"Cobb, David",Other,5,755792
2004,West Virginia,WV,"Kerry, John",Democrat,326541,755792
2004,West Virginia,WV,"Nader, Ralph",Other,4063,755792
2004,Wisconsin,WI,"Badnarik, Michael",Other,6464,2997007
2004,Wisconsin,WI,Blank Vote/Scattering,Other,2986,2997007
2004,Wisconsin,WI,"Bush, George W.",Republican,1478120,2997007
2004,Wisconsin,WI,"Cobb, David",Other,2661,2997007
2004,Wisconsin,WI,"Kerry, John",Democrat,1489504,2997007
2004,Wisconsin,WI,"Nader, Ralph",Other,17272,2997007
2004,Wyoming,WY,"Badnarik, Michael",Other,1171,243861
2004,Wyoming,WY,"Bush, George W.",Republican,167629,243861
2004,Wyoming,WY,"Kerry, John",Democrat,70776,243861
2004,Wyoming,WY,"Nader, Ralph",Other,3372,243861
2004,Wyoming,WY,Other,Other,480,243861
2004,Wyoming,WY,Other,Other,433,243861
2008,Alabama,AL,"Mccain, John",Republican,1266546,2099819
2008,Alabama,AL,"Obama, Barack H.",Democrat,813479,2099819
2008,Alabama,AL,NA,Other,16089,2099819
2008,Alabama,AL,NA,Other,3705,2099819
2008,Alaska,AK,"Baldwin, Charles """"Chuck""""",Other,1660,326197
2008,Alaska,AK,"Barr, Bob",Other,1589,326197
2008,Alaska,AK,"Mccain, John",Republican,193841,326197
2008,Alaska,AK,"Nader, Ralph",Other,3783,326197
2008,Alaska,AK,"Obama, Barack H.",Democrat,123594,326197
2008,Alaska,AK,NA,Other,1730,326197
2008,Arizona,AZ,"Barr, Bob",Other,12555,2293475
2008,Arizona,AZ,"Mccain, John",Republican,1230111,2293475
2008,Arizona,AZ,"Mckinney, Cynthia",Other,3406,2293475
2008,Arizona,AZ,"Nader, Ralph",Other,11301,2293475
2008,Arizona,AZ,"Obama, Barack H.",Democrat,1034707,2293475
2008,Arizona,AZ,NA,Other,1395,2293475
2008,Arkansas,AR,"Baldwin, Charles """"Chuck""""",Other,4023,1086617
2008,Arkansas,AR,"Barr, Bob",Other,4776,1086617
2008,Arkansas,AR,"La Riva, Gloria Estella",Other,1139,1086617
2008,Arkansas,AR,"Mccain, John",Republican,638017,1086617
2008,Arkansas,AR,"Mckinney, Cynthia",Other,3470,1086617
2008,Arkansas,AR,"Nader, Ralph",Other,12882,1086617
2008,Arkansas,AR,"Obama, Barack H.",Democrat,422310,1086617
2008,California,CA,"Barr, Bob",Other,67582,13561900
2008,California,CA,"Keyes, Alan",Other,40673,13561900
2008,California,CA,"Mccain, John",Republican,5011781,13561900
2008,California,CA,"Mckinney, Cynthia",Other,38774,13561900
2008,California,CA,"Nader, Ralph",Other,108381,13561900
2008,California,CA,"Obama, Barack H.",Democrat,8274473,13561900
2008,California,CA,NA,Other,20236,13561900
2008,Colorado,CO,"Allen, Jonathan",Other,348,2401361
2008,Colorado,CO,"Amondson, Gene",Other,85,2401361
2008,Colorado,CO,"Baldwin, Charles """"Chuck""""",Other,6233,2401361
2008,Colorado,CO,"Barr, Bob",Other,10897,2401361
2008,Colorado,CO,"Harris, James",Other,154,2401361
2008,Colorado,CO,"Jay, Charles",Other,598,2401361
2008,Colorado,CO,"Keyes, Alan",Other,3051,2401361
2008,Colorado,CO,"La Riva, Gloria Estella",Other,158,2401361
2008,Colorado,CO,"Lyttle, Bradford",Other,110,2401361
2008,Colorado,CO,"Mccain, John",Republican,1073589,2401361
2008,Colorado,CO,"Mcenulty, Frank",Other,828,2401361
2008,Colorado,CO,"Mckinney, Cynthia",Other,2822,2401361
2008,Colorado,CO,"Moore, Brian",Other,226,2401361
2008,Colorado,CO,"Nader, Ralph",Other,13350,2401361
2008,Colorado,CO,"Obama, Barack H.",Democrat,1288576,2401361
2008,Colorado,CO,"Stevens, Thomas R.",Other,336,2401361
2008,Connecticut,CT,"Mccain, John",Republican,629428,1646792
2008,Connecticut,CT,"Nader, Ralph",Other,19162,1646792
2008,Connecticut,CT,"Obama, Barack H.",Democrat,997772,1646792
2008,Connecticut,CT,NA,Other,430,1646792
2008,Delaware,DE,"Baldwin, Charles """"Chuck""""",Other,626,412412
2008,Delaware,DE,"Barr, Bob",Other,1109,412412
2008,Delaware,DE,"Calero, Roger",Other,58,412412
2008,Delaware,DE,"Mccain, John",Republican,152374,412412
2008,Delaware,DE,"Mckinney, Cynthia",Other,385,412412
2008,Delaware,DE,"Nader, Ralph",Other,2401,412412
2008,Delaware,DE,"Obama, Barack H.",Democrat,255459,412412
2008,District Of Columbia,DC,"Mccain, John",Republican,17367,265853
2008,District Of Columbia,DC,"Mckinney, Cynthia",Other,590,265853
2008,District Of Columbia,DC,"Nader, Ralph",Other,958,265853
2008,District Of Columbia,DC,"Obama, Barack H.",Democrat,245800,265853
2008,District Of Columbia,DC,NA,Other,1138,265853
2008,Florida,FL,"Amondson, Gene",Other,293,8390744
2008,Florida,FL,"Baldwin, Charles """"Chuck""""",Other,7915,8390744
2008,Florida,FL,"Barr, Bob",Other,17218,8390744
2008,Florida,FL,"Calero, Roger",Other,533,8390744
2008,Florida,FL,"Jay, Charles",Other,795,8390744
2008,Florida,FL,"Keyes, Alan",Other,2550,8390744
2008,Florida,FL,"La Riva, Gloria Estella",Other,1516,8390744
2008,Florida,FL,"Mccain, John",Republican,4045624,8390744
2008,Florida,FL,"Mckinney, Cynthia",Other,2887,8390744
2008,Florida,FL,"Moore, Brian",Other,405,8390744
2008,Florida,FL,"Nader, Ralph",Other,28124,8390744
2008,Florida,FL,"Obama, Barack H.",Democrat,4282074,8390744
2008,Florida,FL,"Stevens, Thomas R.",Other,419,8390744
2008,Florida,FL,NA,Other,391,8390744
2008,Georgia,GA,"Barr, Bob",Other,28731,3924486
2008,Georgia,GA,"Mccain, John",Republican,2048759,3924486
2008,Georgia,GA,"Obama, Barack H.",Democrat,1844123,3924486
2008,Georgia,GA,NA,Other,1715,3924486
2008,Georgia,GA,NA,Other,1158,3924486
2008,Hawaii,HI,"Baldwin, Charles """"Chuck""""",Other,1013,456064
2008,Hawaii,HI,"Barr, Bob",Other,1314,456064
2008,Hawaii,HI,Blank Vote,Other,2193,456064
2008,Hawaii,HI,"Mccain, John",Republican,120566,456064
2008,Hawaii,HI,"Mckinney, Cynthia",Other,979,456064
2008,Hawaii,HI,"Nader, Ralph",Other,3825,456064
2008,Hawaii,HI,"Obama, Barack H.",Democrat,325871,456064
2008,Hawaii,HI,Over Vote,Other,303,456064
2008,Idaho,ID,"Baldwin, Charles """"Chuck""""",Other,4747,655122
2008,Idaho,ID,"Barr, Bob",Other,3658,655122
2008,Idaho,ID,"Mccain, John",Republican,403012,655122
2008,Idaho,ID,"Nader, Ralph",Other,7175,655122
2008,Idaho,ID,"Obama, Barack H.",Democrat,236440,655122
2008,Idaho,ID,NA,Other,90,655122
2008,Illinois,IL,"Baldwin, Charles """"Chuck""""",Other,8256,5522371
2008,Illinois,IL,"Barr, Bob",Other,19642,5522371
2008,Illinois,IL,"Mccain, John",Republican,2031179,5522371
2008,Illinois,IL,"Mckinney, Cynthia",Other,11838,5522371
2008,Illinois,IL,"Nader, Ralph",Other,30948,5522371
2008,Illinois,IL,"Obama, Barack H.",Democrat,3419348,5522371
2008,Illinois,IL,NA,Other,1149,5522371
2008,Illinois,IL,NA,Other,11,5522371
2008,Indiana,IN,"Barr, Bob",Other,29257,2751054
2008,Indiana,IN,"Mccain, John",Republican,1345648,2751054
2008,Indiana,IN,"Nader, Ralph",Other,909,2751054
2008,Indiana,IN,"Obama, Barack H.",Democrat,1374039,2751054
2008,Indiana,IN,NA,Other,1201,2751054
2008,Iowa,IA,"Baldwin, Charles """"Chuck""""",Other,4445,1537123
2008,Iowa,IA,"Barr, Bob",Other,4590,1537123
2008,Iowa,IA,"Harris, James",Other,292,1537123
2008,Iowa,IA,"La Riva, Gloria Estella",Other,121,1537123
2008,Iowa,IA,"Mccain, John",Republican,682379,1537123
2008,Iowa,IA,"Mckinney, Cynthia",Other,1423,1537123
2008,Iowa,IA,"Moore, Brian",Other,182,1537123
2008,Iowa,IA,"Nader, Ralph",Other,8014,1537123
2008,Iowa,IA,"Obama, Barack H.",Democrat,828940,1537123
2008,Iowa,IA,NA,Other,6737,1537123
2008,Kansas,KS,"Baldwin, Charles """"Chuck""""",Other,4148,1235872
2008,Kansas,KS,"Barr, Bob",Other,6706,1235872
2008,Kansas,KS,"Mccain, John",Republican,699655,1235872
2008,Kansas,KS,"Nader, Ralph",Other,10598,1235872
2008,Kansas,KS,"Obama, Barack H.",Democrat,514765,1235872
2008,Kentucky,KY,"Baldwin, Charles """"Chuck""""",Other,4694,1826620
2008,Kentucky,KY,"Barr, Bob",Other,5989,1826620
2008,Kentucky,KY,"Mccain, John",Republican,1048462,1826620
2008,Kentucky,KY,"Nader, Ralph",Other,15378,1826620
2008,Kentucky,KY,"Obama, Barack H.",Democrat,751985,1826620
2008,Kentucky,KY,NA,Other,112,1826620
2008,Louisiana,LA,"Amondson, Gene",Other,275,1960761
2008,Louisiana,LA,"Baldwin, Charles """"Chuck""""",Other,2581,1960761
2008,Louisiana,LA,"Harris, James",Other,735,1960761
2008,Louisiana,LA,"La Riva, Gloria Estella",Other,354,1960761
2008,Louisiana,LA,"Mccain, John",Republican,1148275,1960761
2008,Louisiana,LA,"Mckinney, Cynthia",Other,9187,1960761
2008,Louisiana,LA,"Nader, Ralph",Other,6997,1960761
2008,Louisiana,LA,"Obama, Barack H.",Democrat,782989,1960761
2008,Louisiana,LA,"Paul, Ronald """"Ron""""",Other,9368,1960761
2008,Maine,ME,"Mccain, John",Republican,295273,731163
2008,Maine,ME,"Mckinney, Cynthia",Other,2900,731163
2008,Maine,ME,"Nader, Ralph",Other,10636,731163
2008,Maine,ME,"Obama, Barack H.",Democrat,421923,731163
2008,Maine,ME,Other,Other,431,731163
2008,Maryland,MD,"Baldwin, Charles """"Chuck""""",Other,3760,2631596
2008,Maryland,MD,"Barr, Bob",Other,9842,2631596
2008,Maryland,MD,"Mccain, John",Republican,959862,2631596
2008,Maryland,MD,"Mckinney, Cynthia",Other,4747,2631596
2008,Maryland,MD,"Nader, Ralph",Other,14713,2631596
2008,Maryland,MD,"Obama, Barack H.",Democrat,1629467,2631596
2008,Maryland,MD,NA,Other,9205,2631596
2008,Massachusetts,MA,"Baldwin, Charles """"Chuck""""",Other,4971,3102995
2008,Massachusetts,MA,"Barr, Bob",Other,13189,3102995
2008,Massachusetts,MA,Blank Vote/Scattering,Other,22010,3102995
2008,Massachusetts,MA,"Mccain, John",Republican,1108854,3102995
2008,Massachusetts,MA,"Mckinney, Cynthia",Other,6550,3102995
2008,Massachusetts,MA,"Nader, Ralph",Other,28841,3102995
2008,Massachusetts,MA,"Obama, Barack H.",Democrat,1904097,3102995
2008,Massachusetts,MA,Other,Other,14483,3102995
2008,Michigan,MI,"Baldwin, Charles """"Chuck""""",Other,14685,5001596
2008,Michigan,MI,"Barr, Bob",Other,23716,5001596
2008,Michigan,MI,"Mccain, John",Republican,2048639,5001596
2008,Michigan,MI,"Mckinney, Cynthia",Other,8892,5001596
2008,Michigan,MI,"Nader, Ralph",Other,33085,5001596
2008,Michigan,MI,"Obama, Barack H.",Democrat,2872579,5001596
2008,Minnesota,MN,"Baldwin, Charles """"Chuck""""",Other,6787,2910369
2008,Minnesota,MN,"Barr, Bob",Other,9174,2910369
2008,Minnesota,MN,"Calero, Roger",Other,790,2910369
2008,Minnesota,MN,"Mccain, John",Republican,1275409,2910369
2008,Minnesota,MN,"Mckinney, Cynthia",Other,5174,2910369
2008,Minnesota,MN,"Nader, Ralph",Other,30152,2910369
2008,Minnesota,MN,"Obama, Barack H.",Democrat,1573354,2910369
2008,Minnesota,MN,NA,Other,9529,2910369
2008,Mississippi,MS,"Baldwin, Charles """"Chuck""""",Other,2551,1289865
2008,Mississippi,MS,"Barr, Bob",Other,2529,1289865
2008,Mississippi,MS,"Mccain, John",Republican,724597,1289865
2008,Mississippi,MS,"Mckinney, Cynthia",Other,1034,1289865
2008,Mississippi,MS,"Nader, Ralph",Other,4011,1289865
2008,Mississippi,MS,"Obama, Barack H.",Democrat,554662,1289865
2008,Mississippi,MS,"Weill, Ted",Other,481,1289865
2008,Missouri,MO,"Baldwin, Charles """"Chuck""""",Other,8201,2925205
2008,Missouri,MO,"Barr, Bob",Other,11386,2925205
2008,Missouri,MO,"Mccain, John",Republican,1445814,2925205
2008,Missouri,MO,"Mckinney, Cynthia",Other,80,2925205
2008,Missouri,MO,"Nader, Ralph",Other,17813,2925205
2008,Missouri,MO,"Obama, Barack H.",Democrat,1441911,2925205
2008,Montana,MT,"Barr, Bob",Other,1355,490109
2008,Montana,MT,"Mccain, John",Republican,242763,490109
2008,Montana,MT,"Nader, Ralph",Other,3686,490109
2008,Montana,MT,"Obama, Barack H.",Democrat,231667,490109
2008,Montana,MT,"Paul, Ronald """"Ron""""",Other,10638,490109
2008,Nebraska,NE,"Baldwin, Charles """"Chuck""""",Other,2972,801281
2008,Nebraska,NE,"Barr, Bob",Other,2740,801281
2008,Nebraska,NE,"Mccain, John",Republican,452979,801281
2008,Nebraska,NE,"Mckinney, Cynthia",Other,1028,801281
2008,Nebraska,NE,"Nader, Ralph",Other,5406,801281
2008,Nebraska,NE,"Obama, Barack H.",Democrat,333319,801281
2008,Nebraska,NE,NA,Other,2837,801281
2008,Nevada,NV,"Baldwin, Charles """"Chuck""""",Other,3194,967848
2008,Nevada,NV,"Barr, Bob",Other,4263,967848
2008,Nevada,NV,"Mccain, John",Republican,412827,967848
2008,Nevada,NV,"Mckinney, Cynthia",Other,1411,967848
2008,Nevada,NV,"Nader, Ralph",Other,6150,967848
2008,Nevada,NV,None Of These Candidates,Other,6267,967848
2008,Nevada,NV,"Obama, Barack H.",Democrat,533736,967848
2008,New Hampshire,NH,"Barr, Bob",Other,2748,710970
2008,New Hampshire,NH,"Mccain, John",Republican,316534,710970
2008,New Hampshire,NH,"Nader, Ralph",Other,3503,710970
2008,New Hampshire,NH,"Obama, Barack H.",Democrat,384826,710970
2008,New Hampshire,NH,NA,Other,3359,710970
2008,New Jersey,NJ,"Baldwin, Charles """"Chuck""""",Other,3956,3868237
2008,New Jersey,NJ,"Barr, Bob",Other,8441,3868237
2008,New Jersey,NJ,"Boss, Jeffery",Other,639,3868237
2008,New Jersey,NJ,"Calero, Roger",Other,523,3868237
2008,New Jersey,NJ,"La Riva, Gloria Estella",Other,416,3868237
2008,New Jersey,NJ,"Mccain, John",Republican,1613207,3868237
2008,New Jersey,NJ,"Mckinney, Cynthia",Other,3636,3868237
2008,New Jersey,NJ,"Moore, Brian",Other,699,3868237
2008,New Jersey,NJ,"Nader, Ralph",Other,21298,3868237
2008,New Jersey,NJ,"Obama, Barack H.",Democrat,2215422,3868237
2008,New Mexico,NM,"Baldwin, Charles """"Chuck""""",Other,1597,830158
2008,New Mexico,NM,"Barr, Bob",Other,2428,830158
2008,New Mexico,NM,"Mccain, John",Republican,346832,830158
2008,New Mexico,NM,"Mckinney, Cynthia",Other,1552,830158
2008,New Mexico,NM,"Nader, Ralph",Other,5327,830158
2008,New Mexico,NM,"Obama, Barack H.",Democrat,472422,830158
2008,New York,NY,"Barr, Bob",Other,19596,7722019
2008,New York,NY,Blank Vote/Scattering,Other,84701,7722019
2008,New York,NY,"Harris, James",Other,3615,7722019
2008,New York,NY,"La Riva, Gloria Estella",Other,1639,7722019
2008,New York,NY,"Mccain, John",Republican,2418323,7722019
2008,New York,NY,"Mccain, John",Other,170475,7722019
2008,New York,NY,"Mccain, John",Other,163973,7722019
2008,New York,NY,"Mckinney, Cynthia",Other,12801,7722019
2008,New York,NY,"Nader, Ralph",Other,41249,7722019
2008,New York,NY,"Obama, Barack H.",Democrat,4645332,7722019
2008,New York,NY,"Obama, Barack H.",Other,159613,7722019
2008,New York,NY,NA,Other,702,7722019
2008,North Carolina,NC,"Barr, Bob",Other,25722,4310851
2008,North Carolina,NC,"Mccain, John",Republican,2128474,4310851
2008,North Carolina,NC,"Nader, Ralph",Other,1510,4310851
2008,North Carolina,NC,"Obama, Barack H.",Democrat,2142651,4310851
2008,North Carolina,NC,NA,Other,12494,4310851
2008,North Dakota,ND,"Baldwin, Charles """"Chuck""""",Other,1199,316621
2008,North Dakota,ND,"Barr, Bob",Other,1354,316621
2008,North Dakota,ND,"Mccain, John",Republican,168601,316621
2008,North Dakota,ND,"Nader, Ralph",Other,4189,316621
2008,North Dakota,ND,"Obama, Barack H.",Democrat,141278,316621
2008,Ohio,OH,"Baldwin, Charles """"Chuck""""",Other,12565,5708350
2008,Ohio,OH,"Barr, Bob",Other,19917,5708350
2008,Ohio,OH,"Mccain, John",Republican,2677820,5708350
2008,Ohio,OH,"Mckinney, Cynthia",Other,8518,5708350
2008,Ohio,OH,"Moore, Brian",Other,2735,5708350
2008,Ohio,OH,"Nader, Ralph",Other,46242,5708350
2008,Ohio,OH,"Obama, Barack H.",Democrat,2940044,5708350
2008,Ohio,OH,NA,Other,509,5708350
2008,Oklahoma,OK,"Mccain, John",Republican,960165,1462661
2008,Oklahoma,OK,"Obama, Barack H.",Democrat,502496,1462661
2008,Oregon,OR,"Baldwin, Charles """"Chuck""""",Other,7693,1827864
2008,Oregon,OR,"Mccain, John",Republican,738475,1827864
2008,Oregon,OR,"Mckinney, Cynthia",Other,4543,1827864
2008,Oregon,OR,"Nader, Ralph",Other,18614,1827864
2008,Oregon,OR,"Obama, Barack H.",Democrat,1037291,1827864
2008,Oregon,OR,Other,Other,13613,1827864
2008,Oregon,OR,NA,Other,7635,1827864
2008,Pennsylvania,PA,"Barr, Bob",Other,19912,6013272
2008,Pennsylvania,PA,"Mccain, John",Republican,2655885,6013272
2008,Pennsylvania,PA,"Nader, Ralph",Other,42977,6013272
2008,Pennsylvania,PA,"Obama, Barack H.",Democrat,3276363,6013272
2008,Pennsylvania,PA,Scattering,Other,8180,6013272
2008,Pennsylvania,PA,NA,Other,9955,6013272
2008,Rhode Island,RI,"Baldwin, Charles """"Chuck""""",Other,675,471766
2008,Rhode Island,RI,"Barr, Bob",Other,1382,471766
2008,Rhode Island,RI,"La Riva, Gloria Estella",Other,122,471766
2008,Rhode Island,RI,"Mccain, John",Republican,165391,471766
2008,Rhode Island,RI,"Mckinney, Cynthia",Other,797,471766
2008,Rhode Island,RI,"Nader, Ralph",Other,4829,471766
2008,Rhode Island,RI,"Obama, Barack H.",Democrat,296571,471766
2008,Rhode Island,RI,NA,Other,1999,471766
2008,South Carolina,SC,"Baldwin, Charles """"Chuck""""",Other,6827,1920969
2008,South Carolina,SC,"Barr, Bob",Other,7283,1920969
2008,South Carolina,SC,"Mccain, John",Republican,1034896,1920969
2008,South Carolina,SC,"Mckinney, Cynthia",Other,4461,1920969
2008,South Carolina,SC,"Nader, Ralph",Other,5053,1920969
2008,South Carolina,SC,"Obama, Barack H.",Democrat,862449,1920969
2008,South Dakota,SD,"Baldwin, Charles """"Chuck""""",Other,1895,381975
2008,South Dakota,SD,"Barr, Bob",Other,1835,381975
2008,South Dakota,SD,"Mccain, John",Republican,203054,381975
2008,South Dakota,SD,"Nader, Ralph",Other,4267,381975
2008,South Dakota,SD,"Obama, Barack H.",Democrat,170924,381975
2008,Tennessee,TN,"Mccain, John",Republican,1479178,2599749
2008,Tennessee,TN,"Obama, Barack H.",Democrat,1087437,2599749
2008,Tennessee,TN,NA,Other,33134,2599749
2008,Texas,TX,"Barr, Bob",Other,56116,8077795
2008,Texas,TX,"Mccain, John",Republican,4479328,8077795
2008,Texas,TX,"Nader, Ralph",Other,5751,8077795
2008,Texas,TX,"Obama, Barack H.",Democrat,3528633,8077795
2008,Texas,TX,NA,Other,7967,8077795
2008,Utah,UT,"Baldwin, Charles """"Chuck""""",Other,12012,952370
2008,Utah,UT,"Barr, Bob",Other,6966,952370
2008,Utah,UT,"La Riva, Gloria Estella",Other,262,952370
2008,Utah,UT,"Mccain, John",Republican,596030,952370
2008,Utah,UT,"Mckinney, Cynthia",Other,982,952370
2008,Utah,UT,"Nader, Ralph",Other,8416,952370
2008,Utah,UT,"Obama, Barack H.",Democrat,327670,952370
2008,Utah,UT,NA,Other,32,952370
2008,Vermont,VT,"Baldwin, Charles """"Chuck""""",Other,500,325046
2008,Vermont,VT,"Barr, Bob",Other,1067,325046
2008,Vermont,VT,"Calero, Roger",Other,150,325046
2008,Vermont,VT,"La Riva, Gloria Estella",Other,149,325046
2008,Vermont,VT,"Mccain, John",Republican,98974,325046
2008,Vermont,VT,"Moore, Brian",Other,141,325046
2008,Vermont,VT,"Nader, Ralph",Other,3339,325046
2008,Vermont,VT,"Obama, Barack H.",Democrat,219262,325046
2008,Vermont,VT,NA,Other,1464,325046
2008,Virginia,VA,"Baldwin, Charles """"Chuck""""",Other,7474,3723260
2008,Virginia,VA,"Barr, Bob",Other,11067,3723260
2008,Virginia,VA,"Mccain, John",Republican,1725005,3723260
2008,Virginia,VA,"Mckinney, Cynthia",Other,2344,3723260
2008,Virginia,VA,"Nader, Ralph",Other,11483,3723260
2008,Virginia,VA,"Obama, Barack H.",Democrat,1959532,3723260
2008,Virginia,VA,NA,Other,6355,3723260
2008,Washington,WA,"Baldwin, Charles """"Chuck""""",Other,9432,3036878
2008,Washington,WA,"Barr, Bob",Other,12728,3036878
2008,Washington,WA,"Harris, James",Other,641,3036878
2008,Washington,WA,"La Riva, Gloria Estella",Other,705,3036878
2008,Washington,WA,"Mccain, John",Republican,1229216,3036878
2008,Washington,WA,"Mckinney, Cynthia",Other,3819,3036878
2008,Washington,WA,"Nader, Ralph",Other,29489,3036878
2008,Washington,WA,"Obama, Barack H.",Democrat,1750848,3036878
2008,West Virginia,WV,"Baldwin, Charles """"Chuck""""",Other,2465,713451
2008,West Virginia,WV,"Mccain, John",Republican,397466,713451
2008,West Virginia,WV,"Mckinney, Cynthia",Other,2355,713451
2008,West Virginia,WV,"Nader, Ralph",Other,7219,713451
2008,West Virginia,WV,"Obama, Barack H.",Democrat,303857,713451
2008,West Virginia,WV,NA,Other,89,713451
2008,Wisconsin,WI,"Baldwin, Charles """"Chuck""""",Other,5072,2983417
2008,Wisconsin,WI,"Barr, Bob",Other,8858,2983417
2008,Wisconsin,WI,"La Riva, Gloria Estella",Other,237,2983417
2008,Wisconsin,WI,"Mccain, John",Republican,1262393,2983417
2008,Wisconsin,WI,"Mckinney, Cynthia",Other,4216,2983417
2008,Wisconsin,WI,"Moore, Brian",Other,540,2983417
2008,Wisconsin,WI,"Nader, Ralph",Other,17605,2983417
2008,Wisconsin,WI,"Obama, Barack H.",Democrat,1677211,2983417
2008,Wisconsin,WI,Scattering,Other,6521,2983417
2008,Wisconsin,WI,"Wamboldt, Jeffrey",Other,764,2983417
2008,Wyoming,WY,"Barr, Bob",Other,1594,254904
2008,Wyoming,WY,"Mccain, John",Republican,164958,254904
2008,Wyoming,WY,"Obama, Barack H.",Democrat,82868,254904
2008,Wyoming,WY,Over Vote,Other,246,254904
2008,Wyoming,WY,NA,Other,3717,254904
2008,Wyoming,WY,NA,Other,1521,254904
2012,Alabama,AL,"Obama, Barack H.",Democrat,795696,2074338
2012,Alabama,AL,"Romney, Mitt",Republican,1255925,2074338
2012,Alabama,AL,NA,Other,18706,2074338
2012,Alabama,AL,NA,Other,4011,2074338
2012,Alaska,AK,"Johnson, Gary",Other,7392,300495
2012,Alaska,AK,"Obama, Barack H.",Democrat,122640,300495
2012,Alaska,AK,"Romney, Mitt",Republican,164676,300495
2012,Alaska,AK,"Stein, Jill",Other,2917,300495
2012,Alaska,AK,NA,Other,2870,300495
2012,Arizona,AZ,"Johnson, Gary",Other,32100,2299254
2012,Arizona,AZ,"Obama, Barack H.",Democrat,1025232,2299254
2012,Arizona,AZ,"Romney, Mitt",Republican,1233654,2299254
2012,Arizona,AZ,"Stein, Jill",Other,7816,2299254
2012,Arizona,AZ,NA,Other,452,2299254
2012,Arkansas,AR,"Johnson, Gary",Other,16276,1069468
2012,Arkansas,AR,"La Riva, Gloria Estella",Other,1734,1069468
2012,Arkansas,AR,"Obama, Barack H.",Democrat,394409,1069468
2012,Arkansas,AR,"Romney, Mitt",Republican,647744,1069468
2012,Arkansas,AR,"Stein, Jill",Other,9305,1069468
2012,California,CA,"Barr, Roseanne",Other,53824,13038547
2012,California,CA,"Hoefling, Thomas Conrad """"Tom""""",Other,38372,13038547
2012,California,CA,"Johnson, Gary",Other,143221,13038547
2012,California,CA,"Obama, Barack H.",Democrat,7854285,13038547
2012,California,CA,"Romney, Mitt",Republican,4839958,13038547
2012,California,CA,"Stein, Jill",Other,85638,13038547
2012,California,CA,NA,Other,23249,13038547
2012,Colorado,CO,"Alexander, Stewart",Other,308,2569516
2012,Colorado,CO,"Anderson, Ross Carl """"Rocky""""",Other,1262,2569516
2012,Colorado,CO,"Barr, Roseanne",Other,5057,2569516
2012,Colorado,CO,"Goode, Virgil Hamlin, Jr.",Other,6234,2569516
2012,Colorado,CO,"Harris, James",Other,192,2569516
2012,Colorado,CO,"Hoefling, Thomas Conrad """"Tom""""",Other,679,2569516
2012,Colorado,CO,"Johnson, Gary",Other,35545,2569516
2012,Colorado,CO,"La Riva, Gloria Estella",Other,317,2569516
2012,Colorado,CO,"Miller, Merlin",Other,267,2569516
2012,Colorado,CO,"Obama, Barack H.",Democrat,1323101,2569516
2012,Colorado,CO,"Reed, Jill Ann",Other,2588,2569516
2012,Colorado,CO,"Romney, Mitt",Republican,1185243,2569516
2012,Colorado,CO,"Stein, Jill",Other,7508,2569516
2012,Colorado,CO,"Stevens, Thomas Robert """"Tom""""",Other,235,2569516
2012,Colorado,CO,"Tittle, Sheila """"Samm""""",Other,791,2569516
2012,Colorado,CO,"White, Jerry",Other,189,2569516
2012,Connecticut,CT,"Johnson, Gary",Other,12340,1558204
2012,Connecticut,CT,"Obama, Barack H.",Democrat,905083,1558204
2012,Connecticut,CT,"Romney, Mitt",Republican,634892,1558204
2012,Connecticut,CT,NA,Other,4971,1558204
2012,Connecticut,CT,NA,Other,918,1558204
2012,Delaware,DE,"Johnson, Gary",Other,3882,413890
2012,Delaware,DE,"Obama, Barack H.",Democrat,242584,413890
2012,Delaware,DE,"Romney, Mitt",Republican,165484,413890
2012,Delaware,DE,"Stein, Jill",Other,1940,413890
2012,District Of Columbia,DC,"Johnson, Gary",Other,2083,293764
2012,District Of Columbia,DC,"Obama, Barack H.",Democrat,267070,293764
2012,District Of Columbia,DC,"Romney, Mitt",Republican,21381,293764
2012,District Of Columbia,DC,"Stein, Jill",Other,2458,293764
2012,District Of Columbia,DC,NA,Other,772,293764
2012,Florida,FL,"Alexander, Stewart",Other,799,8474179
2012,Florida,FL,"Anderson, Ross Carl """"Rocky""""",Other,1754,8474179
2012,Florida,FL,"Barnett, Andre",Other,820,8474179
2012,Florida,FL,"Barr, Roseanne",Other,8154,8474179
2012,Florida,FL,"Goode, Virgil Hamlin, Jr.",Other,2607,8474179
2012,Florida,FL,"Hoefling, Thomas Conrad """"Tom""""",Other,946,8474179
2012,Florida,FL,"Johnson, Gary",Other,44726,8474179
2012,Florida,FL,"Lindsay, Peta",Other,322,8474179
2012,Florida,FL,"Obama, Barack H.",Democrat,4237756,8474179
2012,Florida,FL,"Romney, Mitt",Republican,4163447,8474179
2012,Florida,FL,"Stein, Jill",Other,8947,8474179
2012,Florida,FL,"Stevens, Thomas Robert """"Tom""""",Other,3856,8474179
2012,Florida,FL,NA,Other,45,8474179
2012,Georgia,GA,"Johnson, Gary",Other,45324,3897839
2012,Georgia,GA,"Obama, Barack H.",Democrat,1773827,3897839
2012,Georgia,GA,"Romney, Mitt",Republican,2078688,3897839
2012,Hawaii,HI,Blank Vote,Other,2227,437159
2012,Hawaii,HI,"Johnson, Gary",Other,3840,437159
2012,Hawaii,HI,"Obama, Barack H.",Democrat,306658,437159
2012,Hawaii,HI,Over Vote,Other,235,437159
2012,Hawaii,HI,"Romney, Mitt",Republican,121015,437159
2012,Hawaii,HI,"Stein, Jill",Other,3184,437159
2012,Idaho,ID,"Goode, Virgil Hamlin, Jr.",Other,2222,652274
2012,Idaho,ID,"Johnson, Gary",Other,9453,652274
2012,Idaho,ID,"Obama, Barack H.",Democrat,212787,652274
2012,Idaho,ID,"Romney, Mitt",Republican,420911,652274
2012,Idaho,ID,NA,Other,6901,652274
2012,Illinois,IL,"Johnson, Gary",Other,56229,5242014
2012,Illinois,IL,"Obama, Barack H.",Democrat,3019512,5242014
2012,Illinois,IL,"Romney, Mitt",Republican,2135216,5242014
2012,Illinois,IL,"Stein, Jill",Other,30222,5242014
2012,Illinois,IL,NA,Other,835,5242014
2012,Indiana,IN,"Johnson, Gary",Other,50111,2624534
2012,Indiana,IN,"Obama, Barack H.",Democrat,1152887,2624534
2012,Indiana,IN,"Romney, Mitt",Republican,1420543,2624534
2012,Indiana,IN,NA,Other,993,2624534
2012,Iowa,IA,"Goode, Virgil Hamlin, Jr.",Other,3038,1582180
2012,Iowa,IA,"Harris, James",Other,445,1582180
2012,Iowa,IA,"Johnson, Gary",Other,12926,1582180
2012,Iowa,IA,"La Riva, Gloria Estella",Other,372,1582180
2012,Iowa,IA,"Obama, Barack H.",Democrat,822544,1582180
2012,Iowa,IA,"Romney, Mitt",Republican,730617,1582180
2012,Iowa,IA,"Stein, Jill",Other,3769,1582180
2012,Iowa,IA,NA,Other,7442,1582180
2012,Iowa,IA,NA,Other,1027,1582180
2012,Kansas,KS,"Baldwin, Charles """"Chuck""""",Other,5017,1159971
2012,Kansas,KS,"Johnson, Gary",Other,20456,1159971
2012,Kansas,KS,"Obama, Barack H.",Democrat,440726,1159971
2012,Kansas,KS,"Romney, Mitt",Republican,692634,1159971
2012,Kansas,KS,NA,Other,1138,1159971
2012,Kentucky,KY,"Johnson, Gary",Other,17063,1797212
2012,Kentucky,KY,"Obama, Barack H.",Democrat,679370,1797212
2012,Kentucky,KY,"Romney, Mitt",Republican,1087190,1797212
2012,Kentucky,KY,"Stein, Jill",Other,6337,1797212
2012,Kentucky,KY,"Terry, Randall",Other,6872,1797212
2012,Kentucky,KY,NA,Other,380,1797212
2012,Louisiana,LA,"Anderson, Ross Carl """"Rocky""""",Other,1368,1994065
2012,Louisiana,LA,"Fellure, Lowell Jackson """"Jack""""",Other,518,1994065
2012,Louisiana,LA,"Goode, Virgil Hamlin, Jr.",Other,2508,1994065
2012,Louisiana,LA,"Harris, James",Other,389,1994065
2012,Louisiana,LA,"Johnson, Gary",Other,18157,1994065
2012,Louisiana,LA,"Lindsay, Peta",Other,622,1994065
2012,Louisiana,LA,"Obama, Barack H.",Democrat,809141,1994065
2012,Louisiana,LA,"Romney, Mitt",Republican,1152262,1994065
2012,Louisiana,LA,"Stein, Jill",Other,6978,1994065
2012,Louisiana,LA,"Tittle, Sheila """"Samm""""",Other,1767,1994065
2012,Louisiana,LA,"White, Jerome """"Jerry""""",Other,355,1994065
2012,Maine,ME,Blank Vote,Other,11578,724758
2012,Maine,ME,"Johnson, Gary",Other,9352,724758
2012,Maine,ME,"Obama, Barack H.",Democrat,401306,724758
2012,Maine,ME,"Romney, Mitt",Republican,292276,724758
2012,Maine,ME,"Stein, Jill",Other,8119,724758
2012,Maine,ME,NA,Other,2127,724758
2012,Maryland,MD,"Johnson, Gary",Other,30195,2707327
2012,Maryland,MD,"Obama, Barack H.",Democrat,1677844,2707327
2012,Maryland,MD,"Romney, Mitt",Republican,971869,2707327
2012,Maryland,MD,"Stein, Jill",Other,17110,2707327
2012,Maryland,MD,NA,Other,10309,2707327
2012,Massachusetts,MA,Blank Vote/Scattering,Other,16429,3184196
2012,Massachusetts,MA,"Johnson, Gary",Other,30920,3184196
2012,Massachusetts,MA,"Obama, Barack H.",Democrat,1921290,3184196
2012,Massachusetts,MA,Other,Other,6552,3184196
2012,Massachusetts,MA,"Romney, Mitt",Republican,1188314,3184196
2012,Massachusetts,MA,"Stein, Jill",Other,20691,3184196
2012,Michigan,MI,"Anderson, Ross Carl """"Rocky""""",Other,5147,4730961
2012,Michigan,MI,"Goode, Virgil Hamlin, Jr.",Other,16119,4730961
2012,Michigan,MI,"Obama, Barack H.",Democrat,2564569,4730961
2012,Michigan,MI,"Romney, Mitt",Republican,2115256,4730961
2012,Michigan,MI,"Stein, Jill",Other,21897,4730961
2012,Michigan,MI,NA,Other,7973,4730961
2012,Minnesota,MN,"Anderson, Ross Carl """"Rocky""""",Other,1996,2936561
2012,Minnesota,MN,"Carlson, Jim",Other,3149,2936561
2012,Minnesota,MN,"Goode, Virgil Hamlin, Jr.",Other,3722,2936561
2012,Minnesota,MN,"Harris, James",Other,1051,2936561
2012,Minnesota,MN,"Johnson, Gary",Other,35098,2936561
2012,Minnesota,MN,"Lindsay, Peta",Other,397,2936561
2012,Minnesota,MN,"Morstad, Dean",Other,1092,2936561
2012,Minnesota,MN,"Obama, Barack H.",Democrat,1546167,2936561
2012,Minnesota,MN,"Romney, Mitt",Republican,1320225,2936561
2012,Minnesota,MN,"Stein, Jill",Other,13023,2936561
2012,Minnesota,MN,NA,Other,10641,2936561
2012,Mississippi,MS,"Goode, Virgil Hamlin, Jr.",Other,2609,1285584
2012,Mississippi,MS,"Johnson, Gary",Other,6676,1285584
2012,Mississippi,MS,"Obama, Barack H.",Democrat,562949,1285584
2012,Mississippi,MS,"Romney, Mitt",Republican,710746,1285584
2012,Mississippi,MS,"Stein, Jill",Other,1588,1285584
2012,Mississippi,MS,"Washer, Barbara Dale",Other,1016,1285584
2012,Missouri,MO,"Goode, Virgil Hamlin, Jr.",Other,7936,2757323
2012,Missouri,MO,"Johnson, Gary",Other,43151,2757323
2012,Missouri,MO,"Obama, Barack H.",Democrat,1223796,2757323
2012,Missouri,MO,"Romney, Mitt",Republican,1482440,2757323
2012,Montana,MT,"Johnson, Gary",Other,14165,484048
2012,Montana,MT,"Obama, Barack H.",Democrat,201839,484048
2012,Montana,MT,"Romney, Mitt",Republican,267928,484048
2012,Montana,MT,NA,Other,116,484048
2012,Nebraska,NE,"Johnson, Gary",Other,11109,794379
2012,Nebraska,NE,"Obama, Barack H.",Democrat,302081,794379
2012,Nebraska,NE,"Romney, Mitt",Republican,475064,794379
2012,Nebraska,NE,NA,Other,3717,794379
2012,Nebraska,NE,NA,Other,2408,794379
2012,Nevada,NV,"Goode, Virgil Hamlin, Jr.",Other,3240,1014918
2012,Nevada,NV,"Johnson, Gary",Other,10968,1014918
2012,Nevada,NV,None Of These Candidates,Other,5770,1014918
2012,Nevada,NV,"Obama, Barack H.",Democrat,531373,1014918
2012,Nevada,NV,"Romney, Mitt",Republican,463567,1014918
2012,New Hampshire,NH,"Goode, Virgil Hamlin, Jr.",Other,708,710972
2012,New Hampshire,NH,"Johnson, Gary",Other,8212,710972
2012,New Hampshire,NH,"Obama, Barack H.",Democrat,369561,710972
2012,New Hampshire,NH,"Romney, Mitt",Republican,329918,710972
2012,New Hampshire,NH,Scattering,Other,875,710972
2012,New Hampshire,NH,NA,Other,1698,710972
2012,New Jersey,NJ,"Anderson, Ross Carl """"Rocky""""",Other,1723,3638499
2012,New Jersey,NJ,"Boss, Jeffery",Other,1024,3638499
2012,New Jersey,NJ,"Goode, Virgil Hamlin, Jr.",Other,2063,3638499
2012,New Jersey,NJ,"Harris, James",Other,709,3638499
2012,New Jersey,NJ,"Johnson, Gary",Other,21035,3638499
2012,New Jersey,NJ,"Lindsay, Peta",Other,521,3638499
2012,New Jersey,NJ,"Miller, Merlin",Other,664,3638499
2012,New Jersey,NJ,"Obama, Barack H.",Democrat,2122786,3638499
2012,New Jersey,NJ,"Romney, Mitt",Republican,1478088,3638499
2012,New Jersey,NJ,"Stein, Jill",Other,9886,3638499
2012,New Mexico,NM,"Goode, Virgil Hamlin, Jr.",Other,982,783758
2012,New Mexico,NM,"Johnson, Gary",Other,27788,783758
2012,New Mexico,NM,"Obama, Barack H.",Democrat,415335,783758
2012,New Mexico,NM,"Romney, Mitt",Republican,335788,783758
2012,New Mexico,NM,"Stein, Jill",Other,2691,783758
2012,New Mexico,NM,NA,Other,1174,783758
2012,New York,NY,Blank Vote/Void Vote/Scattering,Other,63881,7116784
2012,New York,NY,"Goode, Virgil Hamlin, Jr.",Other,6270,7116784
2012,New York,NY,"Johnson, Gary",Other,47092,7116784
2012,New York,NY,"Lindsay, Peta",Other,2039,7116784
2012,New York,NY,"Obama, Barack H.",Democrat,4324228,7116784
2012,New York,NY,"Obama, Barack H.",Other,147643,7116784
2012,New York,NY,"Romney, Mitt",Republican,2223397,7116784
2012,New York,NY,"Romney, Mitt",Other,262035,7116784
2012,New York,NY,"Stein, Jill",Other,39856,7116784
2012,New York,NY,NA,Other,343,7116784
2012,North Carolina,NC,"Johnson, Gary",Other,44515,4505372
2012,North Carolina,NC,"Obama, Barack H.",Democrat,2178391,4505372
2012,North Carolina,NC,"Romney, Mitt",Republican,2270395,4505372
2012,North Carolina,NC,NA,Other,12071,4505372
2012,North Dakota,ND,"Goode, Virgil Hamlin, Jr.",Other,1186,322932
2012,North Dakota,ND,"Johnson, Gary",Other,5238,322932
2012,North Dakota,ND,"Obama, Barack H.",Democrat,124966,322932
2012,North Dakota,ND,"Romney, Mitt",Republican,188320,322932
2012,North Dakota,ND,"Stein, Jill",Other,1362,322932
2012,North Dakota,ND,NA,Other,1860,322932
2012,Ohio,OH,"Alexander, Stewart",Other,2967,5580822
2012,Ohio,OH,"Duncan, Richard",Other,12502,5580822
2012,Ohio,OH,"Goode, Virgil Hamlin, Jr.",Other,8151,5580822
2012,Ohio,OH,"Johnson, Gary",Other,49493,5580822
2012,Ohio,OH,"Obama, Barack H.",Democrat,2827621,5580822
2012,Ohio,OH,"Romney, Mitt",Republican,2661407,5580822
2012,Ohio,OH,"Stein, Jill",Other,18574,5580822
2012,Ohio,OH,NA,Other,107,5580822
2012,Oklahoma,OK,"Obama, Barack H.",Democrat,443547,1334872
2012,Oklahoma,OK,"Romney, Mitt",Republican,891325,1334872
2012,Oregon,OR,"Anderson, Ross Carl """"Rocky""""",Other,3384,1789270
2012,Oregon,OR,"Christensen, Will",Other,4432,1789270
2012,Oregon,OR,"Johnson, Gary",Other,24089,1789270
2012,Oregon,OR,"Obama, Barack H.",Democrat,970488,1789270
2012,Oregon,OR,Other,Other,13275,1789270
2012,Oregon,OR,"Romney, Mitt",Republican,754175,1789270
2012,Oregon,OR,"Stein, Jill",Other,19427,1789270
2012,Pennsylvania,PA,"Johnson, Gary",Other,49991,5742040
2012,Pennsylvania,PA,"Obama, Barack H.",Democrat,2990274,5742040
2012,Pennsylvania,PA,"Romney, Mitt",Republican,2680434,5742040
2012,Pennsylvania,PA,"Stein, Jill",Other,21341,5742040
2012,Rhode Island,RI,"Anderson, Ross Carl """"Rocky""""",Other,416,446049
2012,Rhode Island,RI,"Goode, Virgil Hamlin, Jr.",Other,430,446049
2012,Rhode Island,RI,"Johnson, Gary",Other,4388,446049
2012,Rhode Island,RI,"Lindsay, Peta",Other,132,446049
2012,Rhode Island,RI,"Obama, Barack H.",Democrat,279677,446049
2012,Rhode Island,RI,"Romney, Mitt",Republican,157204,446049
2012,Rhode Island,RI,"Stein, Jill",Other,2421,446049
2012,Rhode Island,RI,NA,Other,1381,446049
2012,South Carolina,SC,"Goode, Virgil Hamlin, Jr.",Other,4765,1964118
2012,South Carolina,SC,"Johnson, Gary",Other,16321,1964118
2012,South Carolina,SC,"Obama, Barack H.",Democrat,865941,1964118
2012,South Carolina,SC,"Romney, Mitt",Republican,1071645,1964118
2012,South Carolina,SC,"Stein, Jill",Other,5446,1964118
2012,South Dakota,SD,"Goode, Virgil Hamlin, Jr.",Other,2371,363815
2012,South Dakota,SD,"Johnson, Gary",Other,5795,363815
2012,South Dakota,SD,"Obama, Barack H.",Democrat,145039,363815
2012,South Dakota,SD,"Romney, Mitt",Republican,210610,363815
2012,Tennessee,TN,"Goode, Virgil Hamlin, Jr.",Other,6022,2458577
2012,Tennessee,TN,"Obama, Barack H.",Democrat,960709,2458577
2012,Tennessee,TN,"Romney, Mitt",Republican,1462330,2458577
2012,Tennessee,TN,"Stein, Jill",Other,6515,2458577
2012,Tennessee,TN,NA,Other,23001,2458577
2012,Texas,TX,"Johnson, Gary",Other,88580,7993851
2012,Texas,TX,"Obama, Barack H.",Democrat,3308124,7993851
2012,Texas,TX,"Romney, Mitt",Republican,4569843,7993851
2012,Texas,TX,"Stein, Jill",Other,24657,7993851
2012,Texas,TX,NA,Other,2647,7993851
2012,Utah,UT,"Anderson, Ross Carl """"Rocky""""",Other,5335,1017440
2012,Utah,UT,"Goode, Virgil Hamlin, Jr.",Other,2871,1017440
2012,Utah,UT,"Johnson, Gary",Other,12572,1017440
2012,Utah,UT,"Obama, Barack H.",Democrat,251813,1017440
2012,Utah,UT,"Romney, Mitt",Republican,740600,1017440
2012,Utah,UT,"Stein, Jill",Other,3817,1017440
2012,Utah,UT,NA,Other,393,1017440
2012,Utah,UT,NA,Other,39,1017440
2012,Vermont,VT,"Anderson, Ross Carl """"Rocky""""",Other,1128,299290
2012,Vermont,VT,"Johnson, Gary",Other,3487,299290
2012,Vermont,VT,"Lindsay, Peta",Other,695,299290
2012,Vermont,VT,"Obama, Barack H.",Democrat,199239,299290
2012,Vermont,VT,"Romney, Mitt",Republican,92698,299290
2012,Vermont,VT,NA,Other,2043,299290
2012,Virginia,VA,"Goode, Virgil Hamlin, Jr.",Other,13058,3854489
2012,Virginia,VA,"Johnson, Gary",Other,31216,3854489
2012,Virginia,VA,"Obama, Barack H.",Democrat,1971820,3854489
2012,Virginia,VA,"Romney, Mitt",Republican,1822522,3854489
2012,Virginia,VA,"Stein, Jill",Other,8627,3854489
2012,Virginia,VA,NA,Other,7246,3854489
2012,Washington,WA,"Anderson, Ross Carl """"Rocky""""",Other,4946,3125516
2012,Washington,WA,"Goode, Virgil Hamlin, Jr.",Other,8851,3125516
2012,Washington,WA,"Harris, James",Other,1205,3125516
2012,Washington,WA,"Johnson, Gary",Other,42202,3125516
2012,Washington,WA,"Lindsay, Peta",Other,1318,3125516
2012,Washington,WA,"Obama, Barack H.",Democrat,1755396,3125516
2012,Washington,WA,"Romney, Mitt",Republican,1290670,3125516
2012,Washington,WA,"Stein, Jill",Other,20928,3125516
2012,West Virginia,WV,"Johnson, Gary",Other,6302,670438
2012,West Virginia,WV,"Obama, Barack H.",Democrat,238269,670438
2012,West Virginia,WV,"Romney, Mitt",Republican,417655,670438
2012,West Virginia,WV,"Stein, Jill",Other,4406,670438
2012,West Virginia,WV,NA,Other,3806,670438
2012,Wisconsin,WI,"Goode, Virgil Hamlin, Jr.",Other,4930,3071434
2012,Wisconsin,WI,"Obama, Barack H.",Democrat,1620985,3071434
2012,Wisconsin,WI,"Romney, Mitt",Republican,1410966,3071434
2012,Wisconsin,WI,Scattering,Other,5170,3071434
2012,Wisconsin,WI,NA,Other,29383,3071434
2012,Wyoming,WY,Blank Vote,Other,1367,250701
2012,Wyoming,WY,"Goode, Virgil Hamlin, Jr.",Other,1452,250701
2012,Wyoming,WY,"Johnson, Gary",Other,5326,250701
2012,Wyoming,WY,"Obama, Barack H.",Democrat,69286,250701
2012,Wyoming,WY,Over Vote,Other,273,250701
2012,Wyoming,WY,"Romney, Mitt",Republican,170962,250701
2012,Wyoming,WY,NA,Other,2035,250701
2016,Alabama,AL,"Clinton, Hillary",Democrat,729547,2123372
2016,Alabama,AL,"Johnson, Gary",Other,44467,2123372
2016,Alabama,AL,"Stein, Jill",Other,9391,2123372
2016,Alabama,AL,"Trump, Donald J.",Republican,1318255,2123372
2016,Alabama,AL,NA,Other,21712,2123372
2016,Alaska,AK,"Castle, Darrell L.",Other,3866,318608
2016,Alaska,AK,"Clinton, Hillary",Democrat,116454,318608
2016,Alaska,AK,"De La Fuente, Roque """"Rocky""""",Other,1240,318608
2016,Alaska,AK,"Johnson, Gary",Other,18725,318608
2016,Alaska,AK,"Stein, Jill",Other,5735,318608
2016,Alaska,AK,"Trump, Donald J.",Republican,163387,318608
2016,Alaska,AK,NA,Other,9201,318608
2016,Arizona,AZ,"Castle, Darrell L.",Other,1058,2573165
2016,Arizona,AZ,"Clinton, Hillary",Democrat,1161167,2573165
2016,Arizona,AZ,"De La Fuente, Roque """"Rocky""""",Other,29,2573165
2016,Arizona,AZ,"Johnson, Gary",Other,106327,2573165
2016,Arizona,AZ,"Stein, Jill",Other,34345,2573165
2016,Arizona,AZ,"Tittle, Sheila """"Samm""""",Other,12,2573165
2016,Arizona,AZ,"Trump, Donald J.",Republican,1252401,2573165
2016,Arizona,AZ,NA,Other,17473,2573165
2016,Arizona,AZ,NA,Other,311,2573165
2016,Arizona,AZ,NA,Democrat,42,2573165
2016,Arkansas,AR,"Castle, Darrell L.",Other,4613,1130635
2016,Arkansas,AR,"Clinton, Hillary",Democrat,380494,1130635
2016,Arkansas,AR,"Hedges, Jim",Other,4709,1130635
2016,Arkansas,AR,"Johnson, Gary",Other,29829,1130635
2016,Arkansas,AR,"Kahn, Lynn S.",Other,3390,1130635
2016,Arkansas,AR,"Mcmullin, Evan",Other,13255,1130635
2016,Arkansas,AR,"Stein, Jill",Other,9473,1130635
2016,Arkansas,AR,"Trump, Donald J.",Republican,684872,1130635
2016,California,CA,"Clinton, Hillary",Democrat,8753788,14181595
2016,California,CA,"Johnson, Gary",Other,478500,14181595
2016,California,CA,"La Riva, Gloria Estella",Other,66101,14181595
2016,California,CA,"Stein, Jill",Other,278657,14181595
2016,California,CA,"Trump, Donald J.",Republican,4483810,14181595
2016,California,CA,NA,Other,120739,14181595
2016,Colorado,CO,"Atwood, Frank",Other,337,2780220
2016,Colorado,CO,"Castle, Darrell L.",Other,11699,2780220
2016,Colorado,CO,"Clinton, Hillary",Democrat,1338870,2780220
2016,Colorado,CO,"De La Fuente, Roque """"Rocky""""",Other,1255,2780220
2016,Colorado,CO,"Emidio """"Mimi"""", Soltysik",Other,271,2780220
2016,Colorado,CO,"Hedges, James",Other,185,2780220
2016,Colorado,CO,"Hoefling, Tom",Other,710,2780220
2016,Colorado,CO,"Johnson, Gary",Other,144121,2780220
2016,Colorado,CO,"Keniston, Chris",Other,5028,2780220
2016,Colorado,CO,"Kennedy, Alyson",Other,452,2780220
2016,Colorado,CO,"Kopitke, Kyle Kenley",Other,1096,2780220
2016,Colorado,CO,"Kotlikoff, Laurence",Other,392,2780220
2016,Colorado,CO,"La Riva, Gloria Estella",Other,531,2780220
2016,Colorado,CO,"Lyttle, Bradford",Other,382,2780220
2016,Colorado,CO,"Maldonado, Joseph Allen",Other,872,2780220
2016,Colorado,CO,"Maturen, Michael A.",Other,862,2780220
2016,Colorado,CO,Scattering,Other,31485,2780220
2016,Colorado,CO,"Silva, Rod",Other,751,2780220
2016,Colorado,CO,"Stein, Jill",Other,38437,2780220
2016,Colorado,CO,"Trump, Donald J.",Republican,1202484,2780220
2016,Connecticut,CT,"Clinton, Hillary",Democrat,897572,1644920
2016,Connecticut,CT,"Johnson, Gary",Other,48676,1644920
2016,Connecticut,CT,"Stein, Jill",Other,22841,1644920
2016,Connecticut,CT,"Trump, Donald J.",Republican,673215,1644920
2016,Connecticut,CT,NA,Other,2616,1644920
2016,Delaware,DE,"Clinton, Hillary",Democrat,235603,441590
2016,Delaware,DE,"Johnson, Gary",Other,14757,441590
2016,Delaware,DE,"Stein, Jill",Other,6103,441590
2016,Delaware,DE,"Trump, Donald J.",Republican,185127,441590
2016,District Of Columbia,DC,Blank Vote,Other,1064,312575
2016,District Of Columbia,DC,"Clinton, Hillary",Democrat,282830,312575
2016,District Of Columbia,DC,"Johnson, Gary",Other,4906,312575
2016,District Of Columbia,DC,Over Vote,Other,243,312575
2016,District Of Columbia,DC,"Stein, Jill",Other,4258,312575
2016,District Of Columbia,DC,"Trump, Donald J.",Republican,12723,312575
2016,District Of Columbia,DC,NA,Other,6551,312575
2016,Florida,FL,"Castle, Darrell L.",Other,16475,9420039
2016,Florida,FL,"Clinton, Hillary",Democrat,4504975,9420039
2016,Florida,FL,"De La Fuente, Roque """"Rocky""""",Other,9108,9420039
2016,Florida,FL,"Johnson, Gary",Other,207043,9420039
2016,Florida,FL,"Stein, Jill",Other,64399,9420039
2016,Florida,FL,"Trump, Donald J.",Republican,4617886,9420039
2016,Florida,FL,NA,Other,153,9420039
2016,Georgia,GA,"Clinton, Hillary",Democrat,1877963,4114732
2016,Georgia,GA,"Johnson, Gary",Other,125306,4114732
2016,Georgia,GA,"Trump, Donald J.",Republican,2089104,4114732
2016,Georgia,GA,NA,Other,22359,4114732
2016,Hawaii,HI,Blank Vote,Other,8289,437664
2016,Hawaii,HI,"Castle, Darrell L.",Other,4508,437664
2016,Hawaii,HI,"Clinton, Hillary",Democrat,266891,437664
2016,Hawaii,HI,"Johnson, Gary",Other,15954,437664
2016,Hawaii,HI,Over Vote,Other,438,437664
2016,Hawaii,HI,"Stein, Jill",Other,12737,437664
2016,Hawaii,HI,"Trump, Donald J.",Republican,128847,437664
2016,Idaho,ID,"Castle, Darrell L.",Other,2356,690255
2016,Idaho,ID,"Clinton, Hillary",Democrat,189765,690255
2016,Idaho,ID,"Johnson, Gary",Other,28331,690255
2016,Idaho,ID,"Mcmullin, Evan",Other,60748,690255
2016,Idaho,ID,"Trump, Donald J.",Republican,409055,690255
2016,Illinois,IL,"Clinton, Hillary",Democrat,3090729,5536424
2016,Illinois,IL,"Johnson, Gary",Other,209596,5536424
2016,Illinois,IL,"Stein, Jill",Other,76802,5536424
2016,Illinois,IL,"Trump, Donald J.",Republican,2146015,5536424
2016,Illinois,IL,NA,Other,13282,5536424
2016,Indiana,IN,"Castle, Darrell L.",Other,1937,2734958
2016,Indiana,IN,"Clinton, Hillary",Democrat,1033126,2734958
2016,Indiana,IN,"Emidio """"Mimi"""", Soltysik",Other,57,2734958
2016,Indiana,IN,"Johnson, Gary",Other,133993,2734958
2016,Indiana,IN,"Trump, Donald J.",Republican,1557286,2734958
2016,Indiana,IN,NA,Other,7841,2734958
2016,Indiana,IN,NA,Other,718,2734958
2016,Iowa,IA,"Castle, Darrell L.",Other,5335,1565580
2016,Iowa,IA,"Clinton, Hillary",Democrat,653669,1565580
2016,Iowa,IA,"Johnson, Gary",Other,59186,1565580
2016,Iowa,IA,"Kahn, Lynn S.",Other,2247,1565580
2016,Iowa,IA,"La Riva, Gloria Estella",Other,323,1565580
2016,Iowa,IA,"Mcmullin, Evan",Other,12366,1565580
2016,Iowa,IA,"Stein, Jill",Other,11479,1565580
2016,Iowa,IA,"Trump, Donald J.",Republican,800983,1565580
2016,Iowa,IA,"Vacek, Dan",Other,2246,1565580
2016,Iowa,IA,NA,Other,17746,1565580
2016,Kansas,KS,"Clinton, Hillary",Democrat,427005,1184402
2016,Kansas,KS,"Johnson, Gary",Other,55406,1184402
2016,Kansas,KS,"Stein, Jill",Other,23506,1184402
2016,Kansas,KS,"Trump, Donald J.",Republican,671018,1184402
2016,Kansas,KS,NA,Other,7467,1184402
2016,Kentucky,KY,"Clinton, Hillary",Democrat,628854,1924149
2016,Kentucky,KY,"De La Fuente, Roque """"Rocky""""",Other,1128,1924149
2016,Kentucky,KY,"Johnson, Gary",Other,53752,1924149
2016,Kentucky,KY,"Mcmullin, Evan",Other,22780,1924149
2016,Kentucky,KY,"Stein, Jill",Other,13913,1924149
2016,Kentucky,KY,"Trump, Donald J.",Republican,1202971,1924149
2016,Kentucky,KY,NA,Other,751,1924149
2016,Louisiana,LA,"Clinton, Hillary",Democrat,780154,2029032
2016,Louisiana,LA,"Johnson, Gary",Other,37978,2029032
2016,Louisiana,LA,Other,Other,18231,2029032
2016,Louisiana,LA,"Stein, Jill",Other,14031,2029032
2016,Louisiana,LA,"Trump, Donald J.",Republican,1178638,2029032
2016,Maine,ME,Blank Vote,Other,23965,771892
2016,Maine,ME,"Clinton, Hillary",Democrat,357735,771892
2016,Maine,ME,"Johnson, Gary",Other,38105,771892
2016,Maine,ME,"Stein, Jill",Other,14251,771892
2016,Maine,ME,"Trump, Donald J.",Republican,335593,771892
2016,Maine,ME,NA,Other,2243,771892
2016,Maryland,MD,"Clinton, Hillary",Democrat,1677928,2781446
2016,Maryland,MD,"Clinton, Hillary",Democrat,78,2781446
2016,Maryland,MD,"Johnson, Gary",Other,79605,2781446
2016,Maryland,MD,Other,Other,10921,2781446
2016,Maryland,MD,"Stein, Jill",Other,35945,2781446
2016,Maryland,MD,"Trump, Donald J.",Republican,943169,2781446
2016,Maryland,MD,"Trump, Donald J.",Republican,259,2781446
2016,Maryland,MD,NA,Other,33263,2781446
2016,Maryland,MD,NA,Other,278,2781446
2016,Massachusetts,MA,Blank Vote,Other,53775,3378821
2016,Massachusetts,MA,"Clinton, Hillary",Democrat,1995196,3378821
2016,Massachusetts,MA,"Johnson, Gary",Other,138018,3378821
2016,Massachusetts,MA,Other,Other,50488,3378821
2016,Massachusetts,MA,"Stein, Jill",Other,47661,3378821
2016,Massachusetts,MA,"Trump, Donald J.",Republican,1090893,3378821
2016,Massachusetts,MA,NA,Other,2790,3378821
2016,Michigan,MI,"Castle, Darrell L.",Other,16139,4799284
2016,Michigan,MI,"Clinton, Hillary",Democrat,2268839,4799284
2016,Michigan,MI,"Emidio """"Mimi"""", Soltysik",Other,2209,4799284
2016,Michigan,MI,"Johnson, Gary",Other,172136,4799284
2016,Michigan,MI,"Stein, Jill",Other,51463,4799284
2016,Michigan,MI,"Trump, Donald J.",Republican,2279543,4799284
2016,Michigan,MI,NA,Other,8955,4799284
2016,Minnesota,MN,"Castle, Darrell L.",Other,9456,2944782
2016,Minnesota,MN,"Clinton, Hillary",Democrat,1367705,2944782
2016,Minnesota,MN,"De La Fuente, Roque """"Rocky""""",Other,1430,2944782
2016,Minnesota,MN,"Johnson, Gary",Other,112972,2944782
2016,Minnesota,MN,"Kennedy, Alyson",Other,1671,2944782
2016,Minnesota,MN,"Mcmullin, Evan",Other,53075,2944782
2016,Minnesota,MN,"Stein, Jill",Other,36986,2944782
2016,Minnesota,MN,"Trump, Donald J.",Republican,1322949,2944782
2016,Minnesota,MN,"Vacek, Dan",Other,11291,2944782
2016,Minnesota,MN,NA,Other,27247,2944782
2016,Mississippi,MS,"Castle, Darrell L.",Other,3987,1209357
2016,Mississippi,MS,"Clinton, Hillary",Democrat,485131,1209357
2016,Mississippi,MS,"De La Fuente, Roque """"Rocky""""",Other,644,1209357
2016,Mississippi,MS,"Hedges, James",Other,715,1209357
2016,Mississippi,MS,"Johnson, Gary",Other,14435,1209357
2016,Mississippi,MS,"Stein, Jill",Other,3731,1209357
2016,Mississippi,MS,"Trump, Donald J.",Republican,700714,1209357
2016,Missouri,MO,"Castle, Darrell L.",Other,13092,2808605
2016,Missouri,MO,"Clinton, Hillary",Democrat,1071068,2808605
2016,Missouri,MO,"Johnson, Gary",Other,97359,2808605
2016,Missouri,MO,"Stein, Jill",Other,25419,2808605
2016,Missouri,MO,"Trump, Donald J.",Republican,1594511,2808605
2016,Missouri,MO,NA,Other,7156,2808605
2016,Montana,MT,"Clinton, Hillary",Democrat,177709,494526
2016,Montana,MT,"De La Fuente, Roque """"Rocky""""",Other,1570,494526
2016,Montana,MT,"Johnson, Gary",Other,28037,494526
2016,Montana,MT,"Stein, Jill",Other,7970,494526
2016,Montana,MT,"Trump, Donald J.",Republican,279240,494526
2016,Nebraska,NE,"Clinton, Hillary",Democrat,284494,844227
2016,Nebraska,NE,"Johnson, Gary",Other,38946,844227
2016,Nebraska,NE,"Stein, Jill",Other,8775,844227
2016,Nebraska,NE,"Trump, Donald J.",Republican,495961,844227
2016,Nebraska,NE,NA,Other,16051,844227
2016,Nevada,NV,"Clinton, Hillary",Democrat,539260,1125385
2016,Nevada,NV,"De La Fuente, Roque """"Rocky""""",Other,2552,1125385
2016,Nevada,NV,"Johnson, Gary",Other,37384,1125385
2016,Nevada,NV,"Kopitke, Kyle Kenley",Other,5268,1125385
2016,Nevada,NV,None Of The Above,Other,28863,1125385
2016,Nevada,NV,"Trump, Donald J.",Republican,512058,1125385
2016,New Hampshire,NH,"Clinton, Hillary",Democrat,348526,744296
2016,New Hampshire,NH,"De La Fuente, Roque """"Rocky""""",Other,678,744296
2016,New Hampshire,NH,"Johnson, Gary",Other,30777,744296
2016,New Hampshire,NH,Scattering,Other,2411,744296
2016,New Hampshire,NH,"Stein, Jill",Other,6496,744296
2016,New Hampshire,NH,"Trump, Donald J.",Republican,345790,744296
2016,New Hampshire,NH,NA,Other,9618,744296
2016,New Jersey,NJ,"Castle, Darrell L.",Other,6161,3874046
2016,New Jersey,NJ,"Clinton, Hillary",Democrat,2148278,3874046
2016,New Jersey,NJ,"De La Fuente, Roque """"Rocky""""",Other,1838,3874046
2016,New Jersey,NJ,"Johnson, Gary",Other,72477,3874046
2016,New Jersey,NJ,"Kennedy, Alyson",Other,2156,3874046
2016,New Jersey,NJ,"La Riva, Gloria Estella",Other,1682,3874046
2016,New Jersey,NJ,"Moorehead, Monica",Other,1749,3874046
2016,New Jersey,NJ,"Stein, Jill",Other,37772,3874046
2016,New Jersey,NJ,"Trump, Donald J.",Republican,1601933,3874046
2016,New Mexico,NM,"Castle, Darrell L.",Other,1514,798319
2016,New Mexico,NM,"Clinton, Hillary",Democrat,385234,798319
2016,New Mexico,NM,"De La Fuente, Roque """"Rocky""""",Other,475,798319
2016,New Mexico,NM,"Johnson, Gary",Other,74541,798319
2016,New Mexico,NM,"La Riva, Gloria Estella",Other,1184,798319
2016,New Mexico,NM,"Mcmullin, Evan",Other,5825,798319
2016,New Mexico,NM,"Stein, Jill",Other,9879,798319
2016,New Mexico,NM,"Trump, Donald J.",Republican,319667,798319
2016,New York,NY,Blank Vote,Other,77179,7802084
2016,New York,NY,"Clinton, Hillary",Democrat,4379789,7802084
2016,New York,NY,"Clinton, Hillary",Other,140041,7802084
2016,New York,NY,"Clinton, Hillary",Other,36294,7802084
2016,New York,NY,"Johnson, Gary",Other,119156,7802084
2016,New York,NY,"Johnson, Gary",Other,57442,7802084
2016,New York,NY,Scattering,Other,48447,7802084
2016,New York,NY,"Stein, Jill",Other,107934,7802084
2016,New York,NY,"Trump, Donald J.",Republican,2527142,7802084
2016,New York,NY,"Trump, Donald J.",Other,292392,7802084
2016,New York,NY,Void Vote,Other,3452,7802084
2016,New York,NY,NA,Other,12816,7802084
2016,North Carolina,NC,"Clinton, Hillary",Democrat,2189316,4741564
2016,North Carolina,NC,"Johnson, Gary",Other,130126,4741564
2016,North Carolina,NC,Scattering,Other,47386,4741564
2016,North Carolina,NC,"Trump, Donald J.",Republican,2362631,4741564
2016,North Carolina,NC,NA,Other,12105,4741564
2016,North Dakota,ND,"Castle, Darrell L.",Other,1833,344360
2016,North Dakota,ND,"Clinton, Hillary",Democrat,93758,344360
2016,North Dakota,ND,"De La Fuente, Roque """"Rocky""""",Other,364,344360
2016,North Dakota,ND,"Johnson, Gary",Other,21434,344360
2016,North Dakota,ND,"Stein, Jill",Other,3780,344360
2016,North Dakota,ND,"Trump, Donald J.",Republican,216794,344360
2016,North Dakota,ND,NA,Other,6397,344360
2016,Ohio,OH,"Clinton, Hillary",Democrat,2394164,5496487
2016,Ohio,OH,"Stein, Jill",Other,46271,5496487
2016,Ohio,OH,"Trump, Donald J.",Republican,2841005,5496487
2016,Ohio,OH,NA,Other,198733,5496487
2016,Ohio,OH,NA,Other,16314,5496487
2016,Oklahoma,OK,"Clinton, Hillary",Democrat,420375,1452992
2016,Oklahoma,OK,"Johnson, Gary",Other,83481,1452992
2016,Oklahoma,OK,"Trump, Donald J.",Republican,949136,1452992
2016,Oregon,OR,"Clinton, Hillary",Democrat,1002106,2001336
2016,Oregon,OR,"Johnson, Gary",Other,94231,2001336
2016,Oregon,OR,Other,Other,72594,2001336
2016,Oregon,OR,"Stein, Jill",Other,50002,2001336
2016,Oregon,OR,"Trump, Donald J.",Republican,782403,2001336
2016,Pennsylvania,PA,"Castle, Darrell L.",Other,21572,6115402
2016,Pennsylvania,PA,"Clinton, Hillary",Democrat,2926441,6115402
2016,Pennsylvania,PA,"Johnson, Gary",Other,146715,6115402
2016,Pennsylvania,PA,"Stein, Jill",Other,49941,6115402
2016,Pennsylvania,PA,"Trump, Donald J.",Republican,2970733,6115402
2016,Rhode Island,RI,"Clinton, Hillary",Democrat,252525,464144
2016,Rhode Island,RI,"De La Fuente, Roque """"Rocky""""",Other,671,464144
2016,Rhode Island,RI,"Johnson, Gary",Other,14746,464144
2016,Rhode Island,RI,"Stein, Jill",Other,6220,464144
2016,Rhode Island,RI,"Trump, Donald J.",Republican,180543,464144
2016,Rhode Island,RI,NA,Other,9439,464144
2016,South Carolina,SC,"Castle, Darrell L.",Other,5765,2103027
2016,South Carolina,SC,"Clinton, Hillary",Democrat,855373,2103027
2016,South Carolina,SC,"Johnson, Gary",Other,49204,2103027
2016,South Carolina,SC,"Mcmullin, Evan",Other,21016,2103027
2016,South Carolina,SC,"Skewes, Peter",Other,3246,2103027
2016,South Carolina,SC,"Stein, Jill",Other,13034,2103027
2016,South Carolina,SC,"Trump, Donald J.",Republican,1155389,2103027
2016,South Dakota,SD,"Castle, Darrell L.",Other,4064,370093
2016,South Dakota,SD,"Clinton, Hillary",Democrat,117458,370093
2016,South Dakota,SD,"Johnson, Gary",Other,20850,370093
2016,South Dakota,SD,"Trump, Donald J.",Republican,227721,370093
2016,Tennessee,TN,"Clinton, Hillary",Democrat,870695,2508027
2016,Tennessee,TN,"Trump, Donald J.",Republican,1522925,2508027
2016,Tennessee,TN,NA,Other,100618,2508027
2016,Tennessee,TN,NA,Other,13789,2508027
2016,Texas,TX,"Clinton, Hillary",Democrat,3877868,8969226
2016,Texas,TX,"Johnson, Gary",Other,283492,8969226
2016,Texas,TX,"Stein, Jill",Other,71558,8969226
2016,Texas,TX,"Trump, Donald J.",Republican,4685047,8969226
2016,Texas,TX,NA,Other,51261,8969226
2016,Utah,UT,"Castle, Darrell L.",Other,8032,1131317
2016,Utah,UT,"Clinton, Hillary",Democrat,310674,1131317
2016,Utah,UT,"Johnson, Gary",Other,39608,1131317
2016,Utah,UT,"Kopitke, Kyle Kenley",Other,2732,1131317
2016,Utah,UT,"Mcmullin, Evan",Other,255060,1131317
2016,Utah,UT,"Trump, Donald J.",Republican,515211,1131317
2016,Vermont,VT,Blank Vote,Other,4574,320467
2016,Vermont,VT,"Clinton, Hillary",Democrat,178573,320467
2016,Vermont,VT,"De La Fuente, Roque """"Rocky""""",Other,1063,320467
2016,Vermont,VT,"Johnson, Gary",Other,10078,320467
2016,Vermont,VT,"La Riva, Gloria Estella",Other,327,320467
2016,Vermont,VT,"Stein, Jill",Other,6758,320467
2016,Vermont,VT,"Trump, Donald J.",Republican,95369,320467
2016,Vermont,VT,Void Vote,Other,826,320467
2016,Vermont,VT,NA,Other,22899,320467
2016,Virginia,VA,"Clinton, Hillary",Democrat,1981473,3982752
2016,Virginia,VA,"Johnson, Gary",Other,118274,3982752
2016,Virginia,VA,"Mcmullin, Evan",Other,54054,3982752
2016,Virginia,VA,"Stein, Jill",Other,27638,3982752
2016,Virginia,VA,"Trump, Donald J.",Republican,1769443,3982752
2016,Virginia,VA,NA,Other,31870,3982752
2016,Washington,WA,"Castle, Darrell L.",Other,17623,3317019
2016,Washington,WA,"Clinton, Hillary",Democrat,1742718,3317019
2016,Washington,WA,"Johnson, Gary",Other,160879,3317019
2016,Washington,WA,"Kennedy, Alyson",Other,4307,3317019
2016,Washington,WA,"La Riva, Gloria Estella",Other,3523,3317019
2016,Washington,WA,"Stein, Jill",Other,58417,3317019
2016,Washington,WA,"Trump, Donald J.",Republican,1221747,3317019
2016,Washington,WA,NA,Other,107805,3317019
2016,West Virginia,WV,"Castle, Darrell L.",Other,3807,713051
2016,West Virginia,WV,"Clinton, Hillary",Democrat,188794,713051
2016,West Virginia,WV,"Johnson, Gary",Other,23004,713051
2016,West Virginia,WV,"Stein, Jill",Other,8075,713051
2016,West Virginia,WV,"Trump, Donald J.",Republican,489371,713051
2016,Wisconsin,WI,"Castle, Darrell L.",Other,12162,2976150
2016,Wisconsin,WI,"Clinton, Hillary",Democrat,1382536,2976150
2016,Wisconsin,WI,"De La Fuente, Roque """"Rocky""""",Other,1502,2976150
2016,Wisconsin,WI,"Johnson, Gary",Other,106674,2976150
2016,Wisconsin,WI,"Moorehead, Monica",Other,1770,2976150
2016,Wisconsin,WI,Scattering,Other,22764,2976150
2016,Wisconsin,WI,"Stein, Jill",Other,31072,2976150
2016,Wisconsin,WI,"Trump, Donald J.",Republican,1405284,2976150
2016,Wisconsin,WI,NA,Other,12386,2976150
2016,Wyoming,WY,Blank Vote,Other,2661,258788
2016,Wyoming,WY,"Castle, Darrell L.",Other,2042,258788
2016,Wyoming,WY,"Clinton, Hillary",Democrat,55973,258788
2016,Wyoming,WY,"Johnson, Gary",Other,13287,258788
2016,Wyoming,WY,Over Vote,Other,278,258788
2016,Wyoming,WY,"Trump, Donald J.",Republican,174419,258788
2016,Wyoming,WY,NA,Other,6904,258788
2016,Wyoming,WY,NA,Other,3224,258788
2020,Alabama,AL,"Biden, Joseph R. Jr",Democrat,849624,2323282
2020,Alabama,AL,"Jorgensen, Jo",Other,25176,2323282
2020,Alabama,AL,"Trump, Donald J.",Republican,1441170,2323282
2020,Alabama,AL,NA,Other,7312,2323282
2020,Alaska,AK,"Biden, Joseph R. Jr",Democrat,153778,359530
2020,Alaska,AK,"Blankenship, Don",Other,1127,359530
2020,Alaska,AK,"De La Fuente, Roque """"Rocky""""",Other,318,359530
2020,Alaska,AK,"Janos, James G. ""Jesse Ventura""",Other,2673,359530
2020,Alaska,AK,"Jorgensen, Jo",Other,8897,359530
2020,Alaska,AK,"Pierce, Brock",Other,825,359530
2020,Alaska,AK,"Trump, Donald J.",Republican,189951,359530
2020,Alaska,AK,NA,Other,1961,359530
2020,Arizona,AZ,"Biden, Joseph R. Jr",Democrat,1672143,3387326
2020,Arizona,AZ,"Boddie, R. President",Other,13,3387326
2020,Arizona,AZ,"Cummings, Daniel Clyde",Other,36,3387326
2020,Arizona,AZ,"Hawkins, Howie",Other,1557,3387326
2020,Arizona,AZ,"Jorgensen, Jo",Other,51465,3387326
2020,Arizona,AZ,"La Riva, Gloria Estella",Other,190,3387326
2020,Arizona,AZ,"Simmons, Jade",Other,236,3387326
2020,Arizona,AZ,"Trump, Donald J.",Republican,1661686,3387326
2020,Arkansas,AR,"Biden, Joseph R. Jr",Democrat,423932,1219069
2020,Arkansas,AR,"Blankenship, Don",Other,2108,1219069
2020,Arkansas,AR,"Carroll, Brian",Other,1713,1219069
2020,Arkansas,AR,"Collins, Phil",Other,2812,1219069
2020,Arkansas,AR,"De La Fuente, Roque """"Rocky""""",Other,1321,1219069
2020,Arkansas,AR,"Gammon, C. L.",Other,1475,1219069
2020,Arkansas,AR,"Hawkins, Howie",Other,2980,1219069
2020,Arkansas,AR,"Jorgensen, Jo",Other,13133,1219069
2020,Arkansas,AR,"La Riva, Gloria Estella",Other,1336,1219069
2020,Arkansas,AR,"Myers, John Richard",Other,1372,1219069
2020,Arkansas,AR,"Pierce, Brock",Other,2141,1219069
2020,Arkansas,AR,"Trump, Donald J.",Republican,760647,1219069
2020,Arkansas,AR,"West, Kanye",Other,4099,1219069
2020,California,CA,"Biden, Joseph R. Jr",Democrat,11110250,17500881
2020,California,CA,"Carroll, Brian",Other,2605,17500881
2020,California,CA,"De La Fuente, Roque """"Rocky""""",Other,60160,17500881
2020,California,CA,"Hawkins, Howie",Other,81029,17500881
2020,California,CA,"Janos, James G. ""Jesse Ventura""",Other,611,17500881
2020,California,CA,"Jorgensen, Jo",Other,187895,17500881
2020,California,CA,Joseph Kishore,Other,121,17500881
2020,California,CA,"La Riva, Gloria Estella",Other,51037,17500881
2020,California,CA,Mark Charles,Other,559,17500881
2020,California,CA,"Pierce, Brock",Other,185,17500881
2020,California,CA,"Trump, Donald J.",Republican,6006429,17500881
2020,Colorado,CO,"Biden, Joseph R. Jr",Democrat,1804352,3279980
2020,Colorado,CO,"Blankenship, Don",Other,5061,3279980
2020,Colorado,CO,"Carroll, Brian",Other,25515,3279980
2020,Colorado,CO,"Cella, Todd",Other,4,3279980
2020,Colorado,CO,"Charles, Mark",Other,2011,3279980
2020,Colorado,CO,"Collins, Phil",Other,568,3279980
2020,Colorado,CO,"De La Fuente, Roque """"Rocky""""",Other,636,3279980
2020,Colorado,CO,"Hammons, Bill",Other,2730,3279980
2020,Colorado,CO,"Hawkins, Howie",Other,8986,3279980
2020,Colorado,CO,"Hoefling, Tom",Other,24,3279980
2020,Colorado,CO,"Huber, Blake",Other,355,3279980
2020,Colorado,CO,"Hunter, Phil",Other,379,3279980
2020,Colorado,CO,"Jacob?Fambro, Princess Khadijah Maryam",Other,495,3279980
2020,Colorado,CO,"Jorgensen, Jo",Other,52460,3279980
2020,Colorado,CO,"Kennedy, Alyson",Other,354,3279980
2020,Colorado,CO,"Kishore, Joseph",Other,196,3279980
2020,Colorado,CO,"Kopitke, Kyle Kenley",Other,762,3279980
2020,Colorado,CO,"La Riva, Gloria Estella",Other,1035,3279980
2020,Colorado,CO,"Mchugh, Joe",Other,614,3279980
2020,Colorado,CO,"Pierce, Brock",Other,572,3279980
2020,Colorado,CO,"Scott, Jordan ""Cancer""",Other,175,3279980
2020,Colorado,CO,"Trump, Donald J.",Republican,1364607,3279980
2020,Colorado,CO,"West, Kanye",Other,8089,3279980
2020,Connecticut,CT,"Biden, Joseph R. Jr",Democrat,1080831,1823857
2020,Connecticut,CT,"Carroll, Brian",Other,219,1823857
2020,Connecticut,CT,"Charles, Mark",Other,11,1823857
2020,Connecticut,CT,"De La Fuente, Roque """"Rocky""""",Other,13,1823857
2020,Connecticut,CT,"Hawkins, Howie",Other,7538,1823857
2020,Connecticut,CT,"Howard, Shawn W.",Other,12,1823857
2020,Connecticut,CT,"Jorgensen, Jo",Other,20230,1823857
2020,Connecticut,CT,"Klojzy, Jeffrey J.",Other,0,1823857
2020,Connecticut,CT,"Simmons, Jade",Other,22,1823857
2020,Connecticut,CT,"Simmons, Mary Ruth Caro",Other,2,1823857
2020,Connecticut,CT,"Trump, Donald J.",Republican,714717,1823857
2020,Connecticut,CT,"Weinstein, Karynn Krill",Other,1,1823857
2020,Connecticut,CT,"Wells, Kasey",Other,6,1823857
2020,Connecticut,CT,"West, Kanye",Other,255,1823857
2020,Delaware,DE,"Ball, Dennis Andrew",Other,3,504346
2020,Delaware,DE,"Bellar, Barbara",Other,7,504346
2020,Delaware,DE,"Biden, Joseph R. Jr",Democrat,296268,504346
2020,Delaware,DE,"Boddie, R. President",Other,1,504346
2020,Delaware,DE,"Carroll, Brian",Other,87,504346
2020,Delaware,DE,"Cella, Todd",Other,2,504346
2020,Delaware,DE,"Charles, Mark",Other,8,504346
2020,Delaware,DE,"Gibson, Kathryn",Other,1,504346
2020,Delaware,DE,"Hawkins, Howie",Other,2139,504346
2020,Delaware,DE,"Hoefling, Tom",Other,1,504346
2020,Delaware,DE,"Howard, Shawn W.",Other,4,504346
2020,Delaware,DE,"Jacob?Fambro, Princess Khadijah Maryam",Other,2,504346
2020,Delaware,DE,"Jorgensen, Jo",Other,5000,504346
2020,Delaware,DE,"La Riva, Gloria Estella",Other,14,504346
2020,Delaware,DE,"Pierce, Brock",Other,5,504346
2020,Delaware,DE,"Rouse, Deborah",Other,1,504346
2020,Delaware,DE,"Simmons, Jade",Other,28,504346
2020,Delaware,DE,"Trump, Donald J.",Republican,200603,504346
2020,Delaware,DE,"Wells, Kasey",Other,1,504346
2020,Delaware,DE,"West, Kanye",Other,169,504346
2020,Delaware,DE,"Williams, Mitchell",Other,2,504346
2020,District Of Columbia,DC,"Biden, Joseph R. Jr",Democrat,317323,344356
2020,District Of Columbia,DC,"Hawkins, Howie",Other,1726,344356
2020,District Of Columbia,DC,"Jorgensen, Jo",Other,2036,344356
2020,District Of Columbia,DC,"La Riva, Gloria Estella",Other,855,344356
2020,District Of Columbia,DC,"Pierce, Brock",Other,693,344356
2020,District Of Columbia,DC,"Trump, Donald J.",Republican,18586,344356
2020,District Of Columbia,DC,NA,Other,3137,344356
2020,Florida,FL,"Biden, Joseph R. Jr",Democrat,5297045,11067456
2020,Florida,FL,"Blankenship, Don",Other,3902,11067456
2020,Florida,FL,"Carroll, Brian",Other,854,11067456
2020,Florida,FL,"De La Fuente, Roque """"Rocky""""",Other,5966,11067456
2020,Florida,FL,"Hawkins, Howie",Other,14721,11067456
2020,Florida,FL,"Howard, Shawn W.",Other,9,11067456
2020,Florida,FL,"Jorgensen, Jo",Other,70324,11067456
2020,Florida,FL,"La Riva, Gloria Estella",Other,5712,11067456
2020,Florida,FL,"Laboch, Michael",Other,1,11067456
2020,Florida,FL,"Simmons, Jade",Other,181,11067456
2020,Florida,FL,"Trump, Donald J.",Republican,5668731,11067456
2020,Florida,FL,"Walls-Windhauser, Angela",Other,2,11067456
2020,Florida,FL,"Wells, Kasey",Other,8,11067456
2020,Georgia,GA,"Bellar, Barbara",Other,10,4999960
2020,Georgia,GA,"Biden, Joseph R. Jr",Democrat,2473633,4999960
2020,Georgia,GA,"Blankenship, Don",Other,61,4999960
2020,Georgia,GA,"Boddie, R. President",Other,8,4999960
2020,Georgia,GA,"Byrne, David",Other,6,4999960
2020,Georgia,GA,"Carroll, Brian",Other,701,4999960
2020,Georgia,GA,"Charles, Mark",Other,65,4999960
2020,Georgia,GA,"Collins, Loren",Other,11,4999960
2020,Georgia,GA,"Gibson, Kathryn",Other,2,4999960
2020,Georgia,GA,"Hawkins, Howie",Other,1013,4999960
2020,Georgia,GA,"Howard, Shawn W.",Other,5,4999960
2020,Georgia,GA,"Jacob?Fambro, Princess Khadijah Maryam",Other,7,4999960
2020,Georgia,GA,"Jorgensen, Jo",Other,62229,4999960
2020,Georgia,GA,"La Riva, Gloria Estella",Other,159,4999960
2020,Georgia,GA,"Rouse, Deborah",Other,1,4999960
2020,Georgia,GA,"Sherrill, Peter",Other,8,4999960
2020,Georgia,GA,"Simmons, Jade",Other,181,4999960
2020,Georgia,GA,"Trump, Donald J.",Republican,2461854,4999960
2020,Georgia,GA,"Wells, Kasey",Other,6,4999960
2020,Hawaii,HI,"Biden, Joseph R. Jr",Democrat,366130,579784
2020,Hawaii,HI,Blank Votes,Other,4927,579784
2020,Hawaii,HI,"Blankenship, Don",Other,931,579784
2020,Hawaii,HI,"Hawkins, Howie",Other,3822,579784
2020,Hawaii,HI,"Jorgensen, Jo",Other,5539,579784
2020,Hawaii,HI,Overvotes,Other,388,579784
2020,Hawaii,HI,"Pierce, Brock",Other,1183,579784
2020,Hawaii,HI,"Trump, Donald J.",Republican,196864,579784
2020,Idaho,ID,"Biden, Joseph R. Jr",Democrat,287021,868014
2020,Idaho,ID,"Blankenship, Don",Other,1886,868014
2020,Idaho,ID,"Carroll, Brian",Other,163,868014
2020,Idaho,ID,"Cella, Todd",Other,1,868014
2020,Idaho,ID,"De La Fuente, Roque """"Rocky""""",Other,1491,868014
2020,Idaho,ID,"Franklin, Chris",Other,1,868014
2020,Idaho,ID,"Hawkins, Howie",Other,407,868014
2020,Idaho,ID,"Hoefling, Tom",Other,7,868014
2020,Idaho,ID,"Howard, Shawn W.",Other,4,868014
2020,Idaho,ID,"Jorgensen, Jo",Other,16404,868014
2020,Idaho,ID,"La Riva, Gloria Estella",Other,49,868014
2020,Idaho,ID,"Pierce, Brock",Other,2808,868014
2020,Idaho,ID,"Simmons, Jade",Other,21,868014
2020,Idaho,ID,"Trump, Donald J.",Republican,554119,868014
2020,Idaho,ID,"West, Kanye",Other,3632,868014
2020,Illinois,IL,"Bellar, Barbara",Other,7,6033743
2020,Illinois,IL,"Biden, Joseph R. Jr",Democrat,3471915,6033743
2020,Illinois,IL,"Blankenship, Don",Other,18,6033743
2020,Illinois,IL,"Carroll, Brian",Other,9548,6033743
2020,Illinois,IL,"Collins, Phil",Other,3,6033743
2020,Illinois,IL,"Farney, John",Other,84,6033743
2020,Illinois,IL,"Hawkins, Howie",Other,30494,6033743
2020,Illinois,IL,"Higgs, Jeremy",Other,1,6033743
2020,Illinois,IL,"Jorgensen, Jo",Other,66544,6033743
2020,Illinois,IL,"Kishore, Joseph",Other,5,6033743
2020,Illinois,IL,"La Riva, Gloria Estella",Other,8046,6033743
2020,Illinois,IL,Mark Charles,Other,75,6033743
2020,Illinois,IL,"Mckee, Kevin",Other,4,6033743
2020,Illinois,IL,"Rouse, Deborah",Other,1,6033743
2020,Illinois,IL,"Simmons, Jade",Other,78,6033743
2020,Illinois,IL,"Simmons, Mary Ruth Caro",Other,1,6033743
2020,Illinois,IL,"Struck, James Timothy",Other,2,6033743
2020,Illinois,IL,"Trump, Donald J.",Republican,2446891,6033743
2020,Illinois,IL,"Wells, Kasey",Other,18,6033743
2020,Illinois,IL,"Williams Jr., Andy",Other,8,6033743
2020,Indiana,IN,"Biden, Joseph R. Jr",Democrat,1242416,3033118
2020,Indiana,IN,"Carroll, Brian",Other,893,3033118
2020,Indiana,IN,"F, Randall",Other,1,3033118
2020,Indiana,IN,"Hawkins, Howie",Other,988,3033118
2020,Indiana,IN,"Howard, Shawn W.",Other,23,3033118
2020,Indiana,IN,Johnson Jr. James L.,Other,5,3033118
2020,Indiana,IN,"Jorgensen, Jo",Other,59232,3033118
2020,Indiana,IN,"Mccray, Valerie",Other,17,3033118
2020,Indiana,IN,"Rouse, Deborah",Other,4,3033118
2020,Indiana,IN,"Schriner, Joe",Other,13,3033118
2020,Indiana,IN,"Stried, Christopher",Other,2,3033118
2020,Indiana,IN,"Trump, Donald J.",Republican,1729519,3033118
2020,Indiana,IN,"Wells, Kasey",Other,1,3033118
2020,Indiana,IN,"Williams, Mitchell",Other,4,3033118
2020,Iowa,IA,"Biden, Joseph R. Jr",Democrat,759061,1700130
2020,Iowa,IA,"Blankenship, Don",Other,1707,1700130
2020,Iowa,IA,"De La Fuente, Roque """"Rocky""""",Other,1082,1700130
2020,Iowa,IA,"Hawkins, Howie",Other,3075,1700130
2020,Iowa,IA,"Jorgensen, Jo",Other,19637,1700130
2020,Iowa,IA,"King, Ricki Sue",Other,546,1700130
2020,Iowa,IA,Overvotes,Other,2645,1700130
2020,Iowa,IA,"Pierce, Brock",Other,544,1700130
2020,Iowa,IA,"Trump, Donald J.",Republican,897672,1700130
2020,Iowa,IA,Undervotes,Other,6614,1700130
2020,Iowa,IA,"West, Kanye",Other,3210,1700130
2020,Iowa,IA,NA,Other,4337,1700130
2020,Kansas,KS,"Biden, Joseph R. Jr",Democrat,570323,1372303
2020,Kansas,KS,"Jorgensen, Jo",Other,30574,1372303
2020,Kansas,KS,"Trump, Donald J.",Republican,771406,1372303
2020,Kentucky,KY,"Biden, Joseph R. Jr",Democrat,772474,2136768
2020,Kentucky,KY,"Boddie, R. President",Other,7,2136768
2020,Kentucky,KY,"Carroll, Brian",Other,408,2136768
2020,Kentucky,KY,"Charles, Mark",Other,43,2136768
2020,Kentucky,KY,"Hawkins, Howie",Other,716,2136768
2020,Kentucky,KY,"Hoefling, Tom",Other,20,2136768
2020,Kentucky,KY,"Howard, Shawn W.",Other,9,2136768
2020,Kentucky,KY,"Jorgensen, Jo",Other,26234,2136768
2020,Kentucky,KY,"La Riva, Gloria Estella",Other,98,2136768
2020,Kentucky,KY,"Pierce, Brock",Other,3599,2136768
2020,Kentucky,KY,"Simmons, Jade",Other,29,2136768
2020,Kentucky,KY,"Stevens, Timothy Allen",Other,1,2136768
2020,Kentucky,KY,"Trump, Donald J.",Republican,1326646,2136768
2020,Kentucky,KY,"Wells, Kasey",Other,1,2136768
2020,Kentucky,KY,"West, Kanye",Other,6483,2136768
2020,Louisiana,LA,"Biden, Joseph R. Jr",Democrat,856034,2148062
2020,Louisiana,LA,"Blankenship, Don",Other,860,2148062
2020,Louisiana,LA,"Boddie, R. President",Other,1125,2148062
2020,Louisiana,LA,"Carroll, Brian",Other,2497,2148062
2020,Louisiana,LA,"Hammons, Bill",Other,662,2148062
2020,Louisiana,LA,"Hoefling, Tom",Other,668,2148062
2020,Louisiana,LA,Jade Simmons,Other,1626,2148062
2020,Louisiana,LA,"Jorgensen, Jo",Other,21645,2148062
2020,Louisiana,LA,"Kennedy, Alyson",Other,536,2148062
2020,Louisiana,LA,"La Riva, Gloria Estella",Other,987,2148062
2020,Louisiana,LA,"Pierce, Brock",Other,749,2148062
2020,Louisiana,LA,"Trump, Donald J.",Republican,1255776,2148062
2020,Louisiana,LA,"West, Kanye",Other,4897,2148062
2020,Maine,ME,"Biden, Joseph R. Jr",Democrat,435072,828305
2020,Maine,ME,Blank Votes,Other,8844,828305
2020,Maine,ME,"De La Fuente, Roque """"Rocky""""",Other,1183,828305
2020,Maine,ME,"Hawkins, Howie",Other,8230,828305
2020,Maine,ME,"Jorgensen, Jo",Other,14152,828305
2020,Maine,ME,"Trump, Donald J.",Republican,360737,828305
2020,Maine,ME,NA,Other,87,828305
2020,Maryland,MD,"Ball, Dennis Andrew",Other,8,3037030
2020,Maryland,MD,"Bellar, Barbara",Other,23,3037030
2020,Maryland,MD,"Biden, Joseph R. Jr",Democrat,1985023,3037030
2020,Maryland,MD,"Boddie, R. President",Other,4,3037030
2020,Maryland,MD,"Carroll, Brian",Other,795,3037030
2020,Maryland,MD,"Cella, Todd",Other,11,3037030
2020,Maryland,MD,"Charles, Mark",Other,30,3037030
2020,Maryland,MD,"Collins, Phil",Other,10,3037030
2020,Maryland,MD,"De La Fuente, Roque """"Rocky""""",Other,26,3037030
2020,Maryland,MD,"Hawkins, Howie",Other,15799,3037030
2020,Maryland,MD,"Hoefling, Tom",Other,11,3037030
2020,Maryland,MD,"Howard, Shawn W.",Other,20,3037030
2020,Maryland,MD,"Jorgensen, Jo",Other,33488,3037030
2020,Maryland,MD,"La Riva, Gloria Estella",Other,125,3037030
2020,Maryland,MD,"Lee, Johnson",Other,1,3037030
2020,Maryland,MD,"Pierce, Brock",Other,16,3037030
2020,Maryland,MD,"Raley, Albert",Other,32,3037030
2020,Maryland,MD,"Rouse, Deborah",Other,6,3037030
2020,Maryland,MD,"Schawlb, Benjamin",Other,3,3037030
2020,Maryland,MD,"Segal, Jerome M.",Other,5884,3037030
2020,Maryland,MD,"Sherrill, Peter",Other,3,3037030
2020,Maryland,MD,"Simmons, Jade",Other,131,3037030
2020,Maryland,MD,"Trump, Donald J.",Republican,976414,3037030
2020,Maryland,MD,"Wells, Kasey",Other,5,3037030
2020,Maryland,MD,"West, Kanye",Other,1117,3037030
2020,Maryland,MD,NA,Other,18045,3037030
2020,Massachusetts,MA,"Biden, Joseph R. Jr",Democrat,2382202,3658005
2020,Massachusetts,MA,Blank Votes,Other,26603,3658005
2020,Massachusetts,MA,"Hawkins, Howie",Other,18658,3658005
2020,Massachusetts,MA,"Jorgensen, Jo",Other,47013,3658005
2020,Massachusetts,MA,"Trump, Donald J.",Republican,1167202,3658005
2020,Massachusetts,MA,NA,Other,16327,3658005
2020,Michigan,MI,"Biden, Joseph R. Jr",Democrat,2804040,5539302
2020,Michigan,MI,"Blankenship, Don",Other,7235,5539302
2020,Michigan,MI,"Carroll, Brian",Other,963,5539302
2020,Michigan,MI,"De La Fuente, Roque """"Rocky""""",Other,2986,5539302
2020,Michigan,MI,"Hawkins, Howie",Other,13718,5539302
2020,Michigan,MI,"Hoefling, Tom",Other,32,5539302
2020,Michigan,MI,"Hunter, Tara Renee",Other,1,5539302
2020,Michigan,MI,"Jorgensen, Jo",Other,60381,5539302
2020,Michigan,MI,"Simmons, Jade",Other,89,5539302
2020,Michigan,MI,"Trump, Donald J.",Republican,2649852,5539302
2020,Michigan,MI,"Wells, Kasey",Other,5,5539302
2020,Minnesota,MN,"Biden, Joseph R. Jr",Democrat,1717077,3277171
2020,Minnesota,MN,"De La Fuente, Roque """"Rocky""""",Other,5611,3277171
2020,Minnesota,MN,"Hawkins, Howie",Other,10033,3277171
2020,Minnesota,MN,"Jorgensen, Jo",Other,34976,3277171
2020,Minnesota,MN,"Kennedy, Alyson",Other,643,3277171
2020,Minnesota,MN,"La Riva, Gloria Estella",Other,1210,3277171
2020,Minnesota,MN,"Pierce, Brock",Other,5651,3277171
2020,Minnesota,MN,"Trump, Donald J.",Republican,1484065,3277171
2020,Minnesota,MN,"West, Kanye",Other,7940,3277171
2020,Minnesota,MN,NA,Other,9965,3277171
2020,Mississippi,MS,"Biden, Joseph R. Jr",Democrat,539398,1313759
2020,Mississippi,MS,"Blankenship, Don",Other,1279,1313759
2020,Mississippi,MS,"Carroll, Brian",Other,1161,1313759
2020,Mississippi,MS,"Collins, Phil",Other,1317,1313759
2020,Mississippi,MS,"Hawkins, Howie",Other,1498,1313759
2020,Mississippi,MS,"Jorgensen, Jo",Other,8026,1313759
2020,Mississippi,MS,"Pierce, Brock",Other,659,1313759
2020,Mississippi,MS,"Trump, Donald J.",Republican,756764,1313759
2020,Mississippi,MS,"West, Kanye",Other,3657,1313759
2020,Missouri,MO,"Biden, Joseph R. Jr",Democrat,1253014,3025962
2020,Missouri,MO,"Blankenship, Don",Other,3919,3025962
2020,Missouri,MO,"Carroll, Brian",Other,664,3025962
2020,Missouri,MO,"Hawkins, Howie",Other,8283,3025962
2020,Missouri,MO,"Jorgensen, Jo",Other,41205,3025962
2020,Missouri,MO,"La Riva, Gloria Estella",Other,64,3025962
2020,Missouri,MO,"Simmons, Jade",Other,74,3025962
2020,Missouri,MO,"Trump, Donald J.",Republican,1718736,3025962
2020,Missouri,MO,"Wells, Kasey",Other,3,3025962
2020,Missouri,MO,NA,Other,0,3025962
2020,Montana,MT,"Bellar, Barbara",Other,2,603674
2020,Montana,MT,"Biden, Joseph R. Jr",Democrat,244786,603674
2020,Montana,MT,"Charles, Mark",Other,23,603674
2020,Montana,MT,"Hoefling, Tom",Other,3,603674
2020,Montana,MT,"Jorgensen, Jo",Other,15252,603674
2020,Montana,MT,"Simmons, Jade",Other,6,603674
2020,Montana,MT,"Trump, Donald J.",Republican,343602,603674
2020,Nebraska,NE,"Biden, Joseph R. Jr",Democrat,374583,956383
2020,Nebraska,NE,"Jorgensen, Jo",Other,20283,956383
2020,Nebraska,NE,"Trump, Donald J.",Republican,556846,956383
2020,Nebraska,NE,NA,Other,4671,956383
2020,Nevada,NV,"Biden, Joseph R. Jr",Democrat,703486,1405376
2020,Nevada,NV,"Blankenship, Don",Other,3138,1405376
2020,Nevada,NV,"Jorgensen, Jo",Other,14783,1405376
2020,Nevada,NV,"Trump, Donald J.",Republican,669890,1405376
2020,Nevada,NV,NA,Other,14079,1405376
2020,New Hampshire,NH,"Biden, Joseph R. Jr",Democrat,424921,806182
2020,New Hampshire,NH,"Buttigieg, Pete",Other,47,806182
2020,New Hampshire,NH,"Cuomo, Andrew",Other,14,806182
2020,New Hampshire,NH,"Gabbard, Tulsi",Other,142,806182
2020,New Hampshire,NH,"Hawkins, Howie",Other,217,806182
2020,New Hampshire,NH,"Huckabee, Mike",Other,10,806182
2020,New Hampshire,NH,"Jorgensen, Jo",Other,13235,806182
2020,New Hampshire,NH,"Kasich, John",Other,67,806182
2020,New Hampshire,NH,"Klobuchar, Amy",Other,19,806182
2020,New Hampshire,NH,"Obama, Michelle",Other,10,806182
2020,New Hampshire,NH,"Paul, Ron",Other,13,806182
2020,New Hampshire,NH,"Pence, Mike",Other,56,806182
2020,New Hampshire,NH,"Rice, Condoleeza",Other,12,806182
2020,New Hampshire,NH,"Romney, Mitt",Other,170,806182
2020,New Hampshire,NH,"Sanders, Bernie",Other,192,806182
2020,New Hampshire,NH,"Shaheen, Jeanne",Other,14,806182
2020,New Hampshire,NH,"Sununu, Chris",Other,46,806182
2020,New Hampshire,NH,"Supreme, Vermin",Other,22,806182
2020,New Hampshire,NH,"Trump, Donald J.",Republican,365654,806182
2020,New Hampshire,NH,"Weld, Bill",Other,23,806182
2020,New Hampshire,NH,"West, Kanye",Other,82,806182
2020,New Hampshire,NH,"Yang, Andrew",Other,58,806182
2020,New Hampshire,NH,NA,Other,1158,806182
2020,New Jersey,NJ,"Biden, Joseph R. Jr",Democrat,2608335,4549353
2020,New Jersey,NJ,"Blankenship, Don",Other,2954,4549353
2020,New Jersey,NJ,"De La Fuente, Roque """"Rocky""""",Other,2728,4549353
2020,New Jersey,NJ,"Hammons, Bill",Other,3255,4549353
2020,New Jersey,NJ,"Hawkins, Howie",Other,14202,4549353
2020,New Jersey,NJ,"Jorgensen, Jo",Other,31677,4549353
2020,New Jersey,NJ,"La Riva, Gloria Estella",Other,2928,4549353
2020,New Jersey,NJ,"Trump, Donald J.",Republican,1883274,4549353
2020,New Mexico,NM,"Biden, Joseph R. Jr",Democrat,501614,923965
2020,New Mexico,NM,"Hawkins, Howie",Other,4426,923965
2020,New Mexico,NM,"Jorgensen, Jo",Other,12585,923965
2020,New Mexico,NM,"La Riva, Gloria Estella",Other,1640,923965
2020,New Mexico,NM,"Tittle, Sheila ""Samm""",Other,1806,923965
2020,New Mexico,NM,"Trump, Donald J.",Republican,401894,923965
2020,New York,NY,"Bellar, Barbara",Other,2,8661735
2020,New York,NY,"Biden, Joseph R. Jr",Democrat,5230985,8661735
2020,New York,NY,Blank Votes,Other,43541,8661735
2020,New York,NY,"Blankenship, Don",Other,43,8661735
2020,New York,NY,"Carroll, Brian",Other,805,8661735
2020,New York,NY,"Charles, Mark",Other,98,8661735
2020,New York,NY,"Collins, Phil",Other,9,8661735
2020,New York,NY,"De La Fuente, Roque """"Rocky""""",Other,20,8661735
2020,New York,NY,"Hawkins, Howie",Other,32753,8661735
2020,New York,NY,"Hodges, Paul",Other,13,8661735
2020,New York,NY,"Howard, Shawn W.",Other,6,8661735
2020,New York,NY,"Hunter, Dario",Other,8,8661735
2020,New York,NY,"Jorgensen, Jo",Other,60234,8661735
2020,New York,NY,"Kishore, Joseph",Other,28,8661735
2020,New York,NY,"La Riva, Gloria Estella",Other,376,8661735
2020,New York,NY,"Manimas, John",Other,2,8661735
2020,New York,NY,"Martin, David A.",Other,3,8661735
2020,New York,NY,"Montanye, Richard Charles",Other,1,8661735
2020,New York,NY,"Pierce, Brock",Other,22587,8661735
2020,New York,NY,"Simmons, Jade",Other,155,8661735
2020,New York,NY,"Trump, Donald J.",Republican,3244798,8661735
2020,New York,NY,Void,Other,23368,8661735
2020,New York,NY,"Wells, Kasey",Other,3,8661735
2020,New York,NY,"West, Kanye",Other,1897,8661735
2020,North Carolina,NC,"Biden, Joseph R. Jr",Democrat,2684292,5524802
2020,North Carolina,NC,"Blankenship, Don",Other,7549,5524802
2020,North Carolina,NC,"Hawkins, Howie",Other,12195,5524802
2020,North Carolina,NC,"Jorgensen, Jo",Other,48678,5524802
2020,North Carolina,NC,"Simmons, Jade",Other,119,5524802
2020,North Carolina,NC,"Trump, Donald J.",Republican,2758773,5524802
2020,North Carolina,NC,NA,Other,13196,5524802
2020,North Dakota,ND,"Biden, Joseph R. Jr",Democrat,114902,361819
2020,North Dakota,ND,"Jorgensen, Jo",Other,9393,361819
2020,North Dakota,ND,"Trump, Donald J.",Republican,235595,361819
2020,North Dakota,ND,NA,Other,1929,361819
2020,Ohio,OH,"Biden, Joseph R. Jr",Democrat,2679165,5922202
2020,Ohio,OH,"Boddie, R. President",Other,3,5922202
2020,Ohio,OH,"Carroll, Brian",Other,1450,5922202
2020,Ohio,OH,"Hawkins, Howie",Other,18812,5922202
2020,Ohio,OH,"Hoefling, Tom",Other,114,5922202
2020,Ohio,OH,"Hunter, Dario",Other,27,5922202
2020,Ohio,OH,"Jorgensen, Jo",Other,67569,5922202
2020,Ohio,OH,"Simmons, Jade",Other,212,5922202
2020,Ohio,OH,"Trump, Donald J.",Republican,3154834,5922202
2020,Ohio,OH,"Wells, Kasey",Other,16,5922202
2020,Oklahoma,OK,"Biden, Joseph R. Jr",Democrat,503890,1560699
2020,Oklahoma,OK,"Jorgensen, Jo",Other,24731,1560699
2020,Oklahoma,OK,"Pierce, Brock",Other,2547,1560699
2020,Oklahoma,OK,"Simmons, Jade",Other,3654,1560699
2020,Oklahoma,OK,"Trump, Donald J.",Republican,1020280,1560699
2020,Oklahoma,OK,"West, Kanye",Other,5597,1560699
2020,Oregon,OR,"Biden, Joseph R. Jr",Democrat,1340383,2374321
2020,Oregon,OR,"Hawkins, Howie",Other,11831,2374321
2020,Oregon,OR,"Hunter, Dario",Other,4988,2374321
2020,Oregon,OR,"Jorgensen, Jo",Other,41582,2374321
2020,Oregon,OR,"Trump, Donald J.",Republican,958448,2374321
2020,Oregon,OR,NA,Other,17089,2374321
2020,Pennsylvania,PA,"Biden, Joseph R. Jr",Democrat,3458229,6915283
2020,Pennsylvania,PA,"Jorgensen, Jo",Other,79380,6915283
2020,Pennsylvania,PA,"Trump, Donald J.",Republican,3377674,6915283
2020,Rhode Island,RI,"Biden, Joseph R. Jr",Democrat,307486,516990
2020,Rhode Island,RI,"De La Fuente, Roque """"Rocky""""",Other,923,516990
2020,Rhode Island,RI,"Jorgensen, Jo",Other,5053,516990
2020,Rhode Island,RI,"La Riva, Gloria Estella",Other,847,516990
2020,Rhode Island,RI,"Trump, Donald J.",Republican,199922,516990
2020,Rhode Island,RI,NA,Other,2759,516990
2020,South Carolina,SC,"Biden, Joseph R. Jr",Democrat,1091541,2514096
2020,South Carolina,SC,"Carroll, Brian",Other,767,2514096
2020,South Carolina,SC,"De La Fuente, Roque """"Rocky""""",Other,1862,2514096
2020,South Carolina,SC,"Hawkins, Howie",Other,6907,2514096
2020,South Carolina,SC,"Jorgensen, Jo",Other,27916,2514096
2020,South Carolina,SC,"Trump, Donald J.",Republican,1385103,2514096
2020,South Dakota,SD,"Biden, Joseph R. Jr",Democrat,150471,422609
2020,South Dakota,SD,"Jorgensen, Jo",Other,11095,422609
2020,South Dakota,SD,"Trump, Donald J.",Republican,261043,422609
2020,Tennessee,TN,"Biden, Joseph R. Jr",Democrat,1143711,3053851
2020,Tennessee,TN,"Blankenship, Don",Other,5365,3053851
2020,Tennessee,TN,"Boddie, R. President",Other,1,3053851
2020,Tennessee,TN,"Carroll, Brian",Other,762,3053851
2020,Tennessee,TN,"De La Fuente, Roque """"Rocky""""",Other,1860,3053851
2020,Tennessee,TN,"Hawkins, Howie",Other,4545,3053851
2020,Tennessee,TN,"Hoefling, Tom",Other,31,3053851
2020,Tennessee,TN,"Jorgensen, Jo",Other,29877,3053851
2020,Tennessee,TN,"Kennedy, Alyson",Other,2576,3053851
2020,Tennessee,TN,"La Riva, Gloria Estella",Other,2301,3053851
2020,Tennessee,TN,"Simmons, Jade",Other,68,3053851
2020,Tennessee,TN,"Trump, Donald J.",Republican,1852475,3053851
2020,Tennessee,TN,"West, Kanye",Other,10279,3053851
2020,Texas,TX,"Biden, Joseph R. Jr",Democrat,5259126,11315056
2020,Texas,TX,"Boddie, R. President",Other,2012,11315056
2020,Texas,TX,"Carroll, Brian",Other,2785,11315056
2020,Texas,TX,"Cella, Todd",Other,205,11315056
2020,Texas,TX,"Cuellar, Jesse",Other,49,11315056
2020,Texas,TX,"Hawkins, Howie",Other,33396,11315056
2020,Texas,TX,"Hoefling, Tom",Other,337,11315056
2020,Texas,TX,"Jorgensen, Jo",Other,126243,11315056
2020,Texas,TX,"La Riva, Gloria Estella",Other,350,11315056
2020,Texas,TX,"Loeb, Abram",Other,36,11315056
2020,Texas,TX,"Morrow, Robert",Other,56,11315056
2020,Texas,TX,"Trump, Donald J.",Republican,5890347,11315056
2020,Texas,TX,"Wells, Kasey",Other,114,11315056
2020,Utah,UT,"Biden, Joseph R. Jr",Democrat,560282,1488289
2020,Utah,UT,"Blankenship, Don",Other,5551,1488289
2020,Utah,UT,"Boddie, R. President",Other,6,1488289
2020,Utah,UT,"Carroll, Brian",Other,368,1488289
2020,Utah,UT,"Forbes, Katherine",Other,1,1488289
2020,Utah,UT,"Hawkins, Howie",Other,5053,1488289
2020,Utah,UT,"Hoefling, Tom",Other,51,1488289
2020,Utah,UT,"Jorgensen, Jo",Other,38447,1488289
2020,Utah,UT,"La Riva, Gloria Estella",Other,1139,1488289
2020,Utah,UT,"Mchugh, Joe",Other,2229,1488289
2020,Utah,UT,"Pierce, Brock",Other,2623,1488289
2020,Utah,UT,"Simmons, Jade",Other,186,1488289
2020,Utah,UT,"Trump, Donald J.",Republican,865140,1488289
2020,Utah,UT,"West, Kanye",Other,7213,1488289
2020,Vermont,VT,"Biden, Joseph R. Jr",Democrat,242820,370968
2020,Vermont,VT,Blank Votes,Other,3262,370968
2020,Vermont,VT,"Blankenship, Don",Other,208,370968
2020,Vermont,VT,"Carroll, Brian",Other,209,370968
2020,Vermont,VT,"Collins, Phil",Other,137,370968
2020,Vermont,VT,"De La Fuente, Roque """"Rocky""""",Other,48,370968
2020,Vermont,VT,"Duncan, Richard",Other,213,370968
2020,Vermont,VT,"Hawkins, Howie",Other,1310,370968
2020,Vermont,VT,"Huber, Blake",Other,54,370968
2020,Vermont,VT,"Jorgensen, Jo",Other,3608,370968
2020,Vermont,VT,"Kennedy, Alyson",Other,195,370968
2020,Vermont,VT,"Kopitke, Kyle Kenley",Other,53,370968
2020,Vermont,VT,"La Riva, Gloria Estella",Other,166,370968
2020,Vermont,VT,"Lafontaine, Christopher",Other,856,370968
2020,Vermont,VT,"Mccormic, Keith",Other,126,370968
2020,Vermont,VT,Overvotes,Other,278,370968
2020,Vermont,VT,"Paige, Brooke H.",Other,1175,370968
2020,Vermont,VT,"Pierce, Brock",Other,100,370968
2020,Vermont,VT,"Scalf, Zachary",Other,29,370968
2020,Vermont,VT,"Segal, Jerome M.",Other,65,370968
2020,Vermont,VT,"Swing, Gary",Other,141,370968
2020,Vermont,VT,"Trump, Donald J.",Republican,112704,370968
2020,Vermont,VT,"West, Kanye",Other,1269,370968
2020,Vermont,VT,NA,Other,1942,370968
2020,Virginia,VA,"Biden, Joseph R. Jr",Democrat,2413568,4460524
2020,Virginia,VA,"Jorgensen, Jo",Other,64761,4460524
2020,Virginia,VA,"Trump, Donald J.",Republican,1962430,4460524
2020,Virginia,VA,NA,Other,19765,4460524
2020,Washington,WA,"Biden, Joseph R. Jr",Democrat,2369612,4087631
2020,Washington,WA,"Hawkins, Howie",Other,18289,4087631
2020,Washington,WA,"Jorgensen, Jo",Other,80500,4087631
2020,Washington,WA,"Kennedy, Alyson",Other,2487,4087631
2020,Washington,WA,"La Riva, Gloria Estella",Other,4840,4087631
2020,Washington,WA,"Trump, Donald J.",Republican,1584651,4087631
2020,Washington,WA,NA,Other,27252,4087631
2020,West Virginia,WV,"Biden, Joseph R. Jr",Democrat,235984,794652
2020,West Virginia,WV,"Hawkins, Howie",Other,2599,794652
2020,West Virginia,WV,"Jorgensen, Jo",Other,10687,794652
2020,West Virginia,WV,"Trump, Donald J.",Republican,545382,794652
2020,Wisconsin,WI,"Biden, Joseph R. Jr",Democrat,1630866,3298041
2020,Wisconsin,WI,"Blankenship, Don",Other,5146,3298041
2020,Wisconsin,WI,"Boddie, R. President",Other,5,3298041
2020,Wisconsin,WI,"Carroll, Brian",Other,5259,3298041
2020,Wisconsin,WI,"Charles, Mark",Other,52,3298041
2020,Wisconsin,WI,"Hawkins, Howie",Other,1089,3298041
2020,Wisconsin,WI,"Jorgensen, Jo",Other,38491,3298041
2020,Wisconsin,WI,"La Riva, Gloria Estella",Other,110,3298041
2020,Wisconsin,WI,"Simmons, Jade",Other,36,3298041
2020,Wisconsin,WI,"Trump, Donald J.",Republican,1610184,3298041
2020,Wisconsin,WI,"Wells, Kasey",Other,25,3298041
2020,Wisconsin,WI,"West, Kanye",Other,411,3298041
2020,Wisconsin,WI,NA,Other,6367,3298041
2020,Wyoming,WY,"Biden, Joseph R. Jr",Democrat,73491,278503
2020,Wyoming,WY,"Jorgensen, Jo",Other,5768,278503
2020,Wyoming,WY,Overvotes,Other,279,278503
2020,Wyoming,WY,"Pierce, Brock",Other,2208,278503
2020,Wyoming,WY,"Trump, Donald J.",Republican,193559,278503
2020,Wyoming,WY,Undervotes,Other,1459,278503
2020,Wyoming,WY,NA,Other,1739,278503
2024,Alabama,AL,"Harris, Kamala D.",Democrat,772412,2265090
2024,Alabama,AL,"Kennedy, Robert F. Jr",Other,12075,2265090
2024,Alabama,AL,"Oliver, Chase",Other,4930,2265090
2024,Alabama,AL,"Stein, Jill",Other,4319,2265090
2024,Alabama,AL,"Trump, Donald J.",Republican,1462616,2265090
2024,Alabama,AL,Write-In,Other,8738,2265090
2024,Alaska,AK,"Harris, Kamala D.",Democrat,140026,338177
2024,Alaska,AK,"Kennedy, Robert F. Jr",Other,5670,338177
2024,Alaska,AK,"Oliver, Chase",Other,3040,338177
2024,Alaska,AK,"Sonski, Peter",Other,702,338177
2024,Alaska,AK,"Stein, Jill",Other,2342,338177
2024,Alaska,AK,"Terry, Randall A.",Other,812,338177
2024,Alaska,AK,"Trump, Donald J.",Republican,184458,338177
2024,Alaska,AK,"West, Cornel",Other,1127,338177
2024,Arizona,AZ,"Harris, Kamala D.",Democrat,1582860,3389319
2024,Arizona,AZ,"Oliver, Chase",Other,17898,3389319
2024,Arizona,AZ,"Stein, Jill",Other,18319,3389319
2024,Arizona,AZ,"Trump, Donald J.",Republican,1770242,3389319
2024,Arkansas,AR,"Harris, Kamala D.",Democrat,396905,1182676
2024,Arkansas,AR,"Kennedy, Robert F. Jr",Other,13255,1182676
2024,Arkansas,AR,"Oliver, Chase",Other,5715,1182676
2024,Arkansas,AR,"Sonski, Peter",Other,2141,1182676
2024,Arkansas,AR,"Stein, Jill",Other,4275,1182676
2024,Arkansas,AR,"Trump, Donald J.",Republican,759241,1182676
2024,Arkansas,AR,"Wood, Michael",Other,1144,1182676
2024,California,CA,"De La Cruz, Claudia",Other,72539,15865475
2024,California,CA,"Harris, Kamala D.",Democrat,9276179,15865475
2024,California,CA,"Kennedy, Robert F. Jr",Other,197645,15865475
2024,California,CA,"Oliver, Chase",Other,66662,15865475
2024,California,CA,"Peter
Sonski",Other,2939,15865475
2024,California,CA,"Stein, Jill",Other,167814,15865475
2024,California,CA,"Trump, Donald J.",Republican,6081697,15865475
2024,Colorado,CO,Bill Frankel And Steve Jenkins,Other,10,3192745
2024,Colorado,CO,Brian Anthony Perry And Mark Sbani,Other,2,3192745
2024,Colorado,CO,Chris Garrity And Cody Ballard,Other,30,3192745
2024,Colorado,CO,Claudia De La Cruz And Karina Garcia,Other,905,3192745
2024,Colorado,CO,"Harris, Kamala D.",Democrat,1728159,3192745
2024,Colorado,CO,"Huber, Blake",Other,2196,3192745
2024,Colorado,CO,"Kennedy, Robert F. Jr",Other,35623,3192745
2024,Colorado,CO,"Oliver, Chase",Other,21439,3192745
2024,Colorado,CO,Peter Sonski And Lauren Onak,Other,910,3192745
2024,Colorado,CO,Shiva Ayyadurai And Crystal Ellis,Other,15,3192745
2024,Colorado,CO,"Stein, Jill",Other,17344,3192745
2024,Colorado,CO,"Terry, Randall",Other,3522,3192745
2024,Colorado,CO,"Trump, Donald J.",Republican,1377441,3192745
2024,Colorado,CO,"West, Cornel",Other,5149,3192745
2024,Connecticut,CT,Ayyadurai Ellis Unknown Ellis,Other,21,1759010
2024,Connecticut,CT,De La Cruz Unknown Garcia,Other,264,1759010
2024,Connecticut,CT,Fox,Other,4,1759010
2024,Connecticut,CT,"Harris, Kamala D.",Democrat,992053,1759010
2024,Connecticut,CT,"Kennedy, Robert F. Jr",Other,8448,1759010
2024,Connecticut,CT,Mcneil,Other,0,1759010
2024,Connecticut,CT,"Oliver, Chase",Other,6729,1759010
2024,Connecticut,CT,Potus Kennedy Unknown Kennedy,Other,2,1759010
2024,Connecticut,CT,Sonski,Other,162,1759010
2024,Connecticut,CT,"Stein, Jill",Other,14281,1759010
2024,Connecticut,CT,"Trump, Donald J.",Republican,736918,1759010
2024,Connecticut,CT,West,Other,128,1759010
2024,Delaware,DE,Brent Peterson,Other,1,512913
2024,Delaware,DE,Cherunda Fox,Other,2,512913
2024,Delaware,DE,Claudia De La Cruz And Karina Garcia,Other,87,512913
2024,Delaware,DE,Cornel West And Melina Abdullah,Other,96,512913
2024,Delaware,DE,Doug Jenkins,Other,1,512913
2024,Delaware,DE,Dr. Shiva,Other,4,512913
2024,Delaware,DE,Edward Shlikas,Other,2,512913
2024,Delaware,DE,"Harris, Kamala D.",Democrat,289758,512913
2024,Delaware,DE,James Walker,Other,7,512913
2024,Delaware,DE,Jill Stein And Rudolph Ware,Other,914,512913
2024,Delaware,DE,John Cheng,Other,4,512913
2024,Delaware,DE,"Kennedy, Robert F. Jr",Other,4636,512913
2024,Delaware,DE,"Oliver, Chase",Other,2038,512913
2024,Delaware,DE,Peter Sonski And Lauren Onak,Other,98,512913
2024,Delaware,DE,"Supreme, Vermin",Other,914,512913
2024,Delaware,DE,"Trump, Donald J.",Republican,214351,512913
2024,District Of Columbia,DC,"Harris, Kamala D.",Democrat,294185,325869
2024,District Of Columbia,DC,"Kennedy, Robert F. Jr",Other,2778,325869
2024,District Of Columbia,DC,Overvotes,Other,460,325869
2024,District Of Columbia,DC,"Trump, Donald J.",Republican,21076,325869
2024,District Of Columbia,DC,Undervotes,Other,2075,325869
2024,District Of Columbia,DC,Write-In,Other,7830,325869
2024,Florida,FL,Ayyadurai,Other,199,10893752
2024,Florida,FL,"De La Cruz, Claudia",Other,11969,10893752
2024,Florida,FL,Fox,Other,6,10893752
2024,Florida,FL,"Harris, Kamala D.",Democrat,4683038,10893752
2024,Florida,FL,"Oliver, Chase",Other,31972,10893752
2024,Florida,FL,"Sonski, Peter",Other,7454,10893752
2024,Florida,FL,"Stein, Jill",Other,43155,10893752
2024,Florida,FL,"Terry, Randall",Other,5834,10893752
2024,Florida,FL,"Trump, Donald J.",Republican,6110125,10893752
2024,Georgia,GA,André Ramon Mcneil Sr,Other,9,5250905
2024,Georgia,GA,Brian Kienitz,Other,13,5250905
2024,Georgia,GA,Emily Mathews,Other,19,5250905
2024,Georgia,GA,"Harris, Kamala D.",Democrat,2548017,5250905
2024,Georgia,GA,Jay J Bowman,Other,30,5250905
2024,Georgia,GA,Nomusa Venita Smith,Other,3,5250905
2024,Georgia,GA,"Oliver, Chase",Other,20684,5250905
2024,Georgia,GA,Peter Sonski,Other,730,5250905
2024,Georgia,GA,President R Boddie,Other,14,5250905
2024,Georgia,GA,Shiva Ayyadurai,Other,37,5250905
2024,Georgia,GA,"Stein, Jill",Other,18229,5250905
2024,Georgia,GA,Susan Maude Buscher,Other,3,5250905
2024,Georgia,GA,"Trump, Donald J.",Republican,2663117,5250905
2024,Hawaii,HI,"De La Cruz, Claudia",Other,1940,522236
2024,Hawaii,HI,"Harris, Kamala D.",Democrat,313044,522236
2024,Hawaii,HI,"Oliver, Chase",Other,2733,522236
2024,Hawaii,HI,Overvotes,Other,525,522236
2024,Hawaii,HI,"Sonski, Peter",Other,936,522236
2024,Hawaii,HI,"Stein, Jill",Other,4387,522236
2024,Hawaii,HI,"Trump, Donald J.",Republican,193661,522236
2024,Hawaii,HI,Undervotes,Other,5010,522236
2024,Idaho,ID,"Ayyadurai, Shiva",Other,514,917466
2024,Idaho,ID,Brian Larry Kienitz,Other,3,917466
2024,Idaho,ID,"De La Cruz, Claudia",Other,1230,917466
2024,Idaho,ID,"Harris, Kamala D.",Democrat,274972,917466
2024,Idaho,ID,"Kennedy, Robert F. Jr",Other,12812,917466
2024,Idaho,ID,"Oliver, Chase",Other,4462,917466
2024,Idaho,ID,Overvotes,Other,1215,917466
2024,Idaho,ID,Peter Sonski,Other,242,917466
2024,Idaho,ID,"Skousen, Joel",Other,1577,917466
2024,Idaho,ID,"Stein, Jill",Other,2973,917466
2024,Idaho,ID,"Terry, Randall",Other,1026,917466
2024,Idaho,ID,"Trump, Donald J.",Republican,605246,917466
2024,Idaho,ID,Undervotes,Other,11194,917466
2024,Illinois,IL,Andre Ramon Mcneil Sr,Other,7,5633310
2024,Illinois,IL,Brian Larry Kienitz,Other,2,5633310
2024,Illinois,IL,Chase Oliver,Other,3510,5633310
2024,Illinois,IL,Cherunda Fox,Other,3,5633310
2024,Illinois,IL,Claudia De La Cruz,Other,2877,5633310
2024,Illinois,IL,Cornel West,Other,1569,5633310
2024,Illinois,IL,David J Nash,Other,4,5633310
2024,Illinois,IL,Future Madame Potus,Other,12,5633310
2024,Illinois,IL,Garry Hubbard,Other,3,5633310
2024,Illinois,IL,Gordan Hlavenka,Other,5,5633310
2024,Illinois,IL,"Harris, Kamala D.",Democrat,3062863,5633310
2024,Illinois,IL,Heather Lynn Stone,Other,30,5633310
2024,Illinois,IL,James T. Struck,Other,8,5633310
2024,Illinois,IL,Jerry White,Other,2,5633310
2024,Illinois,IL,Jill Stein,Other,31023,5633310
2024,Illinois,IL,John P Albers,Other,3,5633310
2024,Illinois,IL,Joseph Kishore,Other,12,5633310
2024,Illinois,IL,"Kennedy, Robert F. Jr",Other,80426,5633310
2024,Illinois,IL,Kevin Mckee,Other,4,5633310
2024,Illinois,IL,Latrina Peete,Other,0,5633310
2024,Illinois,IL,Melina Abdullah,Other,21,5633310
2024,Illinois,IL,Mike Ter Maat,Other,90,5633310
2024,Illinois,IL,Peter Sonski,Other,1391,5633310
2024,Illinois,IL,Richard Mayers,Other,1,5633310
2024,Illinois,IL,Rudolph Ware,Other,322,5633310
2024,Illinois,IL,Shiva Ayyadurai,Other,42,5633310
2024,Illinois,IL,Shondra Irving,Other,0,5633310
2024,Illinois,IL,Susan Maude Buchser,Other,1,5633310
2024,Illinois,IL,"Trump, Donald J.",Republican,2449079,5633310
2024,Indiana,IN,André Ramon Mcneil Sr.,Other,4,2936677
2024,Indiana,IN,Carol Asher,Other,4,2936677
2024,Indiana,IN,Cherunda Lynn Fox,Other,1,2936677
2024,Indiana,IN,Claudia De La Cruz & Karina Garcia,Other,832,2936677
2024,Indiana,IN,Cornel West & Melina Abdullah,Other,722,2936677
2024,Indiana,IN,Doug Jenkins,Other,5,2936677
2024,Indiana,IN,"Harris, Kamala D.",Democrat,1163603,2936677
2024,Indiana,IN,"Kennedy, Robert F. Jr",Other,29325,2936677
2024,Indiana,IN,Nala Baozun Scott Johnson Jr,Other,2,2936677
2024,Indiana,IN,"Oliver, Chase",Other,20425,2936677
2024,Indiana,IN,Paij Boring,Other,18,2936677
2024,Indiana,IN,Peter Sonski,Other,1347,2936677
2024,Indiana,IN,Shondra Irving,Other,2,2936677
2024,Indiana,IN,Susan Maude Buchser,Other,1,2936677
2024,Indiana,IN,Tom Hoefling & Andy Prior,Other,34,2936677
2024,Indiana,IN,"Trump, Donald J.",Republican,1720347,2936677
2024,Indiana,IN,William Cody Nalbach,Other,5,2936677
2024,Iowa,IA,"Ayyadurai, Shiva",Other,424,1663506
2024,Iowa,IA,"De La Cruz, Claudia",Other,1427,1663506
2024,Iowa,IA,"Harris, Kamala D.",Democrat,707278,1663506
2024,Iowa,IA,"Kennedy, Robert F. Jr",Other,13122,1663506
2024,Iowa,IA,"Oliver, Chase",Other,7218,1663506
2024,Iowa,IA,"Stodden, William P.",Other,361,1663506
2024,Iowa,IA,"Trump, Donald J.",Republican,927019,1663506
2024,Iowa,IA,Write-In,Other,6657,1663506
2024,Kansas,KS,"Harris, Kamala D.",Democrat,544853,1327591
2024,Kansas,KS,"Kennedy, Robert F. Jr",Other,16322,1327591
2024,Kansas,KS,"Oliver, Chase",Other,7614,1327591
2024,Kansas,KS,"Trump, Donald J.",Republican,758802,1327591
2024,Kentucky,KY,Andre Ramon Mcneil Sr. / Roschelle Mcneil,Other,0,2074530
2024,Kentucky,KY,"Ayyadurai, Shiva",Other,1015,2074530
2024,Kentucky,KY,Billy Kelley Jr. / Jason Holdeman,Other,4,2074530
2024,Kentucky,KY,Cherunda Fox / Harlan Mcvay Jr.,Other,1,2074530
2024,Kentucky,KY,Claudia De La Cruz / Karina Garcia,Other,391,2074530
2024,Kentucky,KY,Cornel West / Melina Abdullah,Other,177,2074530
2024,Kentucky,KY,Future Madam Potus / Jessica Kennedy,Other,0,2074530
2024,Kentucky,KY,"Harris, Kamala D.",Democrat,704043,2074530
2024,Kentucky,KY,James D. Soderna / Matthew J. Trewhella,Other,14,2074530
2024,Kentucky,KY,Jay J. Bowman / De Bowman,Other,10,2074530
2024,Kentucky,KY,John Cheng / Wayne Waligorski,Other,5,2074530
2024,Kentucky,KY,Joseph Kishore / Jerry White,Other,8,2074530
2024,Kentucky,KY,"Kennedy, Robert F. Jr",Other,16769,2074530
2024,Kentucky,KY,Lauren Onak / Peter Sonski,Other,611,2074530
2024,Kentucky,KY,"Oliver, Chase",Other,6422,2074530
2024,Kentucky,KY,"Stein, Jill",Other,7566,2074530
2024,Kentucky,KY,"Trump, Donald J.",Republican,1337494,2074530
2024,Louisiana,LA,"De La Cruz, Claudia",Other,1481,2006975
2024,Louisiana,LA,"Fruit, Rachele",Other,361,2006975
2024,Louisiana,LA,"Harris, Kamala D.",Democrat,766870,2006975
2024,Louisiana,LA,"Kennedy, Robert F. Jr",Other,6641,2006975
2024,Louisiana,LA,"Oliver, Chase",Other,6835,2006975
2024,Louisiana,LA,"Preston, Mattie",Other,2857,2006975
2024,Louisiana,LA,"Sonski, Peter",Other,2240,2006975
2024,Louisiana,LA,"Stein, Jill",Other,7138,2006975
2024,Louisiana,LA,"Terry, Randall",Other,1424,2006975
2024,Louisiana,LA,"Trump, Donald J.",Republican,1208505,2006975
2024,Louisiana,LA,"West, Cornel",Other,2623,2006975
2024,Maine,ME,"Harris, Kamala D.",Democrat,435652,842447
2024,Maine,ME,"Oliver, Chase",Other,5286,842447
2024,Maine,ME,"Stein, Jill",Other,8967,842447
2024,Maine,ME,"Trump, Donald J.",Republican,377977,842447
2024,Maine,ME,Undervotes,Other,11072,842447
2024,Maine,ME,"West, Cornel",Other,2912,842447
2024,Maine,ME,Write-In,Other,581,842447
2024,Maryland,MD,"Andrè Ramon Mcneil, Sr.",Other,2,3038334
2024,Maryland,MD,Benjamin L. Schwalb,Other,4,3038334
2024,Maryland,MD,Brian Larry Kienitz,Other,7,3038334
2024,Maryland,MD,Carol Asher,Other,2,3038334
2024,Maryland,MD,Cherunda Fox,Other,0,3038334
2024,Maryland,MD,Claudia De La Cruz And Karina Garcia,Other,1136,3038334
2024,Maryland,MD,Cornel West And Melina Abdullah,Other,918,3038334
2024,Maryland,MD,Douglas Jenkins,Other,9,3038334
2024,Maryland,MD,Future Madam Potus And Jessica Kennedy,Other,0,3038334
2024,Maryland,MD,Garry Hubbard And Elizabeth Seymour,Other,1,3038334
2024,Maryland,MD,"Harris, Kamala D.",Democrat,1902577,3038334
2024,Maryland,MD,John Cheng And Wayne Waligorski,Other,6,3038334
2024,Maryland,MD,"John R. Gibb, Jr.",Other,3,3038334
2024,Maryland,MD,"Jokie Beckett, Jr.",Other,1,3038334
2024,Maryland,MD,Joseph Kishore,Other,12,3038334
2024,Maryland,MD,"Kennedy, Robert F. Jr",Other,28819,3038334
2024,Maryland,MD,"Lester H. Waller, Jr.",Other,5,3038334
2024,Maryland,MD,Michael Yost,Other,6,3038334
2024,Maryland,MD,"Oliver, Chase",Other,15570,3038334
2024,Maryland,MD,Paij Boring And Jaimey Rutschman,Other,104,3038334
2024,Maryland,MD,Peter Sonski,Other,1012,3038334
2024,Maryland,MD,President R. Boddie,Other,3,3038334
2024,Maryland,MD,Ralph Jaffe,Other,25,3038334
2024,Maryland,MD,Richard Mayers,Other,1,3038334
2024,Maryland,MD,Sethatina Newman,Other,1,3038334
2024,Maryland,MD,Sharon E Harris,Other,2,3038334
2024,Maryland,MD,Shiva Ayyadurai And Crystal Ellis,Other,31,3038334
2024,Maryland,MD,Shondra Irving,Other,5,3038334
2024,Maryland,MD,"Stein, Jill",Other,33134,3038334
2024,Maryland,MD,Susan Maude Buchser,Other,2,3038334
2024,Maryland,MD,"Theo Brown, Sr.",Other,0,3038334
2024,Maryland,MD,"Trump, Donald J.",Republican,1035550,3038334
2024,Maryland,MD,William P. Stodden,Other,3,3038334
2024,Maryland,MD,Write-In,Other,19383,3038334
2024,Massachusetts,MA,"Ayyadurai, Shiva",Other,18418,3512930
2024,Massachusetts,MA,"De La Cruz, Claudia",Other,12889,3512930
2024,Massachusetts,MA,"Harris, Kamala D.",Democrat,2126518,3512930
2024,Massachusetts,MA,"Oliver, Chase",Other,17735,3512930
2024,Massachusetts,MA,Sonski Onak,Other,280,3512930
2024,Massachusetts,MA,"Stein, Jill",Other,26545,3512930
2024,Massachusetts,MA,"Trump, Donald J.",Republican,1251303,3512930
2024,Massachusetts,MA,Undervotes,Other,39262,3512930
2024,Massachusetts,MA,West Abdullah,Other,243,3512930
2024,Massachusetts,MA,Write-In,Other,19737,3512930
2024,Michigan,MI,Cherunda Lynn Fox,Other,8,5664186
2024,Michigan,MI,Claudia De La Cruz,Other,458,5664186
2024,Michigan,MI,"Harris, Kamala D.",Democrat,2736533,5664186
2024,Michigan,MI,Jay J Bowman,Other,4,5664186
2024,Michigan,MI,"Kennedy, Robert F. Jr",Other,26785,5664186
2024,Michigan,MI,"Kishore, Joseph",Other,2330,5664186
2024,Michigan,MI,"Oliver, Chase",Other,22440,5664186
2024,Michigan,MI,Peter Sonski,Other,1212,5664186
2024,Michigan,MI,"Stein, Jill",Other,44607,5664186
2024,Michigan,MI,"Terry, Randall",Other,6509,5664186
2024,Michigan,MI,"Trump, Donald J.",Republican,2816636,5664186
2024,Michigan,MI,"West, Cornel",Other,6664,5664186
2024,Minnesota,MN,"Ayyadurai, Shiva",Other,2885,3253920
2024,Minnesota,MN,"De La Cruz, Claudia",Other,2996,3253920
2024,Minnesota,MN,"Fruit, Rachele",Other,457,3253920
2024,Minnesota,MN,"Harris, Kamala D.",Democrat,1656979,3253920
2024,Minnesota,MN,"Kennedy, Robert F. Jr",Other,24001,3253920
2024,Minnesota,MN,"Oliver, Chase",Other,15155,3253920
2024,Minnesota,MN,"Stein, Jill",Other,16275,3253920
2024,Minnesota,MN,"Trump, Donald J.",Republican,1519032,3253920
2024,Minnesota,MN,"West, Cornel",Other,3136,3253920
2024,Minnesota,MN,Write-In,Other,13004,3253920
2024,Mississippi,MS,"Ayyadurai, Shiva",Other,688,1228008
2024,Mississippi,MS,"De La Cruz, Claudia",Other,1075,1228008
2024,Mississippi,MS,"Harris, Kamala D.",Democrat,466668,1228008
2024,Mississippi,MS,"Kennedy, Robert F. Jr",Other,5387,1228008
2024,Mississippi,MS,"Oliver, Chase",Other,2536,1228008
2024,Mississippi,MS,"Sonski, Peter",Other,1007,1228008
2024,Mississippi,MS,"Stein, Jill",Other,1873,1228008
2024,Mississippi,MS,"Terry, Randall",Other,1030,1228008
2024,Mississippi,MS,"Trump, Donald J.",Republican,747744,1228008
2024,Missouri,MO,Claudia De La Cruz Karina Garcia,Other,618,2995327
2024,Missouri,MO,Future Madam Potus Jessica Kennedy,Other,10,2995327
2024,Missouri,MO,"Harris, Kamala D.",Democrat,1200599,2995327
2024,Missouri,MO,"Oliver, Chase",Other,23876,2995327
2024,Missouri,MO,Peter Sonski Lauren Onak,Other,1069,2995327
2024,Missouri,MO,Shiva Ayyadurai Crystal Ellis,Other,34,2995327
2024,Missouri,MO,"Stein, Jill",Other,17135,2995327
2024,Missouri,MO,"Trump, Donald J.",Republican,1751986,2995327
2024,Montana,MT,"Harris, Kamala D.",Democrat,231906,602963
2024,Montana,MT,"Kennedy, Robert F. Jr",Other,11825,602963
2024,Montana,MT,"Oliver, Chase",Other,4275,602963
2024,Montana,MT,"Stein, Jill",Other,2878,602963
2024,Montana,MT,"Trump, Donald J.",Republican,352079,602963
2024,Nebraska,NE,"Harris, Kamala D.",Democrat,369995,952182
2024,Nebraska,NE,"Oliver, Chase",Other,6399,952182
2024,Nebraska,NE,"Stein, Jill",Other,2887,952182
2024,Nebraska,NE,"Trump, Donald J.",Republican,564816,952182
2024,Nebraska,NE,"West, Cornel",Other,3062,952182
2024,Nebraska,NE,Write-In,Other,5023,952182
2024,Nevada,NV,"Harris, Kamala D.",Democrat,705197,1484840
2024,Nevada,NV,None Of These Candidates,Other,19625,1484840
2024,Nevada,NV,"Oliver, Chase",Other,6059,1484840
2024,Nevada,NV,"Skousen, Joel",Other,2754,1484840
2024,Nevada,NV,"Trump, Donald J.",Republican,751205,1484840
2024,New Hampshire,NH,"Harris, Kamala D.",Democrat,418488,831033
2024,New Hampshire,NH,"Oliver, Chase",Other,4425,831033
2024,New Hampshire,NH,Overvotes,Other,362,831033
2024,New Hampshire,NH,"Stein, Jill",Other,3680,831033
2024,New Hampshire,NH,"Trump, Donald J.",Republican,395523,831033
2024,New Hampshire,NH,Undervotes,Other,4482,831033
2024,New Hampshire,NH,Write-In,Other,4073,831033
2024,New Jersey,NJ,"De La Cruz, Claudia",Other,5105,4272725
2024,New Jersey,NJ,"Fruit, Rachele",Other,1277,4272725
2024,New Jersey,NJ,"Harris, Kamala D.",Democrat,2220713,4272725
2024,New Jersey,NJ,"Kennedy, Robert F. Jr",Other,23479,4272725
2024,New Jersey,NJ,"Kishore, Joseph",Other,1371,4272725
2024,New Jersey,NJ,"Oliver, Chase",Other,10500,4272725
2024,New Jersey,NJ,"Stein, Jill",Other,39041,4272725
2024,New Jersey,NJ,"Terry, Randall",Other,3024,4272725
2024,New Jersey,NJ,"Trump, Donald J.",Republican,1968215,4272725
2024,New Mexico,NM,"De La Cruz, Claudia",Other,2442,923403
2024,New Mexico,NM,"Ebke, Laura",Other,859,923403
2024,New Mexico,NM,"Harris, Kamala D.",Democrat,478802,923403
2024,New Mexico,NM,"Kennedy, Robert F. Jr",Other,9553,923403
2024,New Mexico,NM,"Oliver, Chase",Other,3745,923403
2024,New Mexico,NM,"Stein, Jill",Other,4611,923403
2024,New Mexico,NM,"Trump, Donald J.",Republican,423391,923403
2024,New York,NY,Andre Ramon Mcneil Sr,Other,5,8381429
2024,New York,NY,Andrew O'donnell,Other,20,8381429
2024,New York,NY,Chase Oliver,Other,5338,8381429
2024,New York,NY,Chris Garrity,Other,108,8381429
2024,New York,NY,Claudia De La Cruz,Other,6327,8381429
2024,New York,NY,Cornel West,Other,4152,8381429
2024,New York,NY,Future Madam Potus,Other,18,8381429
2024,New York,NY,Garry Hubbard,Other,6,8381429
2024,New York,NY,"Harris, Kamala D.",Democrat,4619195,8381429
2024,New York,NY,Jill Stein,Other,46703,8381429
2024,New York,NY,Peter Sonski,Other,1544,8381429
2024,New York,NY,Raymond Anthony Scollin,Other,51,8381429
2024,New York,NY,Scattering,Other,100,8381429
2024,New York,NY,Shiva Ayyadurai,Other,134,8381429
2024,New York,NY,"Trump, Donald J.",Republican,3578899,8381429
2024,New York,NY,Undervotes,Other,71560,8381429
2024,New York,NY,Void,Other,46395,8381429
2024,North Carolina,NC,Claudia De La Cruz,Other,528,5699141
2024,North Carolina,NC,"Harris, Kamala D.",Democrat,2715375,5699141
2024,North Carolina,NC,"Oliver, Chase",Other,22125,5699141
2024,North Carolina,NC,Shiva Ayyadurai,Other,30,5699141
2024,North Carolina,NC,"Stein, Jill",Other,24762,5699141
2024,North Carolina,NC,"Terry, Randall",Other,6863,5699141
2024,North Carolina,NC,"Trump, Donald J.",Republican,2898423,5699141
2024,North Carolina,NC,"West, Cornel",Other,12099,5699141
2024,North Carolina,NC,Write-In,Other,18936,5699141
2024,North Dakota,ND,"Harris, Kamala D.",Democrat,112327,368155
2024,North Dakota,ND,"Oliver, Chase",Other,6227,368155
2024,North Dakota,ND,"Trump, Donald J.",Republican,246505,368155
2024,North Dakota,ND,Write-In,Other,3096,368155
2024,Ohio,OH,Brian Kienitz And Christina Johnston,Other,4,5767788
2024,Ohio,OH,Cherunda Fox And Harlan Mcvay,Other,0,5767788
2024,Ohio,OH,Chris Garrity And Cody Ballard,Other,13,5767788
2024,Ohio,OH,Claudia De La Cruz And Karina Garcia,Other,1794,5767788
2024,Ohio,OH,Cornel West And Melina Abdullah,Other,852,5767788
2024,Ohio,OH,"Duncan, Richard",Other,12805,5767788
2024,Ohio,OH,"Harris, Kamala D.",Democrat,2533699,5767788
2024,Ohio,OH,Jay Bowman And De D Bowman,Other,7,5767788
2024,Ohio,OH,John Cheng And Wayne Waligorski,Other,24,5767788
2024,Ohio,OH,"Oliver, Chase",Other,28200,5767788
2024,Ohio,OH,Shiva Ayyadurai And Crystal Ellis,Other,74,5767788
2024,Ohio,OH,"Sonski, Peter",Other,10197,5767788
2024,Ohio,OH,"Trump, Donald J.",Republican,3180116,5767788
2024,Ohio,OH,William Nalbach And Willis Butts,Other,3,5767788
2024,Oklahoma,OK,"Garrity, Chris",Other,5143,1566173
2024,Oklahoma,OK,"Harris, Kamala D.",Democrat,499599,1566173
2024,Oklahoma,OK,"Kennedy, Robert F. Jr",Other,16020,1566173
2024,Oklahoma,OK,"Oliver, Chase",Other,9198,1566173
2024,Oklahoma,OK,"Trump, Donald J.",Republican,1036213,1566173
2024,Oregon,OR,"Harris, Kamala D.",Democrat,1240600,2244493
2024,Oregon,OR,"Kennedy, Robert F. Jr",Other,33733,2244493
2024,Oregon,OR,"Oliver, Chase",Other,9061,2244493
2024,Oregon,OR,"Stein, Jill",Other,19099,2244493
2024,Oregon,OR,"Terry, Randall",Other,1850,2244493
2024,Oregon,OR,"Trump, Donald J.",Republican,919480,2244493
2024,Oregon,OR,"West, Cornel",Other,5644,2244493
2024,Oregon,OR,Write-In,Other,15026,2244493
2024,Pennsylvania,PA,"Harris, Kamala D.",Democrat,3423042,7034206
2024,Pennsylvania,PA,"Oliver, Chase",Other,33318,7034206
2024,Pennsylvania,PA,"Stein, Jill",Other,34538,7034206
2024,Pennsylvania,PA,"Trump, Donald J.",Republican,3543308,7034206
2024,Rhode Island,RI,"De La Cruz, Claudia",Other,1176,513086
2024,Rhode Island,RI,"Harris, Kamala D.",Democrat,285156,513086
2024,Rhode Island,RI,"Kennedy, Robert F. Jr",Other,5045,513086
2024,Rhode Island,RI,"Oliver, Chase",Other,1617,513086
2024,Rhode Island,RI,"Stein, Jill",Other,2900,513086
2024,Rhode Island,RI,"Trump, Donald J.",Republican,214406,513086
2024,Rhode Island,RI,"Wells, Robert",Other,59,513086
2024,Rhode Island,RI,Write-In,Other,2727,513086
2024,South Carolina,SC,"De La Cruz, Claudia",Other,3059,2548140
2024,South Carolina,SC,"Harris, Kamala D.",Democrat,1028452,2548140
2024,South Carolina,SC,"Oliver, Chase",Other,12669,2548140
2024,South Carolina,SC,"Stein, Jill",Other,8117,2548140
2024,South Carolina,SC,"Terry, Randall",Other,5352,2548140
2024,South Carolina,SC,"Trump, Donald J.",Republican,1483747,2548140
2024,South Carolina,SC,"West, Cornel",Other,6744,2548140
2024,South Dakota,SD,"Harris, Kamala D.",Democrat,146859,428922
2024,South Dakota,SD,"Kennedy, Robert F. Jr",Other,7204,428922
2024,South Dakota,SD,"Oliver, Chase",Other,2778,428922
2024,South Dakota,SD,"Trump, Donald J.",Republican,272081,428922
2024,Tennessee,TN,"Bowman, Jay J.",Other,5865,3063942
2024,Tennessee,TN,"De La Cruz, Claudia",Other,3457,3063942
2024,Tennessee,TN,"Fruit, Rachele",Other,988,3063942
2024,Tennessee,TN,"Harris, Kamala D.",Democrat,1056265,3063942
2024,Tennessee,TN,"Kennedy, Robert F. Jr",Other,21535,3063942
2024,Tennessee,TN,"Stein, Jill",Other,8967,3063942
2024,Tennessee,TN,"Trump, Donald J.",Republican,1966865,3063942
2024,Texas,TX,Cherunda Fox/Harlan Mcvay,Other,26,11388674
2024,Texas,TX,Claudia De La Cruz/Karina Garcia,Other,2374,11388674
2024,Texas,TX,Cornel West/Melina Abdullah,Other,1858,11388674
2024,Texas,TX,"Harris, Kamala D.",Democrat,4835250,11388674
2024,Texas,TX,Jessie Cuellar/Wesley Lasley,Other,98,11388674
2024,Texas,TX,"Oliver, Chase",Other,68557,11388674
2024,Texas,TX,Peter Sonski/Lauren Onak,Other,3780,11388674
2024,Texas,TX,Shiva Ayyadurai/Crystal Ellis,Other,433,11388674
2024,Texas,TX,"Stein, Jill",Other,82701,11388674
2024,Texas,TX,"Trump, Donald J.",Republican,6393597,11388674
2024,Utah,UT,Andre Ramon Mc Neil,Other,1,1488494
2024,Utah,UT,Buddie Arden Wilkerson,Other,0,1488494
2024,Utah,UT,"De La Cruz, Claudia",Other,3189,1488494
2024,Utah,UT,"Everylove, Lucifer ""Justin Case""",Other,2653,1488494
2024,Utah,UT,Future Madam Potus,Other,9,1488494
2024,Utah,UT,"Harris, Kamala D.",Democrat,562566,1488494
2024,Utah,UT,Jay J Bowman / De D. Bowman,Other,59,1488494
2024,Utah,UT,"Oliver, Chase",Other,16902,1488494
2024,Utah,UT,Peter Sonski / Lauren Michelle Onak,Other,441,1488494
2024,Utah,UT,Shondra Yevette Irving,Other,0,1488494
2024,Utah,UT,"Skousen, Joel",Other,8402,1488494
2024,Utah,UT,"Stein, Jill",Other,8222,1488494
2024,Utah,UT,Steve M. Johnson,Other,33,1488494
2024,Utah,UT,"Trump, Donald J.",Republican,883818,1488494
2024,Utah,UT,"West, Cornel",Other,2199,1488494
2024,Vermont,VT,"De La Cruz, Claudia",Other,1710,372885
2024,Vermont,VT,"Fruit, Rachele",Other,211,372885
2024,Vermont,VT,"Harris, Kamala D.",Democrat,235791,372885
2024,Vermont,VT,"Kennedy, Robert F. Jr",Other,5905,372885
2024,Vermont,VT,"Oliver, Chase",Other,1828,372885
2024,Vermont,VT,Spoiled,Other,268,372885
2024,Vermont,VT,"Trump, Donald J.",Republican,119395,372885
2024,Vermont,VT,Undervotes,Other,3195,372885
2024,Vermont,VT,"West, Cornel",Other,1549,372885
2024,Vermont,VT,Write-In,Other,3033,372885
2024,Virginia,VA,"De La Cruz, Claudia",Other,8408,4503288
2024,Virginia,VA,"Harris, Kamala D.",Democrat,2333778,4503288
2024,Virginia,VA,"Oliver, Chase",Other,19802,4503288
2024,Virginia,VA,"Stein, Jill",Other,34880,4503288
2024,Virginia,VA,"Trump, Donald J.",Republican,2074097,4503288
2024,Virginia,VA,"West, Cornel",Other,8975,4503288
2024,Virginia,VA,Write-In,Other,23348,4503288
2024,Washington,WA,"Ayyadurai, Shiva",Other,3323,3924243
2024,Washington,WA,"De La Cruz, Claudia",Other,8695,3924243
2024,Washington,WA,"Fruit, Rachele",Other,824,3924243
2024,Washington,WA,"Harris, Kamala D.",Democrat,2245849,3924243
2024,Washington,WA,"Kennedy, Robert F. Jr",Other,54868,3924243
2024,Washington,WA,"Kishore, Joseph",Other,917,3924243
2024,Washington,WA,"Oliver, Chase",Other,16428,3924243
2024,Washington,WA,"Stein, Jill",Other,29754,3924243
2024,Washington,WA,"Trump, Donald J.",Republican,1530923,3924243
2024,Washington,WA,"West, Cornel",Other,7254,3924243
2024,Washington,WA,Write-In,Other,25408,3924243
2024,West Virginia,WV,Andre' Ramon Mcneil Sr,Other,0,762584
2024,West Virginia,WV,Angela Dwyer,Other,3,762584
2024,West Virginia,WV,Brandon L. Mcintyre,Other,0,762584
2024,West Virginia,WV,Brian Kienitz,Other,0,762584
2024,West Virginia,WV,Carol Asher,Other,0,762584
2024,West Virginia,WV,Cherunda Lynn Fox,Other,0,762584
2024,West Virginia,WV,Chris Garrity,Other,0,762584
2024,West Virginia,WV,Christin Powers,Other,0,762584
2024,West Virginia,WV,Christine Chisholm,Other,0,762584
2024,West Virginia,WV,Christopher Stried,Other,0,762584
2024,West Virginia,WV,Claudia De La Cruz,Other,73,762584
2024,West Virginia,WV,Cornel West,Other,39,762584
2024,West Virginia,WV,Dennis Schuller,Other,0,762584
2024,West Virginia,WV,Doug Bell,Other,2,762584
2024,West Virginia,WV,Doug Jenkins,Other,1,762584
2024,West Virginia,WV,Dr. Shiva,Other,10,762584
2024,West Virginia,WV,Future Madam Potus,Other,1,762584
2024,West Virginia,WV,Garry Hubbard,Other,0,762584
2024,West Virginia,WV,"Harris, Kamala D.",Democrat,214309,762584
2024,West Virginia,WV,John Cheng,Other,0,762584
2024,West Virginia,WV,John R. Gibb Jr.,Other,0,762584
2024,West Virginia,WV,"Kennedy, Robert F. Jr",Other,8947,762584
2024,West Virginia,WV,Les Waller,Other,0,762584
2024,West Virginia,WV,Mama Wysinger,Other,0,762584
2024,West Virginia,WV,"Oliver, Chase",Other,3047,762584
2024,West Virginia,WV,Paij Boring,Other,0,762584
2024,West Virginia,WV,Paul Raymond Farrow Jr,Other,0,762584
2024,West Virginia,WV,Peter Sonski,Other,63,762584
2024,West Virginia,WV,President R Boddie,Other,0,762584
2024,West Virginia,WV,Richard Mayers,Other,0,762584
2024,West Virginia,WV,Rick Mattox,Other,2,762584
2024,West Virginia,WV,Roger D. Richard,Other,0,762584
2024,West Virginia,WV,Shondra Irving,Other,0,762584
2024,West Virginia,WV,"Stein, Jill",Other,2531,762584
2024,West Virginia,WV,"Trump, Donald J.",Republican,533556,762584
2024,West Virginia,WV,William Cody Nalbach,Other,0,762584
2024,Wisconsin,WI,"André Ramone Mcneil, Sr.",Other,0,3422918
2024,Wisconsin,WI,Brian Kienitz,Other,0,3422918
2024,Wisconsin,WI,Cherunda Lynn Fox,Other,0,3422918
2024,Wisconsin,WI,"De La Cruz, Claudia",Other,2035,3422918
2024,Wisconsin,WI,Doug Jenkins,Other,12,3422918
2024,Wisconsin,WI,Future Madam Potus,Other,1,3422918
2024,Wisconsin,WI,"Harris, Kamala D.",Democrat,1668229,3422918
2024,Wisconsin,WI,"Kennedy, Robert F. Jr",Other,17740,3422918
2024,Wisconsin,WI,"Oliver, Chase",Other,10511,3422918
2024,Wisconsin,WI,Peter Sonski / Lauren Onak,Other,561,3422918
2024,Wisconsin,WI,Scattering,Other,7131,3422918
2024,Wisconsin,WI,"Stein, Jill",Other,12275,3422918
2024,Wisconsin,WI,"Terry, Randall",Other,4044,3422918
2024,Wisconsin,WI,"Trump, Donald J.",Republican,1697626,3422918
2024,Wisconsin,WI,"West, Cornel",Other,2753,3422918
2024,Wyoming,WY,"Harris, Kamala D.",Democrat,69527,271123
2024,Wyoming,WY,"Oliver, Chase",Other,4193,271123
2024,Wyoming,WY,Overvotes,Other,76,271123
2024,Wyoming,WY,"Trump, Donald J.",Republican,192633,271123
2024,Wyoming,WY,Undervotes,Other,1999,271123
2024,Wyoming,WY,Write-In,Other,2695,271123
